solid OpenSCAD_Model
  facet normal 0.0288969 0.0154955 0.999462
    outer loop
      vertex 15 4.76447 3.25398
      vertex 18.1865 4.69355 3.16295
      vertex 15 4.76576 3.25396
    endloop
  endfacet
  facet normal 0.0287774 0.0100323 0.999535
    outer loop
      vertex 18.1865 4.69355 3.16295
      vertex 15 4.76447 3.25398
      vertex 18.1976 4.66171 3.16295
    endloop
  endfacet
  facet normal 0.0355294 0.315313 0.948323
    outer loop
      vertex 18.2945 4.2839 3.23105
      vertex 18.2344 4.29383 3.23
      vertex 15 4.38715 3.32015
    endloop
  endfacet
  facet normal 0.049739 0.973717 0.222264
    outer loop
      vertex 18.3333 3.39003 4.34935
      vertex 18.3333 3.45708 4.05561
      vertex 15 3.55786 4.36004
    endloop
  endfacet
  facet normal 0.0502858 0.998735 0
    outer loop
      vertex 18.3333 3.39003 4.52
      vertex 15 3.55786 4.36004
      vertex 15 3.55786 4.52
    endloop
  endfacet
  facet normal 0.0502858 0.998735 0
    outer loop
      vertex 15 3.55786 4.36004
      vertex 18.3333 3.39003 4.52
      vertex 18.3333 3.39003 4.34935
    endloop
  endfacet
  facet normal 0.033296 0.220639 0.974787
    outer loop
      vertex 18.2344 4.29383 3.23
      vertex 15 4.66003 3.25759
      vertex 15 4.39464 3.31766
    endloop
  endfacet
  facet normal 0.0332951 0.220631 0.974789
    outer loop
      vertex 15 4.66277 3.25697
      vertex 18.2344 4.29383 3.23
      vertex 18.2998 4.5802 3.16295
    endloop
  endfacet
  facet normal 0.0332889 0.220576 0.974802
    outer loop
      vertex 18.2344 4.29383 3.23
      vertex 15 4.66277 3.25697
      vertex 15 4.66003 3.25759
    endloop
  endfacet
  facet normal 0.0299458 0.0643534 0.997478
    outer loop
      vertex 15 4.6724 3.25613
      vertex 18.2394 4.60929 3.16295
      vertex 15 4.67271 3.25611
    endloop
  endfacet
  facet normal 0.0296404 0.0472528 0.998443
    outer loop
      vertex 18.2394 4.60929 3.16295
      vertex 15 4.6724 3.25613
      vertex 18.268 4.59135 3.16295
    endloop
  endfacet
  facet normal 0.0420771 0.622932 0.781144
    outer loop
      vertex 18.3333 3.77566 3.54858
      vertex 18.3333 4.01122 3.36073
      vertex 15 3.91612 3.61612
    endloop
  endfacet
  facet normal 0.00875962 -0.900932 0.433872
    outer loop
      vertex 18.3333 5.86635 3.78415
      vertex 18.3333 5.99708 4.05561
      vertex 15 5.85841 3.83496
    endloop
  endfacet
  facet normal 0.00714217 -0.974906 0.222502
    outer loop
      vertex 18.3333 5.99708 4.05561
      vertex 18.3333 6.06412 4.34935
      vertex 15 6.04214 4.36004
    endloop
  endfacet
  facet normal 0.0355285 0.315268 0.948337
    outer loop
      vertex 18.2344 4.29383 3.23
      vertex 15 4.39464 3.31766
      vertex 15 4.38715 3.32015
    endloop
  endfacet
  facet normal 0.0455308 0.781002 0.622867
    outer loop
      vertex 18.3333 3.77566 3.54858
      vertex 15 3.91612 3.61612
      vertex 15 3.74159 3.83496
    endloop
  endfacet
  facet normal 0.0113655 -0.781782 0.623448
    outer loop
      vertex 18.3333 5.67849 3.54858
      vertex 18.3333 5.86635 3.78415
      vertex 15 5.85841 3.83496
    endloop
  endfacet
  facet normal 0.0189771 -0.433811 0.900804
    outer loop
      vertex 18.3333 5.44293 3.36073
      vertex 15 5.46504 3.4416
      vertex 15 5.21285 3.32015
    endloop
  endfacet
  facet normal 0.00659392 -0.999978 0
    outer loop
      vertex 15 6.04214 4.36004
      vertex 18.3333 6.06412 4.52
      vertex 15 6.04214 4.52
    endloop
  endfacet
  facet normal 0.00659392 -0.999978 0
    outer loop
      vertex 18.3333 6.06412 4.52
      vertex 15 6.04214 4.36004
      vertex 18.3333 6.06412 4.34935
    endloop
  endfacet
  facet normal 0.0481267 0.899936 0.433357
    outer loop
      vertex 18.3333 3.45708 4.05561
      vertex 15 3.74159 3.83496
      vertex 15 3.62015 4.08715
    endloop
  endfacet
  facet normal 0.0284855 -0.00300779 0.99959
    outer loop
      vertex 18.1865 4.7606 3.16295
      vertex 15 4.82825 3.25396
      vertex 15 4.79834 3.25387
    endloop
  endfacet
  facet normal 0.0238715 -0.211559 0.977074
    outer loop
      vertex 18.2998 4.87395 3.16295
      vertex 18.3333 4.87773 3.16295
      vertex 15 4.93995 3.25786
    endloop
  endfacet
  facet normal 0.0305369 0.0864982 0.995784
    outer loop
      vertex 18.2998 4.5802 3.16295
      vertex 15 4.67221 3.25615
      vertex 15 4.66277 3.25697
    endloop
  endfacet
  facet normal 0.00714491 -0.974899 0.222531
    outer loop
      vertex 18.3333 5.99708 4.05561
      vertex 15 6.04214 4.36004
      vertex 15 5.97985 4.08715
    endloop
  endfacet
  facet normal 0.0148319 -0.623415 0.78175
    outer loop
      vertex 18.3333 5.44293 3.36073
      vertex 18.3333 5.67849 3.54858
      vertex 15 5.68388 3.61612
    endloop
  endfacet
  facet normal 0.0379382 0.433576 0.900318
    outer loop
      vertex 18.3333 4.01122 3.36073
      vertex 15 4.38715 3.32015
      vertex 15 4.13496 3.4416
    endloop
  endfacet
  facet normal 0.0497388 0.973718 0.222261
    outer loop
      vertex 18.3333 3.45708 4.05561
      vertex 15 3.62015 4.08715
      vertex 15 3.55786 4.36004
    endloop
  endfacet
  facet normal 0.0481265 0.899936 0.433359
    outer loop
      vertex 18.3333 3.45708 4.05561
      vertex 18.3333 3.5878 3.78415
      vertex 15 3.74159 3.83496
    endloop
  endfacet
  facet normal 0.0455284 0.781022 0.622842
    outer loop
      vertex 18.3333 3.5878 3.78415
      vertex 18.3333 3.77566 3.54858
      vertex 15 3.74159 3.83496
    endloop
  endfacet
  facet normal 0.0289788 0.0188566 0.999402
    outer loop
      vertex 15 4.73527 3.25428
      vertex 18.1976 4.66171 3.16295
      vertex 15 4.73633 3.25426
    endloop
  endfacet
  facet normal 0.028963 0.0181525 0.999416
    outer loop
      vertex 18.1976 4.66171 3.16295
      vertex 15 4.73527 3.25428
      vertex 18.2155 4.63315 3.16295
    endloop
  endfacet
  facet normal 0.0296331 0.0469415 0.998458
    outer loop
      vertex 18.2394 4.60929 3.16295
      vertex 15 4.68845 3.25537
      vertex 15 4.67271 3.25611
    endloop
  endfacet
  facet normal 0.0309377 0.104635 0.994029
    outer loop
      vertex 15 4.67221 3.25615
      vertex 18.268 4.59135 3.16295
      vertex 15 4.6724 3.25613
    endloop
  endfacet
  facet normal 0.0305532 0.0871382 0.995728
    outer loop
      vertex 18.268 4.59135 3.16295
      vertex 15 4.67221 3.25615
      vertex 18.2998 4.5802 3.16295
    endloop
  endfacet
  facet normal 0.0286178 0.00302294 0.999586
    outer loop
      vertex 18.1865 4.69355 3.16295
      vertex 15 4.79552 3.25387
      vertex 15 4.76576 3.25396
    endloop
  endfacet
  facet normal 0.0281774 -0.0176602 0.999447
    outer loop
      vertex 15 4.85923 3.25428
      vertex 18.1976 4.79244 3.16295
      vertex 18.2155 4.821 3.16295
    endloop
  endfacet
  facet normal 0.0281664 -0.0181716 0.999438
    outer loop
      vertex 18.1976 4.79244 3.16295
      vertex 15 4.85923 3.25428
      vertex 15 4.85813 3.25426
    endloop
  endfacet
  facet normal 0.0087621 -0.900946 0.433843
    outer loop
      vertex 18.3333 5.99708 4.05561
      vertex 15 5.97985 4.08715
      vertex 15 5.85841 3.83496
    endloop
  endfacet
  facet normal 0.0380212 0.43429 0.89997
    outer loop
      vertex 18.2722 4.0297 3.3544
      vertex 15 4.38715 3.32015
      vertex 18.2715 4.02141 3.35843
    endloop
  endfacet
  facet normal 0.0379371 0.433554 0.900328
    outer loop
      vertex 15 4.38715 3.32015
      vertex 18.2722 4.0297 3.3544
      vertex 18.2945 4.2839 3.23105
    endloop
  endfacet
  facet normal 0.0378537 0.432864 0.900664
    outer loop
      vertex 18.3333 4.01122 3.36073
      vertex 18.2715 4.02141 3.35843
      vertex 15 4.38715 3.32015
    endloop
  endfacet
  facet normal 0.0189771 -0.43381 0.900804
    outer loop
      vertex 18.3333 5.17147 3.23
      vertex 18.3333 5.44293 3.36073
      vertex 15 5.21285 3.32015
    endloop
  endfacet
  facet normal 0.023845 -0.212568 0.976855
    outer loop
      vertex 18.2998 4.87395 3.16295
      vertex 15 4.93995 3.25786
      vertex 15 4.93586 3.25697
    endloop
  endfacet
  facet normal 0.0269562 -0.0769485 0.996671
    outer loop
      vertex 15 4.92515 3.25615
      vertex 18.268 4.86281 3.16295
      vertex 18.2998 4.87395 3.16295
    endloop
  endfacet
  facet normal 0.0265726 -0.0947756 0.995144
    outer loop
      vertex 18.268 4.86281 3.16295
      vertex 15 4.92515 3.25615
      vertex 15 4.92494 3.25613
    endloop
  endfacet
  facet normal 0.0284829 -0.00322897 0.999589
    outer loop
      vertex 15 4.79834 3.25387
      vertex 18.1827 4.72708 3.16295
      vertex 18.1865 4.7606 3.16295
    endloop
  endfacet
  facet normal 0.028396 -0.00708916 0.999572
    outer loop
      vertex 18.1827 4.72708 3.16295
      vertex 15 4.79834 3.25387
      vertex 15 4.79693 3.25386
    endloop
  endfacet
  facet normal 0.0292776 0.0327552 0.999034
    outer loop
      vertex 15 4.68845 3.25537
      vertex 18.2155 4.63315 3.16295
      vertex 15 4.68906 3.25535
    endloop
  endfacet
  facet normal 0.0292208 0.0292698 0.999144
    outer loop
      vertex 18.2155 4.63315 3.16295
      vertex 15 4.68845 3.25537
      vertex 18.2394 4.60929 3.16295
    endloop
  endfacet
  facet normal 0.027964 -0.0280109 0.999216
    outer loop
      vertex 15 4.90773 3.25537
      vertex 18.2155 4.821 3.16295
      vertex 18.2394 4.84486 3.16295
    endloop
  endfacet
  facet normal 0.02797 -0.0277929 0.999222
    outer loop
      vertex 18.2155 4.821 3.16295
      vertex 15 4.90773 3.25537
      vertex 15 4.88508 3.25474
    endloop
  endfacet
  facet normal 0.0148309 -0.623423 0.781744
    outer loop
      vertex 18.3333 5.44293 3.36073
      vertex 15 5.68388 3.61612
      vertex 15 5.46504 3.4416
    endloop
  endfacet
  facet normal 0.0420764 0.62294 0.781137
    outer loop
      vertex 18.3333 4.01122 3.36073
      vertex 15 4.13496 3.4416
      vertex 15 3.91612 3.61612
    endloop
  endfacet
  facet normal 0.0281758 -0.0177851 0.999445
    outer loop
      vertex 18.2155 4.821 3.16295
      vertex 15 4.88508 3.25474
      vertex 15 4.85923 3.25428
    endloop
  endfacet
  facet normal 0.0287069 0.0070891 0.999563
    outer loop
      vertex 15 4.79552 3.25387
      vertex 18.1827 4.72708 3.16295
      vertex 15 4.79693 3.25386
    endloop
  endfacet
  facet normal 0.0286248 0.00324409 0.999585
    outer loop
      vertex 18.1827 4.72708 3.16295
      vertex 15 4.79552 3.25387
      vertex 18.1865 4.69355 3.16295
    endloop
  endfacet
  facet normal 0.0287746 0.00994564 0.999536
    outer loop
      vertex 18.1976 4.66171 3.16295
      vertex 15 4.76447 3.25398
      vertex 15 4.73633 3.25426
    endloop
  endfacet
  facet normal 0.0235988 -0.222477 0.974652
    outer loop
      vertex 18.3333 4.87773 3.16295
      vertex 18.3333 5.17147 3.23
      vertex 15 4.93995 3.25786
    endloop
  endfacet
  facet normal 0.0113688 -0.781762 0.623473
    outer loop
      vertex 18.3333 5.67849 3.54858
      vertex 15 5.85841 3.83496
      vertex 15 5.68388 3.61612
    endloop
  endfacet
  facet normal 0.0235981 -0.222467 0.974655
    outer loop
      vertex 18.3333 5.17147 3.23
      vertex 15 5.21285 3.32015
      vertex 15 4.93995 3.25786
    endloop
  endfacet
  facet normal 0.02834 -0.00987982 0.99955
    outer loop
      vertex 15 4.85813 3.25426
      vertex 18.1865 4.7606 3.16295
      vertex 18.1976 4.79244 3.16295
    endloop
  endfacet
  facet normal 0.028392 -0.00819314 0.999563
    outer loop
      vertex 18.1865 4.7606 3.16295
      vertex 15 4.85813 3.25426
      vertex 15 4.85691 3.25425
    endloop
  endfacet
  facet normal 0.0283335 -0.0101141 0.999547
    outer loop
      vertex 18.1865 4.7606 3.16295
      vertex 15 4.85691 3.25425
      vertex 15 4.82825 3.25396
    endloop
  endfacet
  facet normal 0.0269674 -0.0763128 0.996719
    outer loop
      vertex 18.2998 4.87395 3.16295
      vertex 15 4.93586 3.25697
      vertex 15 4.92515 3.25615
    endloop
  endfacet
  facet normal 0.0276415 -0.043806 0.998658
    outer loop
      vertex 18.2394 4.84486 3.16295
      vertex 15 4.9246 3.25611
      vertex 15 4.90773 3.25537
    endloop
  endfacet
  facet normal 0.0289669 0.0182795 0.999413
    outer loop
      vertex 18.2155 4.63315 3.16295
      vertex 15 4.73527 3.25428
      vertex 15 4.71012 3.25474
    endloop
  endfacet
  facet normal 0.0292147 0.0289404 0.999154
    outer loop
      vertex 18.2155 4.63315 3.16295
      vertex 15 4.71012 3.25474
      vertex 15 4.68906 3.25535
    endloop
  endfacet
  facet normal 0.0276371 -0.0440346 0.998648
    outer loop
      vertex 15 4.92494 3.25613
      vertex 18.2394 4.84486 3.16295
      vertex 18.268 4.86281 3.16295
    endloop
  endfacet
  facet normal 0.0272532 -0.0587002 0.997904
    outer loop
      vertex 18.2394 4.84486 3.16295
      vertex 15 4.92494 3.25613
      vertex 15 4.9246 3.25611
    endloop
  endfacet
  facet normal 0.0653431 0.579859 0.812092
    outer loop
      vertex 21.5106 3.75785 3.28599
      vertex 21.4964 3.76459 3.28232
      vertex 18.3333 4.01122 3.36073
    endloop
  endfacet
  facet normal 0.0679529 0.622045 0.780027
    outer loop
      vertex 21.4624 3.52535 3.4756
      vertex 21.5106 3.75785 3.28599
      vertex 18.3333 4.01122 3.36073
    endloop
  endfacet
  facet normal -0.0309092 -0.900536 0.433681
    outer loop
      vertex 21.6667 5.72821 3.73488
      vertex 18.3333 5.99708 4.05561
      vertex 18.3333 5.86635 3.78415
    endloop
  endfacet
  facet normal 0.0858881 0.898575 0.430333
    outer loop
      vertex 21.4956 3.17001 4.02389
      vertex 18.3333 3.45708 4.05561
      vertex 21.5129 3.16714 4.02643
    endloop
  endfacet
  facet normal 0.0858042 0.897372 0.432852
    outer loop
      vertex 21.4964 3.17577 4.01179
      vertex 18.3333 3.45708 4.05561
      vertex 21.4956 3.17001 4.02389
    endloop
  endfacet
  facet normal 0.0858207 0.897647 0.432279
    outer loop
      vertex 18.3333 3.45708 4.05561
      vertex 21.4964 3.17577 4.01179
      vertex 21.5123 3.30045 3.74973
    endloop
  endfacet
  facet normal 0.0858194 0.897656 0.432261
    outer loop
      vertex 21.5123 3.30045 3.74973
      vertex 18.3333 3.5878 3.78415
      vertex 18.3333 3.45708 4.05561
    endloop
  endfacet
  facet normal 0.0858211 0.897681 0.432208
    outer loop
      vertex 18.3333 3.5878 3.78415
      vertex 21.5123 3.30045 3.74973
      vertex 21.513 3.30644 3.73715
    endloop
  endfacet
  facet normal 0.0653228 0.579521 0.812335
    outer loop
      vertex 18.3333 4.01122 3.36073
      vertex 21.4964 3.76459 3.28232
      vertex 18.2715 4.02141 3.35843
    endloop
  endfacet
  facet normal 0.0556467 0.431978 0.900166
    outer loop
      vertex 21.561 4.04745 3.14259
      vertex 18.2344 4.29383 3.23
      vertex 18.2945 4.2839 3.23105
    endloop
  endfacet
  facet normal 0.055644 0.431933 0.900188
    outer loop
      vertex 21.561 4.04745 3.14259
      vertex 18.2945 4.2839 3.23105
      vertex 18.2722 4.0297 3.3544
    endloop
  endfacet
  facet normal -0.0128972 -0.623432 0.781771
    outer loop
      vertex 21.6667 5.52742 3.4831
      vertex 18.3333 5.67849 3.54858
      vertex 18.3333 5.44293 3.36073
    endloop
  endfacet
  facet normal 0.0781571 0.779441 0.621581
    outer loop
      vertex 21.5104 3.49804 3.49722
      vertex 18.3333 3.77566 3.54858
      vertex 18.3333 3.5878 3.78415
    endloop
  endfacet
  facet normal 0.0781517 0.77936 0.621683
    outer loop
      vertex 18.3333 3.77566 3.54858
      vertex 21.5104 3.49804 3.49722
      vertex 21.5117 3.50674 3.48615
    endloop
  endfacet
  facet normal 0.0921777 0.995743 0
    outer loop
      vertex 21.5104 3.09592 4.52
      vertex 18.3333 3.39003 4.34935
      vertex 18.3333 3.39003 4.52
    endloop
  endfacet
  facet normal 0.0921777 0.995743 0
    outer loop
      vertex 18.3333 3.39003 4.34935
      vertex 21.5104 3.09592 4.52
      vertex 21.5104 3.09592 4.33947
    endloop
  endfacet
  facet normal 0.0781294 0.779037 0.622091
    outer loop
      vertex 21.4817 3.31235 3.73368
      vertex 18.3333 3.5878 3.78415
      vertex 21.513 3.30644 3.73715
    endloop
  endfacet
  facet normal 0.0781802 0.779793 0.621137
    outer loop
      vertex 21.4825 3.31775 3.7268
      vertex 18.3333 3.5878 3.78415
      vertex 21.4817 3.31235 3.73368
    endloop
  endfacet
  facet normal 0.0781577 0.779434 0.62159
    outer loop
      vertex 18.3333 3.5878 3.78415
      vertex 21.4825 3.31775 3.7268
      vertex 21.5104 3.49804 3.49722
    endloop
  endfacet
  facet normal 0.0905711 0.970922 0.2216
    outer loop
      vertex 21.5126 3.16437 4.03867
      vertex 18.3333 3.45708 4.05561
      vertex 21.5052 3.09965 4.32526
    endloop
  endfacet
  facet normal 0.0905659 0.970848 0.22193
    outer loop
      vertex 18.3333 3.45708 4.05561
      vertex 21.5126 3.16437 4.03867
      vertex 21.5129 3.16714 4.02643
    endloop
  endfacet
  facet normal -0.0231786 -0.781618 0.623326
    outer loop
      vertex 21.6667 5.52742 3.4831
      vertex 21.6667 5.72821 3.73488
      vertex 18.3333 5.67849 3.54858
    endloop
  endfacet
  facet normal 0.0341025 0.0973538 0.994665
    outer loop
      vertex 21.6308 4.35354 3.07093
      vertex 21.5968 4.36545 3.07093
      vertex 18.2998 4.5802 3.16295
    endloop
  endfacet
  facet normal -0.0128969 -0.623438 0.781766
    outer loop
      vertex 21.6667 5.27565 3.28232
      vertex 21.6667 5.52742 3.4831
      vertex 18.3333 5.44293 3.36073
    endloop
  endfacet
  facet normal 0.0274772 -0.00314419 0.999617
    outer loop
      vertex 21.5056 4.51052 3.07093
      vertex 21.5097 4.54635 3.07093
      vertex 18.1827 4.72708 3.16295
    endloop
  endfacet
  facet normal 0.0175924 -0.156328 0.987548
    outer loop
      vertex 21.6308 4.6675 3.07093
      vertex 21.6667 4.67154 3.07093
      vertex 18.2998 4.87395 3.16295
    endloop
  endfacet
  facet normal -0.0357082 -0.974309 0.222366
    outer loop
      vertex 21.6667 5.86793 4.02502
      vertex 18.3333 6.06412 4.34935
      vertex 18.3333 5.99708 4.05561
    endloop
  endfacet
  facet normal -0.0357065 -0.974306 0.222381
    outer loop
      vertex 21.6667 5.86793 4.02502
      vertex 21.6667 5.93959 4.33898
      vertex 18.3333 6.06412 4.34935
    endloop
  endfacet
  facet normal 0.0905671 0.970895 0.221721
    outer loop
      vertex 21.5049 3.09665 4.33852
      vertex 18.3333 3.39003 4.34935
      vertex 21.5104 3.09592 4.33947
    endloop
  endfacet
  facet normal 0.0905673 0.970898 0.221709
    outer loop
      vertex 21.5052 3.09965 4.32526
      vertex 18.3333 3.39003 4.34935
      vertex 21.5049 3.09665 4.33852
    endloop
  endfacet
  facet normal 0.0905684 0.970917 0.221625
    outer loop
      vertex 18.3333 3.39003 4.34935
      vertex 21.5052 3.09965 4.32526
      vertex 18.3333 3.45708 4.05561
    endloop
  endfacet
  facet normal -0.0231782 -0.781623 0.623321
    outer loop
      vertex 21.6667 5.72821 3.73488
      vertex 18.3333 5.86635 3.78415
      vertex 18.3333 5.67849 3.54858
    endloop
  endfacet
  facet normal 0.0131478 -0.222504 0.974843
    outer loop
      vertex 21.6667 4.67154 3.07093
      vertex 21.6667 4.9855 3.14259
      vertex 18.3333 4.87773 3.16295
    endloop
  endfacet
  facet normal -0.0309112 -0.900543 0.433666
    outer loop
      vertex 21.6667 5.72821 3.73488
      vertex 21.6667 5.86793 4.02502
      vertex 18.3333 5.99708 4.05561
    endloop
  endfacet
  facet normal 0.0418135 0.218702 0.974895
    outer loop
      vertex 21.561 4.04745 3.14259
      vertex 21.6308 4.35354 3.07093
      vertex 18.2998 4.5802 3.16295
    endloop
  endfacet
  facet normal -0.000580694 -0.433887 0.900967
    outer loop
      vertex 21.6667 4.9855 3.14259
      vertex 21.6667 5.27565 3.28232
      vertex 18.3333 5.44293 3.36073
    endloop
  endfacet
  facet normal 0.0131483 -0.22252 0.974839
    outer loop
      vertex 21.6667 4.9855 3.14259
      vertex 18.3333 5.17147 3.23
      vertex 18.3333 4.87773 3.16295
    endloop
  endfacet
  facet normal 0.0296368 0.0296484 0.999121
    outer loop
      vertex 21.5663 4.38464 3.07093
      vertex 21.5408 4.41013 3.07093
      vertex 18.2155 4.63315 3.16295
    endloop
  endfacet
  facet normal 0.0176095 -0.156063 0.98759
    outer loop
      vertex 21.6667 4.67154 3.07093
      vertex 18.3333 4.87773 3.16295
      vertex 18.2998 4.87395 3.16295
    endloop
  endfacet
  facet normal 0.0288745 0.0181588 0.999418
    outer loop
      vertex 21.5408 4.41013 3.07093
      vertex 21.5216 4.44066 3.07093
      vertex 18.2155 4.63315 3.16295
    endloop
  endfacet
  facet normal 0.0556427 0.431968 0.900171
    outer loop
      vertex 18.2722 4.0297 3.3544
      vertex 21.4964 3.76459 3.28232
      vertex 21.561 4.04745 3.14259
    endloop
  endfacet
  facet normal 0.0556963 0.432718 0.899807
    outer loop
      vertex 21.4964 3.76459 3.28232
      vertex 18.2722 4.0297 3.3544
      vertex 18.2715 4.02141 3.35843
    endloop
  endfacet
  facet normal -0.0373322 -0.999303 0
    outer loop
      vertex 18.3333 6.06412 4.34935
      vertex 21.6667 5.93959 4.52
      vertex 18.3333 6.06412 4.52
    endloop
  endfacet
  facet normal -0.0373322 -0.999303 -0
    outer loop
      vertex 21.6667 5.93959 4.52
      vertex 18.3333 6.06412 4.34935
      vertex 21.6667 5.93959 4.33898
    endloop
  endfacet
  facet normal 0.0296398 0.0296895 0.99912
    outer loop
      vertex 18.2394 4.60929 3.16295
      vertex 21.5663 4.38464 3.07093
      vertex 18.2155 4.63315 3.16295
    endloop
  endfacet
  facet normal 0.0340954 0.0972408 0.994677
    outer loop
      vertex 18.2998 4.5802 3.16295
      vertex 21.5968 4.36545 3.07093
      vertex 18.268 4.59135 3.16295
    endloop
  endfacet
  facet normal 0.0278874 0.00316052 0.999606
    outer loop
      vertex 18.1865 4.69355 3.16295
      vertex 21.5097 4.47469 3.07093
      vertex 18.1827 4.72708 3.16295
    endloop
  endfacet
  facet normal 0.0274788 -0.00311513 0.999618
    outer loop
      vertex 21.5097 4.54635 3.07093
      vertex 18.1865 4.7606 3.16295
      vertex 18.1827 4.72708 3.16295
    endloop
  endfacet
  facet normal 0.0234104 -0.0668867 0.997486
    outer loop
      vertex 21.5968 4.6556 3.07093
      vertex 21.6308 4.6675 3.07093
      vertex 18.2998 4.87395 3.16295
    endloop
  endfacet
  facet normal 0.0260103 -0.0260205 0.999323
    outer loop
      vertex 18.2394 4.84486 3.16295
      vertex 21.5408 4.61092 3.07093
      vertex 21.5663 4.63641 3.07093
    endloop
  endfacet
  facet normal 0.0260081 -0.0260517 0.999322
    outer loop
      vertex 21.5408 4.61092 3.07093
      vertex 18.2394 4.84486 3.16295
      vertex 18.2155 4.821 3.16295
    endloop
  endfacet
  facet normal 0.0278898 0.0031914 0.999606
    outer loop
      vertex 21.5097 4.47469 3.07093
      vertex 21.5056 4.51052 3.07093
      vertex 18.1827 4.72708 3.16295
    endloop
  endfacet
  facet normal 0.0266061 -0.0166754 0.999507
    outer loop
      vertex 21.5216 4.58039 3.07093
      vertex 18.2155 4.821 3.16295
      vertex 18.1976 4.79244 3.16295
    endloop
  endfacet
  facet normal 0.0418148 0.21871 0.974894
    outer loop
      vertex 21.561 4.04745 3.14259
      vertex 18.2998 4.5802 3.16295
      vertex 18.2344 4.29383 3.23
    endloop
  endfacet
  facet normal 0.0679525 0.622043 0.780029
    outer loop
      vertex 18.3333 3.77566 3.54858
      vertex 21.4624 3.52535 3.4756
      vertex 18.3333 4.01122 3.36073
    endloop
  endfacet
  facet normal 0.067935 0.621758 0.780258
    outer loop
      vertex 21.4624 3.52535 3.4756
      vertex 18.3333 3.77566 3.54858
      vertex 21.4605 3.51661 3.48273
    endloop
  endfacet
  facet normal 0.0680063 0.62284 0.779388
    outer loop
      vertex 21.4605 3.51661 3.48273
      vertex 18.3333 3.77566 3.54858
      vertex 21.5117 3.50674 3.48615
    endloop
  endfacet
  facet normal 0.0283299 0.00990671 0.99955
    outer loop
      vertex 21.5216 4.44066 3.07093
      vertex 21.5097 4.47469 3.07093
      vertex 18.1976 4.66171 3.16295
    endloop
  endfacet
  facet normal 0.0288708 0.0180948 0.999419
    outer loop
      vertex 18.2155 4.63315 3.16295
      vertex 21.5216 4.44066 3.07093
      vertex 18.1976 4.66171 3.16295
    endloop
  endfacet
  facet normal 0.0251264 -0.0399351 0.998886
    outer loop
      vertex 21.5663 4.63641 3.07093
      vertex 21.5968 4.6556 3.07093
      vertex 18.2394 4.84486 3.16295
    endloop
  endfacet
  facet normal 0.0270704 -0.00943722 0.999589
    outer loop
      vertex 21.5097 4.54635 3.07093
      vertex 18.1976 4.79244 3.16295
      vertex 18.1865 4.7606 3.16295
    endloop
  endfacet
  facet normal 0.0270685 -0.00946283 0.999589
    outer loop
      vertex 21.5097 4.54635 3.07093
      vertex 21.5216 4.58039 3.07093
      vertex 18.1976 4.79244 3.16295
    endloop
  endfacet
  facet normal -0.000581013 -0.433888 0.900966
    outer loop
      vertex 21.6667 4.9855 3.14259
      vertex 18.3333 5.44293 3.36073
      vertex 18.3333 5.17147 3.23
    endloop
  endfacet
  facet normal 0.0283281 0.00987569 0.99955
    outer loop
      vertex 18.1976 4.66171 3.16295
      vertex 21.5097 4.47469 3.07093
      vertex 18.1865 4.69355 3.16295
    endloop
  endfacet
  facet normal 0.0266021 -0.0167298 0.999506
    outer loop
      vertex 21.5216 4.58039 3.07093
      vertex 21.5408 4.61092 3.07093
      vertex 18.2155 4.821 3.16295
    endloop
  endfacet
  facet normal 0.0234138 -0.0668364 0.997489
    outer loop
      vertex 21.5968 4.6556 3.07093
      vertex 18.2998 4.87395 3.16295
      vertex 18.268 4.86281 3.16295
    endloop
  endfacet
  facet normal 0.0251212 -0.040026 0.998883
    outer loop
      vertex 21.5968 4.6556 3.07093
      vertex 18.268 4.86281 3.16295
      vertex 18.2394 4.84486 3.16295
    endloop
  endfacet
  facet normal 0.0309435 0.0493302 0.998303
    outer loop
      vertex 18.268 4.59135 3.16295
      vertex 21.5663 4.38464 3.07093
      vertex 18.2394 4.60929 3.16295
    endloop
  endfacet
  facet normal 0.0309333 0.0491645 0.998312
    outer loop
      vertex 21.5968 4.36545 3.07093
      vertex 21.5663 4.38464 3.07093
      vertex 18.268 4.59135 3.16295
    endloop
  endfacet
  facet normal -0.0695052 -0.898795 0.432824
    outer loop
      vertex 25 5.59634 3.99632
      vertex 21.6667 5.86793 4.02502
      vertex 21.6667 5.72821 3.73488
    endloop
  endfacet
  facet normal 0.0269747 0.00943281 0.999592
    outer loop
      vertex 21.5216 4.44066 3.07093
      vertex 24.8462 4.08284 2.98459
      vertex 21.5097 4.47469 3.07093
    endloop
  endfacet
  facet normal -0.0877462 -0.778812 0.62109
    outer loop
      vertex 25.24 5.20822 3.42166
      vertex 25 5.44818 3.68865
      vertex 25 5.23526 3.42166
    endloop
  endfacet
  facet normal 0.0713629 0.428623 0.900661
    outer loop
      vertex 24.8195 3.36591 3.20875
      vertex 24.8879 3.66587 3.06058
      vertex 21.561 4.04745 3.14259
    endloop
  endfacet
  facet normal -0.0799223 -0.996801 0
    outer loop
      vertex 21.6667 5.93959 4.33898
      vertex 25 5.67233 4.52
      vertex 21.6667 5.93959 4.52
    endloop
  endfacet
  facet normal -0.0799223 -0.996801 -0
    outer loop
      vertex 25 5.67233 4.52
      vertex 21.6667 5.93959 4.33898
      vertex 25 5.67233 4.32926
    endloop
  endfacet
  facet normal 0.0713623 0.42862 0.900662
    outer loop
      vertex 24.8195 3.36591 3.20875
      vertex 21.561 4.04745 3.14259
      vertex 21.4964 3.76459 3.28232
    endloop
  endfacet
  facet normal -0.0772878 -0.972011 0.221857
    outer loop
      vertex 25 5.67233 4.32926
      vertex 21.6667 5.93959 4.33898
      vertex 21.6667 5.86793 4.02502
    endloop
  endfacet
  facet normal -0.0201213 -0.433799 0.900785
    outer loop
      vertex 25 4.96827 3.20875
      vertex 21.6667 5.27565 3.28232
      vertex 21.6667 4.9855 3.14259
    endloop
  endfacet
  facet normal 0.00229679 -0.222523 0.974925
    outer loop
      vertex 25 4.32767 2.98459
      vertex 25 4.6606 3.06058
      vertex 21.6667 4.9855 3.14259
    endloop
  endfacet
  facet normal 0.0374053 0.106915 0.993564
    outer loop
      vertex 24.962 3.99046 2.98459
      vertex 24.9259 4.00309 2.98459
      vertex 21.5968 4.36545 3.07093
    endloop
  endfacet
  facet normal -0.100998 -0.896359 0.43167
    outer loop
      vertex 25.2873 5.4158 3.68865
      vertex 25.3203 5.56025 3.99632
      vertex 25 5.59634 3.99632
    endloop
  endfacet
  facet normal 0.130959 0.991388 0
    outer loop
      vertex 24.6628 2.6795 4.52
      vertex 21.5104 3.09592 4.33947
      vertex 21.5104 3.09592 4.52
    endloop
  endfacet
  facet normal 0.130959 0.991388 -0
    outer loop
      vertex 24.6628 2.6795 4.32926
      vertex 21.5104 3.09592 4.33947
      vertex 24.6628 2.6795 4.52
    endloop
  endfacet
  facet normal 0.130969 0.99138 0.00355553
    outer loop
      vertex 21.5104 3.09592 4.33947
      vertex 24.6628 2.6795 4.32926
      vertex 21.5049 3.09665 4.33852
    endloop
  endfacet
  facet normal -0.0201213 -0.433805 0.900782
    outer loop
      vertex 25 4.6606 3.06058
      vertex 25 4.96827 3.20875
      vertex 21.6667 4.9855 3.14259
    endloop
  endfacet
  facet normal -0.0402051 -0.622972 0.78121
    outer loop
      vertex 25 4.96827 3.20875
      vertex 25 5.23526 3.42166
      vertex 21.6667 5.27565 3.28232
    endloop
  endfacet
  facet normal 0.0134163 -0.119219 0.992777
    outer loop
      vertex 25 4.32767 2.98459
      vertex 21.6667 4.67154 3.07093
      vertex 21.6308 4.6675 3.07093
    endloop
  endfacet
  facet normal -0.0402048 -0.622986 0.781199
    outer loop
      vertex 25 5.23526 3.42166
      vertex 21.6667 5.52742 3.4831
      vertex 21.6667 5.27565 3.28232
    endloop
  endfacet
  facet normal 0.0489296 0.217071 0.974929
    outer loop
      vertex 24.8879 3.66587 3.06058
      vertex 24.962 3.99046 2.98459
      vertex 21.561 4.04745 3.14259
    endloop
  endfacet
  facet normal 0.0234958 -0.023461 0.999449
    outer loop
      vertex 24.8665 4.26338 2.98459
      vertex 24.8935 4.29042 2.98459
      vertex 21.5663 4.63641 3.07093
    endloop
  endfacet
  facet normal 0.0256666 -0.00283684 0.999667
    outer loop
      vertex 24.8293 4.15692 2.98459
      vertex 24.8335 4.19492 2.98459
      vertex 21.5056 4.51052 3.07093
    endloop
  endfacet
  facet normal 0.0914183 0.617886 0.780935
    outer loop
      vertex 24.76 3.10562 3.42166
      vertex 24.8195 3.36591 3.20875
      vertex 21.4964 3.76459 3.28232
    endloop
  endfacet
  facet normal -0.0877768 -0.778823 0.621072
    outer loop
      vertex 25.24 5.20822 3.42166
      vertex 25.2873 5.4158 3.68865
      vertex 25 5.44818 3.68865
    endloop
  endfacet
  facet normal -0.109194 -0.969097 0.221198
    outer loop
      vertex 25.3203 5.56025 3.99632
      vertex 25.3372 5.63434 4.32926
      vertex 25 5.59634 3.99632
    endloop
  endfacet
  facet normal -0.111955 -0.993713 0
    outer loop
      vertex 25 5.67233 4.32926
      vertex 25.3372 5.63434 4.52
      vertex 25 5.67233 4.52
    endloop
  endfacet
  facet normal -0.111955 -0.993713 -0
    outer loop
      vertex 25.3372 5.63434 4.52
      vertex 25 5.67233 4.32926
      vertex 25.3372 5.63434 4.32926
    endloop
  endfacet
  facet normal 0.120566 0.893212 0.43317
    outer loop
      vertex 24.6797 2.75359 3.99632
      vertex 21.4964 3.17577 4.01179
      vertex 21.4956 3.17001 4.02389
    endloop
  endfacet
  facet normal 0.120608 0.893552 0.432456
    outer loop
      vertex 21.4964 3.17577 4.01179
      vertex 24.6797 2.75359 3.99632
      vertex 24.7127 2.89804 3.68865
    endloop
  endfacet
  facet normal 0.128342 0.966654 0.221604
    outer loop
      vertex 24.6628 2.6795 4.32926
      vertex 21.5052 3.09965 4.32526
      vertex 21.5049 3.09665 4.33852
    endloop
  endfacet
  facet normal 0.128342 0.966652 0.221611
    outer loop
      vertex 21.5052 3.09965 4.32526
      vertex 24.6628 2.6795 4.32926
      vertex 21.5126 3.16437 4.03867
    endloop
  endfacet
  facet normal 0.0022969 -0.222522 0.974925
    outer loop
      vertex 25 4.32767 2.98459
      vertex 21.6667 4.9855 3.14259
      vertex 21.6667 4.67154 3.07093
    endloop
  endfacet
  facet normal -0.0695049 -0.898797 0.43282
    outer loop
      vertex 25 5.44818 3.68865
      vertex 25 5.59634 3.99632
      vertex 21.6667 5.72821 3.73488
    endloop
  endfacet
  facet normal -0.0569414 -0.780559 0.622483
    outer loop
      vertex 25 5.23526 3.42166
      vertex 25 5.44818 3.68865
      vertex 21.6667 5.72821 3.73488
    endloop
  endfacet
  facet normal 0.0199737 -0.0570904 0.998169
    outer loop
      vertex 24.9259 4.31076 2.98459
      vertex 24.962 4.32339 2.98459
      vertex 21.6308 4.6675 3.07093
    endloop
  endfacet
  facet normal 0.0914042 0.617826 0.780984
    outer loop
      vertex 24.76 3.10562 3.42166
      vertex 21.4964 3.76459 3.28232
      vertex 21.5106 3.75785 3.28599
    endloop
  endfacet
  facet normal 0.0914231 0.617907 0.780918
    outer loop
      vertex 21.4624 3.52535 3.4756
      vertex 24.76 3.10562 3.42166
      vertex 21.5106 3.75785 3.28599
    endloop
  endfacet
  facet normal 0.0913744 0.61748 0.781261
    outer loop
      vertex 24.76 3.10562 3.42166
      vertex 21.4624 3.52535 3.4756
      vertex 21.4605 3.51661 3.48273
    endloop
  endfacet
  facet normal -0.101025 -0.896366 0.43165
    outer loop
      vertex 25.2873 5.4158 3.68865
      vertex 25 5.59634 3.99632
      vertex 25 5.44818 3.68865
    endloop
  endfacet
  facet normal 0.128307 0.966593 0.221892
    outer loop
      vertex 24.6628 2.6795 4.32926
      vertex 21.5129 3.16714 4.02643
      vertex 21.5126 3.16437 4.03867
    endloop
  endfacet
  facet normal 0.128341 0.966649 0.221626
    outer loop
      vertex 24.6797 2.75359 3.99632
      vertex 21.5129 3.16714 4.02643
      vertex 24.6628 2.6795 4.32926
    endloop
  endfacet
  facet normal 0.128404 0.967357 0.218477
    outer loop
      vertex 21.5129 3.16714 4.02643
      vertex 24.6797 2.75359 3.99632
      vertex 21.4956 3.17001 4.02389
    endloop
  endfacet
  facet normal -0.0569415 -0.78056 0.622482
    outer loop
      vertex 25 5.23526 3.42166
      vertex 21.6667 5.72821 3.73488
      vertex 21.6667 5.52742 3.4831
    endloop
  endfacet
  facet normal 0.0134218 -0.119166 0.992784
    outer loop
      vertex 24.962 4.32339 2.98459
      vertex 25 4.32767 2.98459
      vertex 21.6308 4.6675 3.07093
    endloop
  endfacet
  facet normal 0.108153 0.775875 0.621547
    outer loop
      vertex 24.7127 2.89804 3.68865
      vertex 21.4825 3.31775 3.7268
      vertex 21.4817 3.31235 3.73368
    endloop
  endfacet
  facet normal 0.108106 0.775467 0.622064
    outer loop
      vertex 21.4825 3.31775 3.7268
      vertex 24.7127 2.89804 3.68865
      vertex 24.76 3.10562 3.42166
    endloop
  endfacet
  facet normal 0.120555 0.893028 0.433552
    outer loop
      vertex 21.513 3.30644 3.73715
      vertex 24.7127 2.89804 3.68865
      vertex 21.4817 3.31235 3.73368
    endloop
  endfacet
  facet normal 0.120616 0.89366 0.43223
    outer loop
      vertex 21.5123 3.30045 3.74973
      vertex 24.7127 2.89804 3.68865
      vertex 21.513 3.30644 3.73715
    endloop
  endfacet
  facet normal 0.120607 0.893558 0.432445
    outer loop
      vertex 24.7127 2.89804 3.68865
      vertex 21.5123 3.30045 3.74973
      vertex 21.4964 3.17577 4.01179
    endloop
  endfacet
  facet normal 0.0243543 -0.0152731 0.999587
    outer loop
      vertex 24.8462 4.23101 2.98459
      vertex 24.8665 4.26338 2.98459
      vertex 21.5216 4.58039 3.07093
    endloop
  endfacet
  facet normal -0.0772873 -0.972013 0.221852
    outer loop
      vertex 25 5.59634 3.99632
      vertex 25 5.67233 4.32926
      vertex 21.6667 5.86793 4.02502
    endloop
  endfacet
  facet normal -0.109182 -0.9691 0.221187
    outer loop
      vertex 25.3372 5.63434 4.32926
      vertex 25 5.67233 4.32926
      vertex 25 5.59634 3.99632
    endloop
  endfacet
  facet normal 0.0489297 0.217086 0.974925
    outer loop
      vertex 24.962 3.99046 2.98459
      vertex 21.6308 4.35354 3.07093
      vertex 21.561 4.04745 3.14259
    endloop
  endfacet
  facet normal 0.0222493 -0.0353624 0.999127
    outer loop
      vertex 24.9259 4.31076 2.98459
      vertex 21.5968 4.6556 3.07093
      vertex 21.5663 4.63641 3.07093
    endloop
  endfacet
  facet normal 0.108204 0.776428 0.620847
    outer loop
      vertex 21.5117 3.50674 3.48615
      vertex 24.76 3.10562 3.42166
      vertex 21.4605 3.51661 3.48273
    endloop
  endfacet
  facet normal 0.108106 0.775429 0.622111
    outer loop
      vertex 21.5104 3.49804 3.49722
      vertex 24.76 3.10562 3.42166
      vertex 21.5117 3.50674 3.48615
    endloop
  endfacet
  facet normal 0.108107 0.775442 0.622095
    outer loop
      vertex 24.76 3.10562 3.42166
      vertex 21.5104 3.49804 3.49722
      vertex 21.4825 3.31775 3.7268
    endloop
  endfacet
  facet normal 0.0269819 0.00949489 0.999591
    outer loop
      vertex 24.8462 4.08284 2.98459
      vertex 24.8335 4.11893 2.98459
      vertex 21.5097 4.47469 3.07093
    endloop
  endfacet
  facet normal 0.0250409 -0.00875403 0.999648
    outer loop
      vertex 24.8462 4.23101 2.98459
      vertex 21.5216 4.58039 3.07093
      vertex 21.5097 4.54635 3.07093
    endloop
  endfacet
  facet normal 0.0199756 -0.0570732 0.99817
    outer loop
      vertex 24.9259 4.31076 2.98459
      vertex 21.6308 4.6675 3.07093
      vertex 21.5968 4.6556 3.07093
    endloop
  endfacet
  facet normal 0.0222426 -0.0354308 0.999125
    outer loop
      vertex 24.8935 4.29042 2.98459
      vertex 24.9259 4.31076 2.98459
      vertex 21.5663 4.63641 3.07093
    endloop
  endfacet
  facet normal 0.027841 0.0175089 0.999459
    outer loop
      vertex 21.5408 4.41013 3.07093
      vertex 24.8665 4.05046 2.98459
      vertex 21.5216 4.44066 3.07093
    endloop
  endfacet
  facet normal 0.0243504 -0.0153137 0.999586
    outer loop
      vertex 24.8665 4.26338 2.98459
      vertex 21.5408 4.61092 3.07093
      vertex 21.5216 4.58039 3.07093
    endloop
  endfacet
  facet normal 0.0278341 0.0174501 0.99946
    outer loop
      vertex 24.8665 4.05046 2.98459
      vertex 24.8462 4.08284 2.98459
      vertex 21.5216 4.44066 3.07093
    endloop
  endfacet
  facet normal 0.0250356 -0.00881 0.999648
    outer loop
      vertex 24.8335 4.19492 2.98459
      vertex 24.8462 4.23101 2.98459
      vertex 21.5097 4.54635 3.07093
    endloop
  endfacet
  facet normal 0.0234913 -0.0235005 0.999448
    outer loop
      vertex 24.8665 4.26338 2.98459
      vertex 21.5663 4.63641 3.07093
      vertex 21.5408 4.61092 3.07093
    endloop
  endfacet
  facet normal 0.0313203 0.0498908 0.998263
    outer loop
      vertex 24.9259 4.00309 2.98459
      vertex 24.8935 4.02343 2.98459
      vertex 21.5968 4.36545 3.07093
    endloop
  endfacet
  facet normal 0.0373845 0.106723 0.993586
    outer loop
      vertex 21.6308 4.35354 3.07093
      vertex 24.962 3.99046 2.98459
      vertex 21.5968 4.36545 3.07093
    endloop
  endfacet
  facet normal 0.0262771 0.00290507 0.99965
    outer loop
      vertex 24.8335 4.11893 2.98459
      vertex 24.8293 4.15692 2.98459
      vertex 21.5056 4.51052 3.07093
    endloop
  endfacet
  facet normal 0.0262892 0.00300825 0.99965
    outer loop
      vertex 21.5097 4.47469 3.07093
      vertex 24.8335 4.11893 2.98459
      vertex 21.5056 4.51052 3.07093
    endloop
  endfacet
  facet normal 0.0290864 0.0290978 0.999153
    outer loop
      vertex 21.5663 4.38464 3.07093
      vertex 24.8665 4.05046 2.98459
      vertex 21.5408 4.41013 3.07093
    endloop
  endfacet
  facet normal 0.0290815 0.0290492 0.999155
    outer loop
      vertex 24.8935 4.02343 2.98459
      vertex 24.8665 4.05046 2.98459
      vertex 21.5663 4.38464 3.07093
    endloop
  endfacet
  facet normal 0.0256572 -0.00293594 0.999666
    outer loop
      vertex 24.8335 4.19492 2.98459
      vertex 21.5097 4.54635 3.07093
      vertex 21.5056 4.51052 3.07093
    endloop
  endfacet
  facet normal 0.0313067 0.049758 0.998271
    outer loop
      vertex 21.5968 4.36545 3.07093
      vertex 24.8935 4.02343 2.98459
      vertex 21.5663 4.38464 3.07093
    endloop
  endfacet
  facet normal -0.105655 -0.895725 0.431872
    outer loop
      vertex 28.6355 5.00072 3.64687
      vertex 25.3203 5.56025 3.99632
      vertex 25.2873 5.4158 3.68865
    endloop
  endfacet
  facet normal 0.0238548 0.00268702 0.999712
    outer loop
      vertex 28.1583 3.63706 2.90655
      vertex 28.1538 3.67701 2.90655
      vertex 24.8335 4.11893 2.98459
    endloop
  endfacet
  facet normal -0.119655 -0.992816 0
    outer loop
      vertex 25.3372 5.63434 4.32926
      vertex 28.6879 5.23051 4.52
      vertex 25.3372 5.63434 4.52
    endloop
  endfacet
  facet normal -0.119655 -0.992816 -0
    outer loop
      vertex 28.6879 5.23051 4.52
      vertex 25.3372 5.63434 4.32926
      vertex 28.6879 5.23051 4.32046
    endloop
  endfacet
  facet normal 0.161802 0.961496 0.22214
    outer loop
      vertex 27.9788 2.12351 4.32046
      vertex 27.9965 2.20141 3.97039
      vertex 24.6628 2.6795 4.32926
    endloop
  endfacet
  facet normal 0.151295 0.888437 0.433346
    outer loop
      vertex 28.0312 2.3533 3.64687
      vertex 24.7127 2.89804 3.68865
      vertex 24.6797 2.75359 3.99632
    endloop
  endfacet
  facet normal 0.111767 0.613742 0.781556
    outer loop
      vertex 28.1435 2.84527 3.14225
      vertex 24.8195 3.36591 3.20875
      vertex 24.76 3.10562 3.42166
    endloop
  endfacet
  facet normal -0.0662077 -0.622117 0.78012
    outer loop
      vertex 28.3333 4.53014 3.14225
      vertex 28.3333 4.81088 3.36613
      vertex 25 4.96827 3.20875
    endloop
  endfacet
  facet normal 0.0230918 -0.00260108 0.99973
    outer loop
      vertex 28.1538 3.67701 2.90655
      vertex 28.1583 3.71696 2.90655
      vertex 24.8335 4.19492 2.98459
    endloop
  endfacet
  facet normal 0.0400309 0.114419 0.992626
    outer loop
      vertex 24.962 3.99046 2.98459
      vertex 28.2554 3.51525 2.90655
      vertex 24.9259 4.00309 2.98459
    endloop
  endfacet
  facet normal 0.13434 0.770621 0.622974
    outer loop
      vertex 28.0312 2.3533 3.64687
      vertex 28.081 2.57157 3.36613
      vertex 24.76 3.10562 3.42166
    endloop
  endfacet
  facet normal 0.0247255 0.00870084 0.999656
    outer loop
      vertex 24.8462 4.08284 2.98459
      vertex 28.1716 3.59911 2.90655
      vertex 24.8335 4.11893 2.98459
    endloop
  endfacet
  facet normal -0.0887819 -0.77864 0.621158
    outer loop
      vertex 28.5856 4.78245 3.36613
      vertex 28.6355 5.00072 3.64687
      vertex 25.24 5.20822 3.42166
    endloop
  endfacet
  facet normal -0.10566 -0.895739 0.431842
    outer loop
      vertex 28.6355 5.00072 3.64687
      vertex 28.6701 5.15261 3.97039
      vertex 25.3203 5.56025 3.99632
    endloop
  endfacet
  facet normal -0.0662077 -0.622109 0.780127
    outer loop
      vertex 28.3333 4.81088 3.36613
      vertex 25 5.23526 3.42166
      vertex 25 4.96827 3.20875
    endloop
  endfacet
  facet normal 0.0274422 0.0274118 0.999247
    outer loop
      vertex 24.8935 4.02343 2.98459
      vertex 28.2214 3.53664 2.90655
      vertex 24.8665 4.05046 2.98459
    endloop
  endfacet
  facet normal 0.161805 0.961487 0.222175
    outer loop
      vertex 27.9965 2.20141 3.97039
      vertex 24.6797 2.75359 3.99632
      vertex 24.6628 2.6795 4.32926
    endloop
  endfacet
  facet normal 0.111767 0.61376 0.781541
    outer loop
      vertex 28.081 2.57157 3.36613
      vertex 28.1435 2.84527 3.14225
      vertex 24.76 3.10562 3.42166
    endloop
  endfacet
  facet normal 0.165361 0.986233 0
    outer loop
      vertex 27.9788 2.12351 4.52
      vertex 24.6628 2.6795 4.32926
      vertex 24.6628 2.6795 4.52
    endloop
  endfacet
  facet normal 0.165361 0.986233 0
    outer loop
      vertex 24.6628 2.6795 4.32926
      vertex 27.9788 2.12351 4.52
      vertex 27.9788 2.12351 4.32046
    endloop
  endfacet
  facet normal -0.116114 -0.968254 0.221362
    outer loop
      vertex 28.6701 5.15261 3.97039
      vertex 25.3372 5.63434 4.32926
      vertex 25.3203 5.56025 3.99632
    endloop
  endfacet
  facet normal -0.116114 -0.968253 0.221366
    outer loop
      vertex 28.6701 5.15261 3.97039
      vertex 28.6879 5.23051 4.32046
      vertex 25.3372 5.63434 4.32926
    endloop
  endfacet
  facet normal -0.0887813 -0.778665 0.621127
    outer loop
      vertex 28.6355 5.00072 3.64687
      vertex 25.2873 5.4158 3.68865
      vertex 25.24 5.20822 3.42166
    endloop
  endfacet
  facet normal -0.0488151 -0.43338 0.899888
    outer loop
      vertex 28.4512 4.19335 2.98645
      vertex 28.5232 4.50875 3.14225
      vertex 28.3333 4.53014 3.14225
    endloop
  endfacet
  facet normal 0.0274425 0.0274136 0.999247
    outer loop
      vertex 28.2214 3.53664 2.90655
      vertex 28.193 3.56507 2.90655
      vertex 24.8665 4.05046 2.98459
    endloop
  endfacet
  facet normal 0.134345 0.770635 0.622955
    outer loop
      vertex 28.0312 2.3533 3.64687
      vertex 24.76 3.10562 3.42166
      vertex 24.7127 2.89804 3.68865
    endloop
  endfacet
  facet normal -0.0390274 -0.433566 0.900276
    outer loop
      vertex 28.3333 4.20663 2.98645
      vertex 28.3333 4.53014 3.14225
      vertex 25 4.96827 3.20875
    endloop
  endfacet
  facet normal 0.0400816 0.114778 0.992582
    outer loop
      vertex 28.2934 3.50198 2.90655
      vertex 28.2554 3.51525 2.90655
      vertex 24.962 3.99046 2.98459
    endloop
  endfacet
  facet normal 0.151295 0.888439 0.433342
    outer loop
      vertex 27.9965 2.20141 3.97039
      vertex 28.0312 2.3533 3.64687
      vertex 24.6797 2.75359 3.99632
    endloop
  endfacet
  facet normal -0.00862362 -0.222503 0.974894
    outer loop
      vertex 28.3333 3.85655 2.90655
      vertex 28.3333 4.20663 2.98645
      vertex 25 4.32767 2.98459
    endloop
  endfacet
  facet normal -0.0843589 -0.748637 0.657591
    outer loop
      vertex 28.3333 4.81088 3.36613
      vertex 28.5856 4.78245 3.36613
      vertex 25.24 5.20822 3.42166
    endloop
  endfacet
  facet normal -0.084308 -0.748296 0.657986
    outer loop
      vertex 28.3333 4.81088 3.36613
      vertex 25.24 5.20822 3.42166
      vertex 25 5.23526 3.42166
    endloop
  endfacet
  facet normal 0.054481 0.215801 0.974916
    outer loop
      vertex 28.2155 3.16068 2.98645
      vertex 24.962 3.99046 2.98459
      vertex 24.8879 3.66587 3.06058
    endloop
  endfacet
  facet normal 0.0230993 -0.00255308 0.99973
    outer loop
      vertex 28.1538 3.67701 2.90655
      vertex 24.8335 4.19492 2.98459
      vertex 24.8293 4.15692 2.98459
    endloop
  endfacet
  facet normal 0.0247196 0.00866327 0.999657
    outer loop
      vertex 28.1716 3.59911 2.90655
      vertex 28.1583 3.63706 2.90655
      vertex 24.8335 4.11893 2.98459
    endloop
  endfacet
  facet normal 0.0191163 -0.0303859 0.999355
    outer loop
      vertex 28.2214 3.81738 2.90655
      vertex 28.2554 3.83877 2.90655
      vertex 24.9259 4.31076 2.98459
    endloop
  endfacet
  facet normal 0.0166537 -0.0476536 0.998725
    outer loop
      vertex 28.2554 3.83877 2.90655
      vertex 28.2934 3.85205 2.90655
      vertex 24.9259 4.31076 2.98459
    endloop
  endfacet
  facet normal 0.0258175 0.0162307 0.999535
    outer loop
      vertex 28.193 3.56507 2.90655
      vertex 28.1716 3.59911 2.90655
      vertex 24.8665 4.05046 2.98459
    endloop
  endfacet
  facet normal 0.0544803 0.215798 0.974917
    outer loop
      vertex 28.2155 3.16068 2.98645
      vertex 28.2934 3.50198 2.90655
      vertex 24.962 3.99046 2.98459
    endloop
  endfacet
  facet normal 0.0215227 -0.0135307 0.999677
    outer loop
      vertex 28.1716 3.75491 2.90655
      vertex 28.193 3.78895 2.90655
      vertex 24.8665 4.26338 2.98459
    endloop
  endfacet
  facet normal 0.0205259 -0.0205042 0.999579
    outer loop
      vertex 28.193 3.78895 2.90655
      vertex 28.2214 3.81738 2.90655
      vertex 24.8665 4.26338 2.98459
    endloop
  endfacet
  facet normal 0.022336 -0.00785998 0.99972
    outer loop
      vertex 28.1716 3.75491 2.90655
      vertex 24.8462 4.23101 2.98459
      vertex 24.8335 4.19492 2.98459
    endloop
  endfacet
  facet normal 0.0846974 0.425676 0.900903
    outer loop
      vertex 28.1435 2.84527 3.14225
      vertex 28.2155 3.16068 2.98645
      vertex 24.8195 3.36591 3.20875
    endloop
  endfacet
  facet normal 0.084698 0.425697 0.900893
    outer loop
      vertex 28.2155 3.16068 2.98645
      vertex 24.8879 3.66587 3.06058
      vertex 24.8195 3.36591 3.20875
    endloop
  endfacet
  facet normal 0.0258108 0.0161816 0.999536
    outer loop
      vertex 24.8665 4.05046 2.98459
      vertex 28.1716 3.59911 2.90655
      vertex 24.8462 4.08284 2.98459
    endloop
  endfacet
  facet normal -0.0700836 -0.621952 0.779913
    outer loop
      vertex 28.5856 4.78245 3.36613
      vertex 28.3333 4.81088 3.36613
      vertex 28.3333 4.53014 3.14225
    endloop
  endfacet
  facet normal -0.0700575 -0.621969 0.779902
    outer loop
      vertex 28.5232 4.50875 3.14225
      vertex 28.5856 4.78245 3.36613
      vertex 28.3333 4.53014 3.14225
    endloop
  endfacet
  facet normal 0.0166589 -0.0476157 0.998727
    outer loop
      vertex 28.2934 3.85205 2.90655
      vertex 24.962 4.32339 2.98459
      vertex 24.9259 4.31076 2.98459
    endloop
  endfacet
  facet normal 0.0103463 -0.0917374 0.995729
    outer loop
      vertex 28.2934 3.85205 2.90655
      vertex 28.3333 3.85655 2.90655
      vertex 25 4.32767 2.98459
    endloop
  endfacet
  facet normal 0.02234 -0.0078293 0.99972
    outer loop
      vertex 28.1583 3.71696 2.90655
      vertex 28.1716 3.75491 2.90655
      vertex 24.8335 4.19492 2.98459
    endloop
  endfacet
  facet normal 0.0215274 -0.0135004 0.999677
    outer loop
      vertex 28.1716 3.75491 2.90655
      vertex 24.8665 4.26338 2.98459
      vertex 24.8462 4.23101 2.98459
    endloop
  endfacet
  facet normal -0.0488149 -0.43338 0.899888
    outer loop
      vertex 28.4512 4.19335 2.98645
      vertex 28.3333 4.53014 3.14225
      vertex 28.3333 4.20663 2.98645
    endloop
  endfacet
  facet normal -0.00862405 -0.222515 0.974891
    outer loop
      vertex 28.3333 4.20663 2.98645
      vertex 25 4.6606 3.06058
      vertex 25 4.32767 2.98459
    endloop
  endfacet
  facet normal -0.0390264 -0.433563 0.900278
    outer loop
      vertex 28.3333 4.20663 2.98645
      vertex 25 4.96827 3.20875
      vertex 25 4.6606 3.06058
    endloop
  endfacet
  facet normal 0.023848 0.00263653 0.999712
    outer loop
      vertex 24.8335 4.11893 2.98459
      vertex 28.1538 3.67701 2.90655
      vertex 24.8293 4.15692 2.98459
    endloop
  endfacet
  facet normal 0.0305042 0.0484873 0.998358
    outer loop
      vertex 28.2554 3.51525 2.90655
      vertex 28.2214 3.53664 2.90655
      vertex 24.8935 4.02343 2.98459
    endloop
  endfacet
  facet normal 0.0305246 0.0486233 0.998351
    outer loop
      vertex 24.9259 4.00309 2.98459
      vertex 28.2554 3.51525 2.90655
      vertex 24.8935 4.02343 2.98459
    endloop
  endfacet
  facet normal 0.0103385 -0.0917906 0.995725
    outer loop
      vertex 28.2934 3.85205 2.90655
      vertex 25 4.32767 2.98459
      vertex 24.962 4.32339 2.98459
    endloop
  endfacet
  facet normal 0.0191085 -0.0304383 0.999354
    outer loop
      vertex 28.2214 3.81738 2.90655
      vertex 24.9259 4.31076 2.98459
      vertex 24.8935 4.29042 2.98459
    endloop
  endfacet
  facet normal 0.0205269 -0.0204965 0.999579
    outer loop
      vertex 28.2214 3.81738 2.90655
      vertex 24.8935 4.29042 2.98459
      vertex 24.8665 4.26338 2.98459
    endloop
  endfacet
  facet normal -0.025074 -0.222478 0.974615
    outer loop
      vertex 31.7083 3.26782 2.83918
      vertex 31.7895 3.62354 2.92247
      vertex 31.6667 3.63738 2.92247
    endloop
  endfacet
  facet normal -0.0192891 -0.222507 0.97474
    outer loop
      vertex 31.6667 3.27251 2.83918
      vertex 31.6667 3.63738 2.92247
      vertex 28.3333 4.20663 2.98645
    endloop
  endfacet
  facet normal 0.0953367 0.42328 0.900969
    outer loop
      vertex 31.4688 2.21848 3.08485
      vertex 28.2155 3.16068 2.98645
      vertex 28.1435 2.84527 3.14225
    endloop
  endfacet
  facet normal 0.0583575 0.214942 0.974882
    outer loop
      vertex 31.5438 2.54722 2.92247
      vertex 31.625 2.90294 2.83918
      vertex 28.2155 3.16068 2.98645
    endloop
  endfacet
  facet normal 0.0198555 -0.00223654 0.9998
    outer loop
      vertex 31.4795 3.08538 2.83918
      vertex 28.1583 3.71696 2.90655
      vertex 28.1538 3.67701 2.90655
    endloop
  endfacet
  facet normal 0.0583552 0.214907 0.97489
    outer loop
      vertex 31.625 2.90294 2.83918
      vertex 28.2934 3.50198 2.90655
      vertex 28.2155 3.16068 2.98645
    endloop
  endfacet
  facet normal 0.189929 0.956277 0.2224
    outer loop
      vertex 31.3156 1.5474 3.948
      vertex 27.9965 2.20141 3.97039
      vertex 27.9788 2.12351 4.32046
    endloop
  endfacet
  facet normal 0.177007 0.883464 0.433775
    outer loop
      vertex 31.3156 1.5474 3.948
      vertex 31.3518 1.70571 3.6108
      vertex 28.0312 2.3533 3.64687
    endloop
  endfacet
  facet normal 0.0953368 0.42328 0.900969
    outer loop
      vertex 31.4688 2.21848 3.08485
      vertex 31.5438 2.54722 2.92247
      vertex 28.2155 3.16068 2.98645
    endloop
  endfacet
  facet normal 0.156188 0.76616 0.623381
    outer loop
      vertex 31.4037 1.93321 3.3182
      vertex 28.081 2.57157 3.36613
      vertex 28.0312 2.3533 3.64687
    endloop
  endfacet
  facet normal 0.156188 0.76615 0.623394
    outer loop
      vertex 31.3518 1.70571 3.6108
      vertex 31.4037 1.93321 3.3182
      vertex 28.0312 2.3533 3.64687
    endloop
  endfacet
  facet normal -0.0192784 -0.22247 0.974749
    outer loop
      vertex 31.6667 3.27251 2.83918
      vertex 28.3333 4.20663 2.98645
      vertex 28.3333 3.85655 2.90655
    endloop
  endfacet
  facet normal -0.0564467 -0.431779 0.900212
    outer loop
      vertex 31.7895 3.62354 2.92247
      vertex 31.8645 3.95228 3.08485
      vertex 28.4512 4.19335 2.98645
    endloop
  endfacet
  facet normal -0.0352919 -0.313322 0.948991
    outer loop
      vertex 31.6667 3.63738 2.92247
      vertex 28.4512 4.19335 2.98645
      vertex 28.3333 4.20663 2.98645
    endloop
  endfacet
  facet normal 0.0172089 -0.0171907 0.999704
    outer loop
      vertex 31.55 3.23168 2.83918
      vertex 28.2214 3.81738 2.90655
      vertex 28.193 3.78895 2.90655
    endloop
  endfacet
  facet normal 0.0413519 0.118415 0.992103
    outer loop
      vertex 28.2934 3.50198 2.90655
      vertex 31.5855 2.91678 2.83918
      vertex 28.2554 3.51525 2.90655
    endloop
  endfacet
  facet normal 0.0412135 0.117625 0.992202
    outer loop
      vertex 31.625 2.90294 2.83918
      vertex 31.5855 2.91678 2.83918
      vertex 28.2934 3.50198 2.90655
    endloop
  endfacet
  facet normal -0.0250823 -0.222478 0.974615
    outer loop
      vertex 31.7083 3.26782 2.83918
      vertex 31.6667 3.63738 2.92247
      vertex 31.6667 3.27251 2.83918
    endloop
  endfacet
  facet normal 0.177008 0.883468 0.433766
    outer loop
      vertex 31.3156 1.5474 3.948
      vertex 28.0312 2.3533 3.64687
      vertex 27.9965 2.20141 3.97039
    endloop
  endfacet
  facet normal 0.0216052 0.00759323 0.999738
    outer loop
      vertex 31.4981 3.00419 2.83918
      vertex 31.4842 3.04374 2.83918
      vertex 28.1716 3.59911 2.90655
    endloop
  endfacet
  facet normal 0.0134652 -0.0384303 0.999171
    outer loop
      vertex 31.5855 3.25398 2.83918
      vertex 31.625 3.26782 2.83918
      vertex 28.2554 3.83877 2.90655
    endloop
  endfacet
  facet normal 0.128506 0.610168 0.78178
    outer loop
      vertex 31.4037 1.93321 3.3182
      vertex 31.4688 2.21848 3.08485
      vertex 28.1435 2.84527 3.14225
    endloop
  endfacet
  facet normal 0.1285 0.610148 0.781797
    outer loop
      vertex 31.4037 1.93321 3.3182
      vertex 28.1435 2.84527 3.14225
      vertex 28.081 2.57157 3.36613
    endloop
  endfacet
  facet normal 0.0228091 0.014336 0.999637
    outer loop
      vertex 31.5204 2.96871 2.83918
      vertex 31.4981 3.00419 2.83918
      vertex 28.1716 3.59911 2.90655
    endloop
  endfacet
  facet normal 0.0158037 -0.0251584 0.999559
    outer loop
      vertex 31.55 3.23168 2.83918
      vertex 31.5855 3.25398 2.83918
      vertex 28.2554 3.83877 2.90655
    endloop
  endfacet
  facet normal 0.00788181 -0.0700792 0.99751
    outer loop
      vertex 31.625 3.26782 2.83918
      vertex 31.6667 3.27251 2.83918
      vertex 28.3333 3.85655 2.90655
    endloop
  endfacet
  facet normal 0.0206671 0.00232796 0.999784
    outer loop
      vertex 28.1583 3.63706 2.90655
      vertex 31.4795 3.08538 2.83918
      vertex 28.1538 3.67701 2.90655
    endloop
  endfacet
  facet normal 0.0198546 -0.00224104 0.9998
    outer loop
      vertex 31.4795 3.08538 2.83918
      vertex 31.4842 3.12702 2.83918
      vertex 28.1583 3.71696 2.90655
    endloop
  endfacet
  facet normal 0.189932 0.956266 0.222442
    outer loop
      vertex 31.2971 1.4662 4.31287
      vertex 31.3156 1.5474 3.948
      vertex 27.9788 2.12351 4.32046
    endloop
  endfacet
  facet normal 0.194311 0.98094 0
    outer loop
      vertex 31.2971 1.4662 4.52
      vertex 27.9788 2.12351 4.32046
      vertex 27.9788 2.12351 4.52
    endloop
  endfacet
  facet normal 0.194311 0.98094 0
    outer loop
      vertex 27.9788 2.12351 4.32046
      vertex 31.2971 1.4662 4.52
      vertex 31.2971 1.4662 4.31287
    endloop
  endfacet
  facet normal 0.0158091 -0.025129 0.999559
    outer loop
      vertex 31.55 3.23168 2.83918
      vertex 28.2554 3.83877 2.90655
      vertex 28.2214 3.81738 2.90655
    endloop
  endfacet
  facet normal 0.0216014 0.00757045 0.999738
    outer loop
      vertex 28.1716 3.59911 2.90655
      vertex 31.4842 3.04374 2.83918
      vertex 28.1583 3.63706 2.90655
    endloop
  endfacet
  facet normal -0.0353472 -0.31363 0.948887
    outer loop
      vertex 31.6667 3.63738 2.92247
      vertex 31.7895 3.62354 2.92247
      vertex 28.4512 4.19335 2.98645
    endloop
  endfacet
  facet normal -0.117172 -0.773828 0.622463
    outer loop
      vertex 31.9296 4.23755 3.3182
      vertex 28.6355 5.00072 3.64687
      vertex 28.5856 4.78245 3.36613
    endloop
  endfacet
  facet normal -0.155177 -0.987887 0
    outer loop
      vertex 28.6879 5.23051 4.32046
      vertex 32.0362 4.70456 4.52
      vertex 28.6879 5.23051 4.52
    endloop
  endfacet
  facet normal -0.155177 -0.987887 -0
    outer loop
      vertex 32.0362 4.70456 4.52
      vertex 28.6879 5.23051 4.32046
      vertex 32.0362 4.70456 4.31287
    endloop
  endfacet
  facet normal -0.0895572 -0.618286 0.780834
    outer loop
      vertex 31.8645 3.95228 3.08485
      vertex 28.5856 4.78245 3.36613
      vertex 28.5232 4.50875 3.14225
    endloop
  endfacet
  facet normal -0.0895567 -0.618284 0.780836
    outer loop
      vertex 31.8645 3.95228 3.08485
      vertex 31.9296 4.23755 3.3182
      vertex 28.5856 4.78245 3.36613
    endloop
  endfacet
  facet normal 0.0172088 -0.0171913 0.999704
    outer loop
      vertex 31.5204 3.20205 2.83918
      vertex 31.55 3.23168 2.83918
      vertex 28.193 3.78895 2.90655
    endloop
  endfacet
  facet normal 0.0134538 -0.0384973 0.999168
    outer loop
      vertex 31.625 3.26782 2.83918
      vertex 28.2934 3.85205 2.90655
      vertex 28.2554 3.83877 2.90655
    endloop
  endfacet
  facet normal 0.020668 0.00233284 0.999784
    outer loop
      vertex 31.4842 3.04374 2.83918
      vertex 31.4795 3.08538 2.83918
      vertex 28.1583 3.63706 2.90655
    endloop
  endfacet
  facet normal -0.137937 -0.890788 0.432978
    outer loop
      vertex 31.9816 4.46505 3.6108
      vertex 32.0177 4.62336 3.948
      vertex 28.6355 5.00072 3.64687
    endloop
  endfacet
  facet normal 0.0246476 0.0246216 0.999393
    outer loop
      vertex 28.2214 3.53664 2.90655
      vertex 31.55 2.93908 2.83918
      vertex 28.193 3.56507 2.90655
    endloop
  endfacet
  facet normal 0.0246478 0.0246229 0.999393
    outer loop
      vertex 31.55 2.93908 2.83918
      vertex 31.5204 2.96871 2.83918
      vertex 28.193 3.56507 2.90655
    endloop
  endfacet
  facet normal -0.0564476 -0.431793 0.900204
    outer loop
      vertex 31.8645 3.95228 3.08485
      vertex 28.5232 4.50875 3.14225
      vertex 28.4512 4.19335 2.98645
    endloop
  endfacet
  facet normal 0.00789525 -0.0700046 0.997515
    outer loop
      vertex 31.625 3.26782 2.83918
      vertex 28.3333 3.85655 2.90655
      vertex 28.2934 3.85205 2.90655
    endloop
  endfacet
  facet normal -0.117169 -0.773818 0.622476
    outer loop
      vertex 31.9296 4.23755 3.3182
      vertex 31.9816 4.46505 3.6108
      vertex 28.6355 5.00072 3.64687
    endloop
  endfacet
  facet normal 0.0190634 -0.00669991 0.999796
    outer loop
      vertex 31.4842 3.12702 2.83918
      vertex 31.4981 3.16657 2.83918
      vertex 28.1716 3.75491 2.90655
    endloop
  endfacet
  facet normal 0.0190668 -0.00668216 0.999796
    outer loop
      vertex 31.4842 3.12702 2.83918
      vertex 28.1716 3.75491 2.90655
      vertex 28.1583 3.71696 2.90655
    endloop
  endfacet
  facet normal 0.0282815 0.0449542 0.998589
    outer loop
      vertex 28.2554 3.51525 2.90655
      vertex 31.55 2.93908 2.83918
      vertex 28.2214 3.53664 2.90655
    endloop
  endfacet
  facet normal 0.0282978 0.0450481 0.998584
    outer loop
      vertex 31.5855 2.91678 2.83918
      vertex 31.55 2.93908 2.83918
      vertex 28.2554 3.51525 2.90655
    endloop
  endfacet
  facet normal 0.0228098 0.0143399 0.999637
    outer loop
      vertex 28.193 3.56507 2.90655
      vertex 31.5204 2.96871 2.83918
      vertex 28.1716 3.59911 2.90655
    endloop
  endfacet
  facet normal -0.150812 -0.963306 0.22203
    outer loop
      vertex 32.0177 4.62336 3.948
      vertex 28.6879 5.23051 4.32046
      vertex 28.6701 5.15261 3.97039
    endloop
  endfacet
  facet normal -0.150813 -0.963307 0.222026
    outer loop
      vertex 32.0177 4.62336 3.948
      vertex 32.0362 4.70456 4.31287
      vertex 28.6879 5.23051 4.32046
    endloop
  endfacet
  facet normal -0.137937 -0.890791 0.432971
    outer loop
      vertex 32.0177 4.62336 3.948
      vertex 28.6701 5.15261 3.97039
      vertex 28.6355 5.00072 3.64687
    endloop
  endfacet
  facet normal 0.0182222 -0.0114531 0.999768
    outer loop
      vertex 31.4981 3.16657 2.83918
      vertex 31.5204 3.20205 2.83918
      vertex 28.193 3.78895 2.90655
    endloop
  endfacet
  facet normal 0.0182218 -0.0114555 0.999768
    outer loop
      vertex 31.4981 3.16657 2.83918
      vertex 28.193 3.78895 2.90655
      vertex 28.1716 3.75491 2.90655
    endloop
  endfacet
  facet normal 0.173158 0.76241 0.623497
    outer loop
      vertex 34.6747 0.974936 3.58155
      vertex 31.4037 1.93321 3.3182
      vertex 31.3518 1.70571 3.6108
    endloop
  endfacet
  facet normal 0.197157 0.879124 0.4339
    outer loop
      vertex 34.6747 0.974936 3.58155
      vertex 31.3518 1.70571 3.6108
      vertex 31.3156 1.5474 3.948
    endloop
  endfacet
  facet normal -0.180613 -0.958094 0.22234
    outer loop
      vertex 35.3626 3.98859 3.92984
      vertex 35.3817 4.07245 4.30672
      vertex 32.0177 4.62336 3.948
    endloop
  endfacet
  facet normal 0.212052 0.951587 0.222523
    outer loop
      vertex 34.6374 0.811414 3.92984
      vertex 31.3156 1.5474 3.948
      vertex 31.2971 1.4662 4.31287
    endloop
  endfacet
  facet normal -0.180615 -0.958085 0.222375
    outer loop
      vertex 35.3817 4.07245 4.30672
      vertex 32.0362 4.70456 4.31287
      vertex 32.0177 4.62336 3.948
    endloop
  endfacet
  facet normal 0.212051 0.951594 0.222494
    outer loop
      vertex 34.6183 0.727551 4.30672
      vertex 34.6374 0.811414 3.92984
      vertex 31.2971 1.4662 4.31287
    endloop
  endfacet
  facet normal 0.173154 0.762399 0.623511
    outer loop
      vertex 34.6747 0.974936 3.58155
      vertex 34.7284 1.20992 3.27931
      vertex 31.4037 1.93321 3.3182
    endloop
  endfacet
  facet normal 0.141264 0.607297 0.781815
    outer loop
      vertex 34.7284 1.20992 3.27931
      vertex 34.7956 1.50457 3.03829
      vertex 31.4688 2.21848 3.08485
    endloop
  endfacet
  facet normal 0.141261 0.60729 0.781821
    outer loop
      vertex 34.7284 1.20992 3.27931
      vertex 31.4688 2.21848 3.08485
      vertex 31.4037 1.93321 3.3182
    endloop
  endfacet
  facet normal 0.103063 0.421508 0.900949
    outer loop
      vertex 34.8731 1.84413 2.87056
      vertex 31.5438 2.54722 2.92247
      vertex 31.4688 2.21848 3.08485
    endloop
  endfacet
  facet normal 0.00583258 -0.0517116 0.998645
    outer loop
      vertex 34.957 2.58844 2.78454
      vertex 35 2.59329 2.78454
      vertex 31.625 3.26782 2.83918
    endloop
  endfacet
  facet normal -0.141759 -0.769138 0.623162
    outer loop
      vertex 35.2716 3.59008 3.27931
      vertex 35.3253 3.82506 3.58155
      vertex 31.9296 4.23755 3.3182
    endloop
  endfacet
  facet normal -0.185658 -0.982614 0
    outer loop
      vertex 32.0362 4.70456 4.31287
      vertex 35.3817 4.07245 4.52
      vertex 32.0362 4.70456 4.52
    endloop
  endfacet
  facet normal -0.185658 -0.982614 -0
    outer loop
      vertex 35.3817 4.07245 4.52
      vertex 32.0362 4.70456 4.31287
      vertex 35.3817 4.07245 4.30672
    endloop
  endfacet
  facet normal 0.197156 0.87914 0.43387
    outer loop
      vertex 34.6374 0.811414 3.92984
      vertex 34.6747 0.974936 3.58155
      vertex 31.3156 1.5474 3.948
    endloop
  endfacet
  facet normal -0.0717202 -0.428525 0.900679
    outer loop
      vertex 35.1269 2.95587 2.87056
      vertex 31.8645 3.95228 3.08485
      vertex 31.7895 3.62354 2.92247
    endloop
  endfacet
  facet normal -0.0291623 -0.221534 0.974716
    outer loop
      vertex 35.043 2.58844 2.78454
      vertex 35.1269 2.95587 2.87056
      vertex 31.7083 3.26782 2.83918
    endloop
  endfacet
  facet normal 0.103063 0.421512 0.900947
    outer loop
      vertex 34.7956 1.50457 3.03829
      vertex 34.8731 1.84413 2.87056
      vertex 31.4688 2.21848 3.08485
    endloop
  endfacet
  facet normal 0.0400832 0.114724 0.992588
    outer loop
      vertex 34.957 2.21156 2.78454
      vertex 34.9161 2.22585 2.78454
      vertex 31.5855 2.91678 2.83918
    endloop
  endfacet
  facet normal -0.165732 -0.885725 0.433617
    outer loop
      vertex 35.3253 3.82506 3.58155
      vertex 35.3626 3.98859 3.92984
      vertex 32.0177 4.62336 3.948
    endloop
  endfacet
  facet normal 0.2171 0.976149 0
    outer loop
      vertex 34.6183 0.727551 4.52
      vertex 31.2971 1.4662 4.31287
      vertex 31.2971 1.4662 4.52
    endloop
  endfacet
  facet normal 0.2171 0.976149 0
    outer loop
      vertex 31.2971 1.4662 4.31287
      vertex 34.6183 0.727551 4.52
      vertex 34.6183 0.727551 4.30672
    endloop
  endfacet
  facet normal 0.0604778 0.214419 0.974868
    outer loop
      vertex 34.8731 1.84413 2.87056
      vertex 34.957 2.21156 2.78454
      vertex 31.625 2.90294 2.83918
    endloop
  endfacet
  facet normal -0.141759 -0.769116 0.62319
    outer loop
      vertex 35.3253 3.82506 3.58155
      vertex 31.9816 4.46505 3.6108
      vertex 31.9296 4.23755 3.3182
    endloop
  endfacet
  facet normal 0.0399188 0.11393 0.992686
    outer loop
      vertex 31.625 2.90294 2.83918
      vertex 34.957 2.21156 2.78454
      vertex 31.5855 2.91678 2.83918
    endloop
  endfacet
  facet normal -0.165739 -0.88574 0.433584
    outer loop
      vertex 35.3253 3.82506 3.58155
      vertex 32.0177 4.62336 3.948
      vertex 31.9816 4.46505 3.6108
    endloop
  endfacet
  facet normal -0.0717222 -0.428531 0.900676
    outer loop
      vertex 35.1269 2.95587 2.87056
      vertex 35.2044 3.29543 3.03829
      vertex 31.8645 3.95228 3.08485
    endloop
  endfacet
  facet normal 0.00582196 -0.0517645 0.998642
    outer loop
      vertex 35 2.59329 2.78454
      vertex 31.6667 3.27251 2.83918
      vertex 31.625 3.26782 2.83918
    endloop
  endfacet
  facet normal -0.0291651 -0.221566 0.974709
    outer loop
      vertex 35.1269 2.95587 2.87056
      vertex 31.7895 3.62354 2.92247
      vertex 31.7083 3.26782 2.83918
    endloop
  endfacet
  facet normal -0.0199963 -0.177287 0.983956
    outer loop
      vertex 35 2.59329 2.78454
      vertex 35.043 2.58844 2.78454
      vertex 31.7083 3.26782 2.83918
    endloop
  endfacet
  facet normal -0.0199768 -0.177193 0.983973
    outer loop
      vertex 35 2.59329 2.78454
      vertex 31.7083 3.26782 2.83918
      vertex 31.6667 3.27251 2.83918
    endloop
  endfacet
  facet normal 0.0160436 -0.00182779 0.99987
    outer loop
      vertex 34.8067 2.4 2.78454
      vertex 34.8116 2.44301 2.78454
      vertex 31.4795 3.08538 2.83918
    endloop
  endfacet
  facet normal 0.0604882 0.214451 0.97486
    outer loop
      vertex 34.8731 1.84413 2.87056
      vertex 31.625 2.90294 2.83918
      vertex 31.5438 2.54722 2.92247
    endloop
  endfacet
  facet normal 0.0145419 -0.00913992 0.999852
    outer loop
      vertex 34.8489 2.52051 2.78454
      vertex 31.5204 3.20205 2.83918
      vertex 31.4981 3.16657 2.83918
    endloop
  endfacet
  facet normal 0.0153171 -0.00536191 0.999868
    outer loop
      vertex 34.8116 2.44301 2.78454
      vertex 34.8259 2.48386 2.78454
      vertex 31.4981 3.16657 2.83918
    endloop
  endfacet
  facet normal -0.109894 -0.614172 0.781483
    outer loop
      vertex 35.2044 3.29543 3.03829
      vertex 31.9296 4.23755 3.3182
      vertex 31.8645 3.95228 3.08485
    endloop
  endfacet
  facet normal -0.109895 -0.614177 0.781479
    outer loop
      vertex 35.2044 3.29543 3.03829
      vertex 35.2716 3.59008 3.27931
      vertex 31.9296 4.23755 3.3182
    endloop
  endfacet
  facet normal 0.0188627 0.0118374 0.999752
    outer loop
      vertex 34.8489 2.27949 2.78454
      vertex 34.8259 2.31614 2.78454
      vertex 31.4981 3.00419 2.83918
    endloop
  endfacet
  facet normal 0.0168105 0.00189744 0.999857
    outer loop
      vertex 31.4842 3.04374 2.83918
      vertex 34.8116 2.35699 2.78454
      vertex 31.4795 3.08538 2.83918
    endloop
  endfacet
  facet normal 0.0188672 0.0118585 0.999752
    outer loop
      vertex 31.5204 2.96871 2.83918
      vertex 34.8489 2.27949 2.78454
      vertex 31.4981 3.00419 2.83918
    endloop
  endfacet
  facet normal 0.0123825 -0.0196872 0.99973
    outer loop
      vertex 34.8795 2.55112 2.78454
      vertex 34.9161 2.57414 2.78454
      vertex 31.5855 3.25398 2.83918
    endloop
  endfacet
  facet normal 0.0103613 -0.0295715 0.999509
    outer loop
      vertex 34.9161 2.57414 2.78454
      vertex 31.625 3.26782 2.83918
      vertex 31.5855 3.25398 2.83918
    endloop
  endfacet
  facet normal 0.0123785 -0.0197057 0.999729
    outer loop
      vertex 34.8795 2.55112 2.78454
      vertex 31.5855 3.25398 2.83918
      vertex 31.55 3.23168 2.83918
    endloop
  endfacet
  facet normal 0.013624 -0.0136195 0.999814
    outer loop
      vertex 31.55 3.23168 2.83918
      vertex 34.8489 2.52051 2.78454
      vertex 34.8795 2.55112 2.78454
    endloop
  endfacet
  facet normal 0.0136256 -0.0136118 0.999815
    outer loop
      vertex 34.8489 2.52051 2.78454
      vertex 31.55 3.23168 2.83918
      vertex 31.5204 3.20205 2.83918
    endloop
  endfacet
  facet normal 0.0153128 -0.00538173 0.999868
    outer loop
      vertex 34.8116 2.44301 2.78454
      vertex 31.4981 3.16657 2.83918
      vertex 31.4842 3.12702 2.83918
    endloop
  endfacet
  facet normal 0.0160468 -0.00181123 0.99987
    outer loop
      vertex 34.8116 2.44301 2.78454
      vertex 31.4842 3.12702 2.83918
      vertex 31.4795 3.08538 2.83918
    endloop
  endfacet
  facet normal 0.0176973 0.00619512 0.999824
    outer loop
      vertex 34.8259 2.31614 2.78454
      vertex 34.8116 2.35699 2.78454
      vertex 31.4981 3.00419 2.83918
    endloop
  endfacet
  facet normal 0.0177024 0.00622159 0.999824
    outer loop
      vertex 31.4981 3.00419 2.83918
      vertex 34.8116 2.35699 2.78454
      vertex 31.4842 3.04374 2.83918
    endloop
  endfacet
  facet normal 0.010353 -0.0296109 0.999508
    outer loop
      vertex 34.9161 2.57414 2.78454
      vertex 34.957 2.58844 2.78454
      vertex 31.625 3.26782 2.83918
    endloop
  endfacet
  facet normal 0.0145443 -0.0091274 0.999853
    outer loop
      vertex 34.8259 2.48386 2.78454
      vertex 34.8489 2.52051 2.78454
      vertex 31.4981 3.16657 2.83918
    endloop
  endfacet
  facet normal 0.0168145 0.00191562 0.999857
    outer loop
      vertex 34.8116 2.35699 2.78454
      vertex 34.8067 2.4 2.78454
      vertex 31.4795 3.08538 2.83918
    endloop
  endfacet
  facet normal 0.0244484 0.0388542 0.998946
    outer loop
      vertex 34.9161 2.22585 2.78454
      vertex 34.8795 2.24888 2.78454
      vertex 31.5855 2.91678 2.83918
    endloop
  endfacet
  facet normal 0.0244681 0.0389514 0.998941
    outer loop
      vertex 31.5855 2.91678 2.83918
      vertex 34.8795 2.24888 2.78454
      vertex 31.55 2.93908 2.83918
    endloop
  endfacet
  facet normal 0.0206918 0.0206851 0.999572
    outer loop
      vertex 34.8489 2.27949 2.78454
      vertex 31.55 2.93908 2.83918
      vertex 34.8795 2.24888 2.78454
    endloop
  endfacet
  facet normal 0.0206883 0.0206673 0.999572
    outer loop
      vertex 31.55 2.93908 2.83918
      vertex 34.8489 2.27949 2.78454
      vertex 31.5204 2.96871 2.83918
    endloop
  endfacet
  facet normal -0.18836 -0.881073 0.433856
    outer loop
      vertex 38.6662 3.10021 3.55999
      vertex 35.3626 3.98859 3.92984
      vertex 35.3253 3.82506 3.58155
    endloop
  endfacet
  facet normal 0.0156653 0.0156503 0.999755
    outer loop
      vertex 38.1787 1.51836 2.74428
      vertex 34.8795 2.24888 2.78454
      vertex 38.21 1.48703 2.74428
    endloop
  endfacet
  facet normal 0.0156681 0.015663 0.999755
    outer loop
      vertex 34.8795 2.24888 2.78454
      vertex 38.1787 1.51836 2.74428
      vertex 34.8489 2.27949 2.78454
    endloop
  endfacet
  facet normal -0.161932 -0.764906 0.623456
    outer loop
      vertex 38.6662 3.10021 3.55999
      vertex 35.3253 3.82506 3.58155
      vertex 35.2716 3.59008 3.27931
    endloop
  endfacet
  facet normal -0.18836 -0.881074 0.433855
    outer loop
      vertex 38.6662 3.10021 3.55999
      vertex 38.7044 3.26757 3.91645
      vertex 35.3626 3.98859 3.92984
    endloop
  endfacet
  facet normal -0.126817 -0.610547 0.78176
    outer loop
      vertex 38.5425 2.55814 3.00398
      vertex 35.2716 3.59008 3.27931
      vertex 35.2044 3.29543 3.03829
    endloop
  endfacet
  facet normal 0.0124157 0.00141449 0.999922
    outer loop
      vertex 34.8116 2.35699 2.78454
      vertex 38.1355 1.6417 2.74428
      vertex 34.8067 2.4 2.78454
    endloop
  endfacet
  facet normal 0.149779 0.605316 0.781767
    outer loop
      vertex 38.1242 0.725253 3.00398
      vertex 34.7956 1.50457 3.03829
      vertex 34.7284 1.20992 3.27931
    endloop
  endfacet
  facet normal 0.10772 0.420429 0.900908
    outer loop
      vertex 38.1242 0.725253 3.00398
      vertex 34.8731 1.84413 2.87056
      vertex 34.7956 1.50457 3.03829
    endloop
  endfacet
  facet normal -0.161933 -0.764912 0.623449
    outer loop
      vertex 38.6113 2.85971 3.25066
      vertex 38.6662 3.10021 3.55999
      vertex 35.2716 3.59008 3.27931
    endloop
  endfacet
  facet normal -0.126815 -0.610542 0.781765
    outer loop
      vertex 38.5425 2.55814 3.00398
      vertex 38.6113 2.85971 3.25066
      vertex 35.2716 3.59008 3.27931
    endloop
  endfacet
  facet normal -0.204766 -0.953186 0.222501
    outer loop
      vertex 38.7044 3.26757 3.91645
      vertex 38.724 3.3534 4.30218
      vertex 35.3626 3.98859 3.92984
    endloop
  endfacet
  facet normal 0.149776 0.605276 0.781798
    outer loop
      vertex 38.0553 0.423681 3.25066
      vertex 38.1242 0.725253 3.00398
      vertex 34.7284 1.20992 3.27931
    endloop
  endfacet
  facet normal 0.0608407 0.214351 0.97486
    outer loop
      vertex 38.2035 1.07278 2.83232
      vertex 38.2893 1.44883 2.74428
      vertex 34.957 2.21156 2.78454
    endloop
  endfacet
  facet normal -0.0847578 -0.425667 0.900902
    outer loop
      vertex 38.5425 2.55814 3.00398
      vertex 35.2044 3.29543 3.03829
      vertex 35.1269 2.95587 2.87056
    endloop
  endfacet
  facet normal 0.107718 0.420423 0.900911
    outer loop
      vertex 38.1242 0.725253 3.00398
      vertex 38.2035 1.07278 2.83232
      vertex 34.8731 1.84413 2.87056
    endloop
  endfacet
  facet normal 0.227735 0.94796 0.222507
    outer loop
      vertex 37.9426 -0.0700045 4.30218
      vertex 37.9622 0.0158262 3.91645
      vertex 34.6183 0.727551 4.30672
    endloop
  endfacet
  facet normal -0.204764 -0.953193 0.222473
    outer loop
      vertex 38.724 3.3534 4.30218
      vertex 35.3817 4.07245 4.30672
      vertex 35.3626 3.98859 3.92984
    endloop
  endfacet
  facet normal 0.184896 0.759667 0.623473
    outer loop
      vertex 38.0004 0.183186 3.55999
      vertex 34.7284 1.20992 3.27931
      vertex 34.6747 0.974936 3.58155
    endloop
  endfacet
  facet normal -0.0118839 -0.105661 0.994331
    outer loop
      vertex 38.3333 1.83952 2.74428
      vertex 38.3774 1.83456 2.74428
      vertex 35 2.59329 2.78454
    endloop
  endfacet
  facet normal -0.0847568 -0.425657 0.900907
    outer loop
      vertex 38.4632 2.21061 2.83232
      vertex 38.5425 2.55814 3.00398
      vertex 35.1269 2.95587 2.87056
    endloop
  endfacet
  facet normal -0.037878 -0.219589 0.974857
    outer loop
      vertex 38.3774 1.83456 2.74428
      vertex 38.4632 2.21061 2.83232
      vertex 35.1269 2.95587 2.87056
    endloop
  endfacet
  facet normal -0.210324 -0.977632 0
    outer loop
      vertex 35.3817 4.07245 4.30672
      vertex 38.724 3.3534 4.52
      vertex 35.3817 4.07245 4.52
    endloop
  endfacet
  facet normal -0.210324 -0.977632 -0
    outer loop
      vertex 38.724 3.3534 4.52
      vertex 35.3817 4.07245 4.30672
      vertex 38.724 3.3534 4.30218
    endloop
  endfacet
  facet normal 0.233296 0.972406 0
    outer loop
      vertex 37.9426 -0.0700045 4.52
      vertex 34.6183 0.727551 4.30672
      vertex 34.6183 0.727551 4.52
    endloop
  endfacet
  facet normal 0.233296 0.972406 0
    outer loop
      vertex 34.6183 0.727551 4.30672
      vertex 37.9426 -0.0700045 4.52
      vertex 37.9426 -0.0700045 4.30218
    endloop
  endfacet
  facet normal 0.0117886 -0.00133901 0.99993
    outer loop
      vertex 38.1355 1.6417 2.74428
      vertex 38.1405 1.68572 2.74428
      vertex 34.8116 2.44301 2.78454
    endloop
  endfacet
  facet normal 0.0112033 -0.00391216 0.99993
    outer loop
      vertex 38.1405 1.68572 2.74428
      vertex 38.1551 1.72753 2.74428
      vertex 34.8116 2.44301 2.78454
    endloop
  endfacet
  facet normal 0.00733649 -0.0209614 0.999753
    outer loop
      vertex 38.2475 1.81993 2.74428
      vertex 38.2893 1.83456 2.74428
      vertex 34.9161 2.57414 2.78454
    endloop
  endfacet
  facet normal 0.0347199 0.0991998 0.994462
    outer loop
      vertex 38.2893 1.44883 2.74428
      vertex 38.2475 1.46346 2.74428
      vertex 34.9161 2.22585 2.78454
    endloop
  endfacet
  facet normal 0.184904 0.759685 0.62345
    outer loop
      vertex 38.0004 0.183186 3.55999
      vertex 38.0553 0.423681 3.25066
      vertex 34.7284 1.20992 3.27931
    endloop
  endfacet
  facet normal 0.227734 0.947966 0.222482
    outer loop
      vertex 37.9622 0.0158262 3.91645
      vertex 34.6374 0.811414 3.92984
      vertex 34.6183 0.727551 4.30672
    endloop
  endfacet
  facet normal 0.211329 0.875853 0.433845
    outer loop
      vertex 37.9622 0.0158262 3.91645
      vertex 34.6747 0.974936 3.58155
      vertex 34.6374 0.811414 3.92984
    endloop
  endfacet
  facet normal 0.0131425 0.00460067 0.999903
    outer loop
      vertex 34.8259 2.31614 2.78454
      vertex 38.1551 1.55586 2.74428
      vertex 34.8116 2.35699 2.78454
    endloop
  endfacet
  facet normal 0.0189808 0.0301649 0.999365
    outer loop
      vertex 34.9161 2.22585 2.78454
      vertex 38.21 1.48703 2.74428
      vertex 34.8795 2.24888 2.78454
    endloop
  endfacet
  facet normal 0.0189925 0.0302172 0.999363
    outer loop
      vertex 38.2475 1.46346 2.74428
      vertex 38.21 1.48703 2.74428
      vertex 34.9161 2.22585 2.78454
    endloop
  endfacet
  facet normal 0.0608357 0.214336 0.974864
    outer loop
      vertex 38.2035 1.07278 2.83232
      vertex 34.957 2.21156 2.78454
      vertex 34.8731 1.84413 2.87056
    endloop
  endfacet
  facet normal 0.211325 0.875846 0.433861
    outer loop
      vertex 37.9622 0.0158262 3.91645
      vertex 38.0004 0.183186 3.55999
      vertex 34.6747 0.974936 3.58155
    endloop
  endfacet
  facet normal 0.0348353 0.0997037 0.994407
    outer loop
      vertex 34.957 2.21156 2.78454
      vertex 38.2893 1.44883 2.74428
      vertex 34.9161 2.22585 2.78454
    endloop
  endfacet
  facet normal 0.0105797 -0.00665636 0.999922
    outer loop
      vertex 38.1551 1.72753 2.74428
      vertex 38.1787 1.76504 2.74428
      vertex 34.8489 2.52051 2.78454
    endloop
  endfacet
  facet normal 0.00401539 -0.0356204 0.999357
    outer loop
      vertex 38.2893 1.83456 2.74428
      vertex 38.3333 1.83952 2.74428
      vertex 35 2.59329 2.78454
    endloop
  endfacet
  facet normal 0.0117877 -0.00134293 0.99993
    outer loop
      vertex 38.1355 1.6417 2.74428
      vertex 34.8116 2.44301 2.78454
      vertex 34.8067 2.4 2.78454
    endloop
  endfacet
  facet normal 0.0141204 0.00888644 0.999861
    outer loop
      vertex 38.1787 1.51836 2.74428
      vertex 38.1551 1.55586 2.74428
      vertex 34.8489 2.27949 2.78454
    endloop
  endfacet
  facet normal 0.0141141 0.00885739 0.999861
    outer loop
      vertex 34.8489 2.27949 2.78454
      vertex 38.1551 1.55586 2.74428
      vertex 34.8259 2.31614 2.78454
    endloop
  endfacet
  facet normal 0.0131392 0.0045871 0.999903
    outer loop
      vertex 38.1551 1.55586 2.74428
      vertex 38.1405 1.59768 2.74428
      vertex 34.8116 2.35699 2.78454
    endloop
  endfacet
  facet normal 0.0124148 0.00141013 0.999922
    outer loop
      vertex 38.1405 1.59768 2.74428
      vertex 38.1355 1.6417 2.74428
      vertex 34.8116 2.35699 2.78454
    endloop
  endfacet
  facet normal 0.00888518 -0.0141267 0.999861
    outer loop
      vertex 38.21 1.79636 2.74428
      vertex 34.9161 2.57414 2.78454
      vertex 34.8795 2.55112 2.78454
    endloop
  endfacet
  facet normal 0.00401691 -0.0356139 0.999358
    outer loop
      vertex 38.2893 1.83456 2.74428
      vertex 35 2.59329 2.78454
      vertex 34.957 2.58844 2.78454
    endloop
  endfacet
  facet normal 0.00888353 -0.0141337 0.999861
    outer loop
      vertex 38.21 1.79636 2.74428
      vertex 38.2475 1.81993 2.74428
      vertex 34.9161 2.57414 2.78454
    endloop
  endfacet
  facet normal 0.00985515 -0.00984885 0.999903
    outer loop
      vertex 34.8795 2.55112 2.78454
      vertex 38.1787 1.76504 2.74428
      vertex 38.21 1.79636 2.74428
    endloop
  endfacet
  facet normal 0.00985456 -0.00985134 0.999903
    outer loop
      vertex 38.1787 1.76504 2.74428
      vertex 34.8795 2.55112 2.78454
      vertex 34.8489 2.52051 2.78454
    endloop
  endfacet
  facet normal 0.0105832 -0.00664158 0.999922
    outer loop
      vertex 38.1551 1.72753 2.74428
      vertex 34.8489 2.52051 2.78454
      vertex 34.8259 2.48386 2.78454
    endloop
  endfacet
  facet normal 0.0112013 -0.00392115 0.99993
    outer loop
      vertex 38.1551 1.72753 2.74428
      vertex 34.8259 2.48386 2.78454
      vertex 34.8116 2.44301 2.78454
    endloop
  endfacet
  facet normal -0.0378743 -0.219579 0.974859
    outer loop
      vertex 38.3774 1.83456 2.74428
      vertex 35.1269 2.95587 2.87056
      vertex 35.043 2.58844 2.78454
    endloop
  endfacet
  facet normal -0.0119512 -0.105959 0.994299
    outer loop
      vertex 38.3774 1.83456 2.74428
      vertex 35.043 2.58844 2.78454
      vertex 35 2.59329 2.78454
    endloop
  endfacet
  facet normal 0.00733352 -0.0209749 0.999753
    outer loop
      vertex 38.2893 1.83456 2.74428
      vertex 34.957 2.58844 2.78454
      vertex 34.9161 2.57414 2.78454
    endloop
  endfacet
  facet normal 0.109245 0.42007 0.900892
    outer loop
      vertex 41.4546 -0.0958014 2.98297
      vertex 41.535 0.256604 2.8089
      vertex 38.1242 0.725253 3.00398
    endloop
  endfacet
  facet normal 0.219276 0.873916 0.433807
    outer loop
      vertex 41.2904 -0.815192 3.90826
      vertex 38.0004 0.183186 3.55999
      vertex 37.9622 0.0158262 3.91645
    endloop
  endfacet
  facet normal -0.228639 -0.973511 0
    outer loop
      vertex 38.724 3.3534 4.30218
      vertex 42.0628 2.56925 4.52
      vertex 38.724 3.3534 4.52
    endloop
  endfacet
  facet normal -0.228639 -0.973511 -0
    outer loop
      vertex 42.0628 2.56925 4.52
      vertex 38.724 3.3534 4.30218
      vertex 42.0628 2.56925 4.2994
    endloop
  endfacet
  facet normal 0.00437535 -0.0125094 0.999912
    outer loop
      vertex 41.5796 1.01425 2.71962
      vertex 41.622 1.02908 2.71962
      vertex 38.2893 1.83456 2.74428
    endloop
  endfacet
  facet normal -0.0454298 -0.21788 0.974918
    outer loop
      vertex 41.7983 1.41042 2.8089
      vertex 38.4632 2.21061 2.83232
      vertex 38.3774 1.83456 2.74428
    endloop
  endfacet
  facet normal 0.00642528 -0.00403745 0.999971
    outer loop
      vertex 41.4859 0.920548 2.71962
      vertex 41.5098 0.958583 2.71962
      vertex 38.1787 1.76504 2.74428
    endloop
  endfacet
  facet normal -0.139917 -0.607593 0.781828
    outer loop
      vertex 41.8788 1.76282 2.98297
      vertex 41.9486 2.06863 3.23312
      vertex 38.5425 2.55814 3.00398
    endloop
  endfacet
  facet normal -0.0454304 -0.217885 0.974917
    outer loop
      vertex 41.7113 1.02908 2.71962
      vertex 41.7983 1.41042 2.8089
      vertex 38.3774 1.83456 2.74428
    endloop
  endfacet
  facet normal 0.00720797 -0.000807362 0.999974
    outer loop
      vertex 41.4661 0.83351 2.71962
      vertex 41.4711 0.878149 2.71962
      vertex 38.1355 1.6417 2.74428
    endloop
  endfacet
  facet normal 0.00978376 0.00979485 0.999904
    outer loop
      vertex 41.5416 0.676675 2.71962
      vertex 41.5098 0.708439 2.71962
      vertex 38.1787 1.51836 2.74428
    endloop
  endfacet
  facet normal 0.191209 0.758156 0.623409
    outer loop
      vertex 41.3291 -0.645482 3.54679
      vertex 41.3848 -0.401608 3.23312
      vertex 38.0553 0.423681 3.25066
    endloop
  endfacet
  facet normal 0.219281 0.873926 0.433785
    outer loop
      vertex 41.2904 -0.815192 3.90826
      vertex 41.3291 -0.645482 3.54679
      vertex 38.0004 0.183186 3.55999
    endloop
  endfacet
  facet normal 0.236696 0.945765 0.222495
    outer loop
      vertex 41.2705 -0.902229 4.2994
      vertex 41.2904 -0.815192 3.90826
      vertex 37.9622 0.0158262 3.91645
    endloop
  endfacet
  facet normal 0.242604 0.970125 0
    outer loop
      vertex 41.2705 -0.902229 4.52
      vertex 37.9426 -0.0700045 4.30218
      vertex 37.9426 -0.0700045 4.52
    endloop
  endfacet
  facet normal 0.242604 0.970125 0
    outer loop
      vertex 37.9426 -0.0700045 4.30218
      vertex 41.2705 -0.902229 4.52
      vertex 41.2705 -0.902229 4.2994
    endloop
  endfacet
  facet normal 0.0594453 0.214673 0.974875
    outer loop
      vertex 41.535 0.256604 2.8089
      vertex 38.2893 1.44883 2.74428
      vertex 38.2035 1.07278 2.83232
    endloop
  endfacet
  facet normal -0.139917 -0.607599 0.781823
    outer loop
      vertex 41.9486 2.06863 3.23312
      vertex 38.6113 2.85971 3.25066
      vertex 38.5425 2.55814 3.00398
    endloop
  endfacet
  facet normal 0.153906 0.604296 0.781754
    outer loop
      vertex 41.3848 -0.401608 3.23312
      vertex 38.1242 0.725253 3.00398
      vertex 38.0553 0.423681 3.25066
    endloop
  endfacet
  facet normal 0.153918 0.604324 0.78173
    outer loop
      vertex 41.3848 -0.401608 3.23312
      vertex 41.4546 -0.0958014 2.98297
      vertex 38.1242 0.725253 3.00398
    endloop
  endfacet
  facet normal -0.205304 -0.877266 0.433883
    outer loop
      vertex 42.0042 2.3125 3.54679
      vertex 38.7044 3.26757 3.91645
      vertex 38.6662 3.10021 3.55999
    endloop
  endfacet
  facet normal 0.00682592 -0.0023836 0.999974
    outer loop
      vertex 41.4711 0.878149 2.71962
      vertex 38.1551 1.72753 2.74428
      vertex 38.1405 1.68572 2.74428
    endloop
  endfacet
  facet normal -0.177225 -0.761478 0.623493
    outer loop
      vertex 41.9486 2.06863 3.23312
      vertex 38.6662 3.10021 3.55999
      vertex 38.6113 2.85971 3.25066
    endloop
  endfacet
  facet normal 0.191216 0.758169 0.623391
    outer loop
      vertex 41.3291 -0.645482 3.54679
      vertex 38.0553 0.423681 3.25066
      vertex 38.0004 0.183186 3.55999
    endloop
  endfacet
  facet normal 0.00682614 -0.00238277 0.999974
    outer loop
      vertex 41.4711 0.878149 2.71962
      vertex 41.4859 0.920548 2.71962
      vertex 38.1551 1.72753 2.74428
    endloop
  endfacet
  facet normal 0.00808952 0.0028237 0.999963
    outer loop
      vertex 41.4859 0.746473 2.71962
      vertex 41.4711 0.788873 2.71962
      vertex 38.1551 1.55586 2.74428
    endloop
  endfacet
  facet normal 0.0242206 0.0692157 0.997308
    outer loop
      vertex 41.622 0.637939 2.71962
      vertex 41.5796 0.652776 2.71962
      vertex 38.2893 1.44883 2.74428
    endloop
  endfacet
  facet normal 0.0053444 -0.00850297 0.99995
    outer loop
      vertex 41.5796 1.01425 2.71962
      vertex 38.2475 1.81993 2.74428
      vertex 38.21 1.79636 2.74428
    endloop
  endfacet
  facet normal 0.0594479 0.214679 0.974874
    outer loop
      vertex 41.535 0.256604 2.8089
      vertex 41.622 0.637939 2.71962
      vertex 38.2893 1.44883 2.74428
    endloop
  endfacet
  facet normal 0.00808964 0.00282422 0.999963
    outer loop
      vertex 38.1551 1.55586 2.74428
      vertex 41.4711 0.788873 2.71962
      vertex 38.1405 1.59768 2.74428
    endloop
  endfacet
  facet normal -0.205298 -0.877255 0.433908
    outer loop
      vertex 42.0042 2.3125 3.54679
      vertex 42.043 2.48221 3.90826
      vertex 38.7044 3.26757 3.91645
    endloop
  endfacet
  facet normal 0.0087398 0.00550024 0.999947
    outer loop
      vertex 38.1787 1.51836 2.74428
      vertex 41.4859 0.746473 2.71962
      vertex 38.1551 1.55586 2.74428
    endloop
  endfacet
  facet normal 0.00761387 0.000864819 0.999971
    outer loop
      vertex 38.1405 1.59768 2.74428
      vertex 41.4711 0.788873 2.71962
      vertex 38.1355 1.6417 2.74428
    endloop
  endfacet
  facet normal 0.00761072 0.000852513 0.999971
    outer loop
      vertex 41.4711 0.788873 2.71962
      vertex 41.4661 0.83351 2.71962
      vertex 38.1355 1.6417 2.74428
    endloop
  endfacet
  facet normal 0.00873753 0.00549053 0.999947
    outer loop
      vertex 41.5098 0.708439 2.71962
      vertex 41.4859 0.746473 2.71962
      vertex 38.1787 1.51836 2.74428
    endloop
  endfacet
  facet normal -0.0952313 -0.423288 0.900976
    outer loop
      vertex 41.7983 1.41042 2.8089
      vertex 41.8788 1.76282 2.98297
      vertex 38.5425 2.55814 3.00398
    endloop
  endfacet
  facet normal -0.0952349 -0.423298 0.900971
    outer loop
      vertex 41.7983 1.41042 2.8089
      vertex 38.5425 2.55814 3.00398
      vertex 38.4632 2.21061 2.83232
    endloop
  endfacet
  facet normal -0.177235 -0.7615 0.623462
    outer loop
      vertex 41.9486 2.06863 3.23312
      vertex 42.0042 2.3125 3.54679
      vertex 38.6662 3.10021 3.55999
    endloop
  endfacet
  facet normal 0.109244 0.420066 0.900894
    outer loop
      vertex 41.535 0.256604 2.8089
      vertex 38.2035 1.07278 2.83232
      vertex 38.1242 0.725253 3.00398
    endloop
  endfacet
  facet normal 0.00642416 -0.00404186 0.999971
    outer loop
      vertex 41.4859 0.920548 2.71962
      vertex 38.1787 1.76504 2.74428
      vertex 38.1551 1.72753 2.74428
    endloop
  endfacet
  facet normal -0.00643179 -0.0571859 0.998343
    outer loop
      vertex 41.7113 1.02908 2.71962
      vertex 38.3774 1.83456 2.74428
      vertex 38.3333 1.83952 2.74428
    endloop
  endfacet
  facet normal 0.0120667 0.0191864 0.999743
    outer loop
      vertex 41.5796 0.652776 2.71962
      vertex 41.5416 0.676675 2.71962
      vertex 38.21 1.48703 2.74428
    endloop
  endfacet
  facet normal 0.236699 0.945769 0.222475
    outer loop
      vertex 41.2705 -0.902229 4.2994
      vertex 37.9622 0.0158262 3.91645
      vertex 37.9426 -0.0700045 4.30218
    endloop
  endfacet
  facet normal 0.00720543 -0.000818427 0.999974
    outer loop
      vertex 41.4711 0.878149 2.71962
      vertex 38.1405 1.68572 2.74428
      vertex 38.1355 1.6417 2.74428
    endloop
  endfacet
  facet normal 0.0242097 0.0691706 0.997311
    outer loop
      vertex 38.2893 1.44883 2.74428
      vertex 41.5796 0.652776 2.71962
      vertex 38.2475 1.46346 2.74428
    endloop
  endfacet
  facet normal -0.00646504 -0.0573242 0.998335
    outer loop
      vertex 41.6667 1.03411 2.71962
      vertex 41.7113 1.02908 2.71962
      vertex 38.3333 1.83952 2.74428
    endloop
  endfacet
  facet normal -0.222731 -0.949146 0.222515
    outer loop
      vertex 42.0628 2.56925 4.2994
      vertex 38.724 3.3534 4.30218
      vertex 38.7044 3.26757 3.91645
    endloop
  endfacet
  facet normal -0.222729 -0.949152 0.222489
    outer loop
      vertex 42.043 2.48221 3.90826
      vertex 42.0628 2.56925 4.2994
      vertex 38.7044 3.26757 3.91645
    endloop
  endfacet
  facet normal 0.00235296 -0.0208731 0.999779
    outer loop
      vertex 41.622 1.02908 2.71962
      vertex 38.3333 1.83952 2.74428
      vertex 38.2893 1.83456 2.74428
    endloop
  endfacet
  facet normal 0.00534553 -0.00849811 0.99995
    outer loop
      vertex 41.5416 0.990347 2.71962
      vertex 41.5796 1.01425 2.71962
      vertex 38.21 1.79636 2.74428
    endloop
  endfacet
  facet normal 0.00235011 -0.0208847 0.999779
    outer loop
      vertex 41.622 1.02908 2.71962
      vertex 41.6667 1.03411 2.71962
      vertex 38.3333 1.83952 2.74428
    endloop
  endfacet
  facet normal 0.00977694 0.00976758 0.999904
    outer loop
      vertex 38.21 1.48703 2.74428
      vertex 41.5416 0.676675 2.71962
      vertex 38.1787 1.51836 2.74428
    endloop
  endfacet
  facet normal 0.0120715 0.0192059 0.999743
    outer loop
      vertex 38.2475 1.46346 2.74428
      vertex 41.5796 0.652776 2.71962
      vertex 38.21 1.48703 2.74428
    endloop
  endfacet
  facet normal 0.00596049 -0.00595668 0.999964
    outer loop
      vertex 41.5416 0.990347 2.71962
      vertex 38.21 1.79636 2.74428
      vertex 38.1787 1.76504 2.74428
    endloop
  endfacet
  facet normal 0.00595851 -0.00596526 0.999964
    outer loop
      vertex 41.5098 0.958583 2.71962
      vertex 41.5416 0.990347 2.71962
      vertex 38.1787 1.76504 2.74428
    endloop
  endfacet
  facet normal 0.00437658 -0.0125045 0.999912
    outer loop
      vertex 41.5796 1.01425 2.71962
      vertex 38.2893 1.83456 2.74428
      vertex 38.2475 1.81993 2.74428
    endloop
  endfacet
  facet normal -0.187326 -0.759109 0.623428
    outer loop
      vertex 45.2832 1.24088 3.22721
      vertex 45.3391 1.48589 3.54234
      vertex 42.0042 2.3125 3.54679
    endloop
  endfacet
  facet normal 0.107626 0.420449 0.90091
    outer loop
      vertex 44.7869 -0.933647 2.9759
      vertex 41.535 0.256604 2.8089
      vertex 41.4546 -0.0958014 2.98297
    endloop
  endfacet
  facet normal 0.153622 0.604392 0.781736
    outer loop
      vertex 44.7168 -1.24088 3.22721
      vertex 44.7869 -0.933647 2.9759
      vertex 41.3848 -0.401608 3.23312
    endloop
  endfacet
  facet normal -0.102914 -0.421524 0.900958
    outer loop
      vertex 45.2131 0.933647 2.9759
      vertex 41.8788 1.76282 2.98297
      vertex 41.7983 1.41042 2.8089
    endloop
  endfacet
  facet normal -0.216218 -0.874653 0.433858
    outer loop
      vertex 45.3781 1.65639 3.9055
      vertex 42.043 2.48221 3.90826
      vertex 42.0042 2.3125 3.54679
    endloop
  endfacet
  facet normal -0.00204956 -0.018173 0.999833
    outer loop
      vertex 45.0448 0.196483 2.71132
      vertex 41.7113 1.02908 2.71962
      vertex 41.6667 1.03411 2.71962
    endloop
  endfacet
  facet normal 0.0563415 0.215365 0.974907
    outer loop
      vertex 44.8677 -0.579597 2.80101
      vertex 44.9552 -0.196483 2.71132
      vertex 41.622 0.637939 2.71962
    endloop
  endfacet
  facet normal -0.234157 -0.946402 0.222472
    outer loop
      vertex 45.3781 1.65639 3.9055
      vertex 45.398 1.74384 4.29846
      vertex 42.0628 2.56925 4.2994
    endloop
  endfacet
  facet normal -0.102917 -0.421552 0.900945
    outer loop
      vertex 45.1323 0.579597 2.80101
      vertex 45.2131 0.933647 2.9759
      vertex 41.7983 1.41042 2.8089
    endloop
  endfacet
  facet normal -0.187333 -0.759126 0.623406
    outer loop
      vertex 45.2832 1.24088 3.22721
      vertex 42.0042 2.3125 3.54679
      vertex 41.9486 2.06863 3.23312
    endloop
  endfacet
  facet normal 0.00199209 -0.00199434 0.999996
    outer loop
      vertex 44.8424 0.125655 2.71132
      vertex 41.5416 0.990347 2.71962
      vertex 41.5098 0.958583 2.71962
    endloop
  endfacet
  facet normal -0.23416 -0.946405 0.222456
    outer loop
      vertex 45.3781 1.65639 3.9055
      vertex 42.0628 2.56925 4.2994
      vertex 42.043 2.48221 3.90826
    endloop
  endfacet
  facet normal -0.240237 -0.970714 0
    outer loop
      vertex 42.0628 2.56925 4.2994
      vertex 45.398 1.74384 4.52
      vertex 42.0628 2.56925 4.52
    endloop
  endfacet
  facet normal -0.240237 -0.970714 -0
    outer loop
      vertex 45.398 1.74384 4.52
      vertex 42.0628 2.56925 4.2994
      vertex 45.398 1.74384 4.29846
    endloop
  endfacet
  facet normal 0.00229072 -0.000799609 0.999997
    outer loop
      vertex 44.8184 0.0874424 2.71132
      vertex 41.4859 0.920548 2.71962
      vertex 41.4711 0.878149 2.71962
    endloop
  endfacet
  facet normal -0.216218 -0.874652 0.43386
    outer loop
      vertex 45.3391 1.48589 3.54234
      vertex 45.3781 1.65639 3.9055
      vertex 42.0042 2.3125 3.54679
    endloop
  endfacet
  facet normal 0.107629 0.420458 0.900906
    outer loop
      vertex 44.7869 -0.933647 2.9759
      vertex 44.8677 -0.579597 2.80101
      vertex 41.535 0.256604 2.8089
    endloop
  endfacet
  facet normal 0.0563516 0.215392 0.9749
    outer loop
      vertex 44.8677 -0.579597 2.80101
      vertex 41.622 0.637939 2.71962
      vertex 41.535 0.256604 2.8089
    endloop
  endfacet
  facet normal 0.00242283 -0.00027138 0.999997
    outer loop
      vertex 44.8035 0.0448456 2.71132
      vertex 41.4711 0.878149 2.71962
      vertex 41.4661 0.83351 2.71962
    endloop
  endfacet
  facet normal 0.00242312 -0.000270162 0.999997
    outer loop
      vertex 44.7985 0 2.71132
      vertex 44.8035 0.0448456 2.71132
      vertex 41.4661 0.83351 2.71962
    endloop
  endfacet
  facet normal -0.148919 -0.605505 0.781785
    outer loop
      vertex 45.2131 0.933647 2.9759
      vertex 45.2832 1.24088 3.22721
      vertex 41.9486 2.06863 3.23312
    endloop
  endfacet
  facet normal -0.148919 -0.605504 0.781785
    outer loop
      vertex 45.2131 0.933647 2.9759
      vertex 41.9486 2.06863 3.23312
      vertex 41.8788 1.76282 2.98297
    endloop
  endfacet
  facet normal -0.0516365 -0.21647 0.974923
    outer loop
      vertex 45.1323 0.579597 2.80101
      vertex 41.7983 1.41042 2.8089
      vertex 41.7113 1.02908 2.71962
    endloop
  endfacet
  facet normal -0.0516335 -0.216446 0.974928
    outer loop
      vertex 45.0448 0.196483 2.71132
      vertex 45.1323 0.579597 2.80101
      vertex 41.7113 1.02908 2.71962
    endloop
  endfacet
  facet normal 0.00332321 0.00332697 0.999989
    outer loop
      vertex 41.5416 0.676675 2.71962
      vertex 44.8424 -0.125655 2.71132
      vertex 41.5098 0.708439 2.71962
    endloop
  endfacet
  facet normal 0.00145265 -0.00415322 0.99999
    outer loop
      vertex 44.9552 0.196483 2.71132
      vertex 41.622 1.02908 2.71962
      vertex 41.5796 1.01425 2.71962
    endloop
  endfacet
  facet normal 0.000774496 -0.00686806 0.999976
    outer loop
      vertex 44.9552 0.196483 2.71132
      vertex 45 0.201535 2.71132
      vertex 41.6667 1.03411 2.71962
    endloop
  endfacet
  facet normal 0.153622 0.604394 0.781734
    outer loop
      vertex 44.7869 -0.933647 2.9759
      vertex 41.4546 -0.0958014 2.98297
      vertex 41.3848 -0.401608 3.23312
    endloop
  endfacet
  facet normal 0.00145285 -0.00415239 0.99999
    outer loop
      vertex 44.9126 0.181578 2.71132
      vertex 44.9552 0.196483 2.71132
      vertex 41.5796 1.01425 2.71962
    endloop
  endfacet
  facet normal 0.00199271 -0.00199196 0.999996
    outer loop
      vertex 44.8424 0.125655 2.71132
      vertex 44.8743 0.157567 2.71132
      vertex 41.5416 0.990347 2.71962
    endloop
  endfacet
  facet normal 0.00272898 0.000952569 0.999996
    outer loop
      vertex 41.4859 0.746473 2.71962
      vertex 44.8184 -0.0874424 2.71132
      vertex 41.4711 0.788873 2.71962
    endloop
  endfacet
  facet normal 0.000773353 -0.00687254 0.999976
    outer loop
      vertex 44.9552 0.196483 2.71132
      vertex 41.6667 1.03411 2.71962
      vertex 41.622 1.02908 2.71962
    endloop
  endfacet
  facet normal 0 0 1
    outer loop
      vertex 45.1965 0.0448456 2.71132
      vertex 45.1965 -0.0448456 2.71132
      vertex 45.2015 0 2.71132
    endloop
  endfacet
  facet normal 0 0 1
    outer loop
      vertex 45.1816 0.0874424 2.71132
      vertex 45.1965 -0.0448456 2.71132
      vertex 45.1965 0.0448456 2.71132
    endloop
  endfacet
  facet normal 0 0 1
    outer loop
      vertex 45.1816 0.0874424 2.71132
      vertex 45.1816 -0.0874424 2.71132
      vertex 45.1965 -0.0448456 2.71132
    endloop
  endfacet
  facet normal 0 0 1
    outer loop
      vertex 45.1576 0.125655 2.71132
      vertex 45.1816 -0.0874424 2.71132
      vertex 45.1816 0.0874424 2.71132
    endloop
  endfacet
  facet normal 0 0 1
    outer loop
      vertex 45.1576 0.125655 2.71132
      vertex 45.1576 -0.125655 2.71132
      vertex 45.1816 -0.0874424 2.71132
    endloop
  endfacet
  facet normal 0 0 1
    outer loop
      vertex 45.1257 0.157567 2.71132
      vertex 45.1576 -0.125655 2.71132
      vertex 45.1576 0.125655 2.71132
    endloop
  endfacet
  facet normal 0 0 1
    outer loop
      vertex 45.1257 0.157567 2.71132
      vertex 45.1257 -0.157567 2.71132
      vertex 45.1576 -0.125655 2.71132
    endloop
  endfacet
  facet normal 0 0 1
    outer loop
      vertex 45.0874 0.181578 2.71132
      vertex 45.1257 -0.157567 2.71132
      vertex 45.1257 0.157567 2.71132
    endloop
  endfacet
  facet normal 0 0 1
    outer loop
      vertex 45.0874 0.181578 2.71132
      vertex 45.0874 -0.181578 2.71132
      vertex 45.1257 -0.157567 2.71132
    endloop
  endfacet
  facet normal 0 0 1
    outer loop
      vertex 45.0448 0.196483 2.71132
      vertex 45.0874 -0.181578 2.71132
      vertex 45.0874 0.181578 2.71132
    endloop
  endfacet
  facet normal 0 0 1
    outer loop
      vertex 45.0448 0.196483 2.71132
      vertex 45.0448 -0.196483 2.71132
      vertex 45.0874 -0.181578 2.71132
    endloop
  endfacet
  facet normal 0 0 1
    outer loop
      vertex 45 0.201535 2.71132
      vertex 45.0448 -0.196483 2.71132
      vertex 45.0448 0.196483 2.71132
    endloop
  endfacet
  facet normal 0 0 1
    outer loop
      vertex 45 0.201535 2.71132
      vertex 45 -0.201535 2.71132
      vertex 45.0448 -0.196483 2.71132
    endloop
  endfacet
  facet normal -0 0 1
    outer loop
      vertex 44.9552 0.196483 2.71132
      vertex 45 -0.201535 2.71132
      vertex 45 0.201535 2.71132
    endloop
  endfacet
  facet normal 0 0 1
    outer loop
      vertex 44.9552 0.196483 2.71132
      vertex 44.9552 -0.196483 2.71132
      vertex 45 -0.201535 2.71132
    endloop
  endfacet
  facet normal -0 0 1
    outer loop
      vertex 44.9126 0.181578 2.71132
      vertex 44.9552 -0.196483 2.71132
      vertex 44.9552 0.196483 2.71132
    endloop
  endfacet
  facet normal 0 0 1
    outer loop
      vertex 44.9126 0.181578 2.71132
      vertex 44.9126 -0.181578 2.71132
      vertex 44.9552 -0.196483 2.71132
    endloop
  endfacet
  facet normal -0 0 1
    outer loop
      vertex 44.8743 0.157567 2.71132
      vertex 44.9126 -0.181578 2.71132
      vertex 44.9126 0.181578 2.71132
    endloop
  endfacet
  facet normal 0 0 1
    outer loop
      vertex 44.8743 0.157567 2.71132
      vertex 44.8743 -0.157567 2.71132
      vertex 44.9126 -0.181578 2.71132
    endloop
  endfacet
  facet normal -0 0 1
    outer loop
      vertex 44.8424 0.125655 2.71132
      vertex 44.8743 -0.157567 2.71132
      vertex 44.8743 0.157567 2.71132
    endloop
  endfacet
  facet normal 0 0 1
    outer loop
      vertex 44.8424 0.125655 2.71132
      vertex 44.8424 -0.125655 2.71132
      vertex 44.8743 -0.157567 2.71132
    endloop
  endfacet
  facet normal -0 0 1
    outer loop
      vertex 44.8184 0.0874424 2.71132
      vertex 44.8424 -0.125655 2.71132
      vertex 44.8424 0.125655 2.71132
    endloop
  endfacet
  facet normal 0 0 1
    outer loop
      vertex 44.8184 0.0874424 2.71132
      vertex 44.8184 -0.0874424 2.71132
      vertex 44.8424 -0.125655 2.71132
    endloop
  endfacet
  facet normal -0 0 1
    outer loop
      vertex 44.8035 0.0448456 2.71132
      vertex 44.8184 -0.0874424 2.71132
      vertex 44.8184 0.0874424 2.71132
    endloop
  endfacet
  facet normal 0 0 1
    outer loop
      vertex 44.8035 0.0448456 2.71132
      vertex 44.8035 -0.0448456 2.71132
      vertex 44.8184 -0.0874424 2.71132
    endloop
  endfacet
  facet normal 0 -0 1
    outer loop
      vertex 44.8035 -0.0448456 2.71132
      vertex 44.8035 0.0448456 2.71132
      vertex 44.7985 0 2.71132
    endloop
  endfacet
  facet normal 0.00295533 0.00185709 0.999994
    outer loop
      vertex 41.5098 0.708439 2.71962
      vertex 44.8424 -0.125655 2.71132
      vertex 41.4859 0.746473 2.71962
    endloop
  endfacet
  facet normal 0.00215263 -0.00135199 0.999997
    outer loop
      vertex 44.8184 0.0874424 2.71132
      vertex 44.8424 0.125655 2.71132
      vertex 41.4859 0.920548 2.71962
    endloop
  endfacet
  facet normal 0.192022 0.757958 0.6234
    outer loop
      vertex 44.7168 -1.24088 3.22721
      vertex 41.3848 -0.401608 3.23312
      vertex 41.3291 -0.645482 3.54679
    endloop
  endfacet
  facet normal 0.00272956 0.000954776 0.999996
    outer loop
      vertex 44.8184 -0.0874424 2.71132
      vertex 44.8035 -0.0448456 2.71132
      vertex 41.4711 0.788873 2.71962
    endloop
  endfacet
  facet normal 0.00295504 0.00185596 0.999994
    outer loop
      vertex 44.8424 -0.125655 2.71132
      vertex 44.8184 -0.0874424 2.71132
      vertex 41.4859 0.746473 2.71962
    endloop
  endfacet
  facet normal 0.0017807 -0.00284039 0.999994
    outer loop
      vertex 44.8743 0.157567 2.71132
      vertex 44.9126 0.181578 2.71132
      vertex 41.5416 0.990347 2.71962
    endloop
  endfacet
  facet normal 0.00215249 -0.00135256 0.999997
    outer loop
      vertex 44.8424 0.125655 2.71132
      vertex 41.5098 0.958583 2.71962
      vertex 41.4859 0.920548 2.71962
    endloop
  endfacet
  facet normal 0.00229035 -0.000801147 0.999997
    outer loop
      vertex 44.8035 0.0448456 2.71132
      vertex 44.8184 0.0874424 2.71132
      vertex 41.4711 0.878149 2.71962
    endloop
  endfacet
  facet normal -0.00204915 -0.0181714 0.999833
    outer loop
      vertex 45 0.201535 2.71132
      vertex 45.0448 0.196483 2.71132
      vertex 41.6667 1.03411 2.71962
    endloop
  endfacet
  facet normal 0.0025625 0.000287038 0.999997
    outer loop
      vertex 41.4711 0.788873 2.71962
      vertex 44.8035 -0.0448456 2.71132
      vertex 41.4661 0.83351 2.71962
    endloop
  endfacet
  facet normal 0.238854 0.945233 0.22245
    outer loop
      vertex 44.602 -1.74384 4.29846
      vertex 44.6219 -1.65639 3.9055
      vertex 41.2904 -0.815192 3.90826
    endloop
  endfacet
  facet normal 0.00178235 -0.00283351 0.999994
    outer loop
      vertex 44.9126 0.181578 2.71132
      vertex 41.5796 1.01425 2.71962
      vertex 41.5416 0.990347 2.71962
    endloop
  endfacet
  facet normal 0.0033216 0.00332035 0.999989
    outer loop
      vertex 44.8743 -0.157567 2.71132
      vertex 44.8424 -0.125655 2.71132
      vertex 41.5416 0.676675 2.71962
    endloop
  endfacet
  facet normal 0.00256214 0.000285662 0.999997
    outer loop
      vertex 44.8035 -0.0448456 2.71132
      vertex 44.7985 0 2.71132
      vertex 41.4661 0.83351 2.71962
    endloop
  endfacet
  facet normal 0.00874909 0.0250058 0.999649
    outer loop
      vertex 44.9552 -0.196483 2.71132
      vertex 44.9126 -0.181578 2.71132
      vertex 41.622 0.637939 2.71962
    endloop
  endfacet
  facet normal 0.220916 0.873496 0.433822
    outer loop
      vertex 44.6219 -1.65639 3.9055
      vertex 44.6609 -1.48589 3.54234
      vertex 41.2904 -0.815192 3.90826
    endloop
  endfacet
  facet normal 0.192023 0.757975 0.623379
    outer loop
      vertex 44.6609 -1.48589 3.54234
      vertex 44.7168 -1.24088 3.22721
      vertex 41.3291 -0.645482 3.54679
    endloop
  endfacet
  facet normal 0.238848 0.945226 0.222485
    outer loop
      vertex 44.602 -1.74384 4.29846
      vertex 41.2904 -0.815192 3.90826
      vertex 41.2705 -0.902229 4.2994
    endloop
  endfacet
  facet normal 0.00874621 0.0249942 0.999649
    outer loop
      vertex 41.622 0.637939 2.71962
      vertex 44.9126 -0.181578 2.71132
      vertex 41.5796 0.652776 2.71962
    endloop
  endfacet
  facet normal 0.00413673 0.0065775 0.99997
    outer loop
      vertex 41.5796 0.652776 2.71962
      vertex 44.9126 -0.181578 2.71132
      vertex 41.5416 0.676675 2.71962
    endloop
  endfacet
  facet normal 0.220915 0.873522 0.43377
    outer loop
      vertex 44.6609 -1.48589 3.54234
      vertex 41.3291 -0.645482 3.54679
      vertex 41.2904 -0.815192 3.90826
    endloop
  endfacet
  facet normal 0.244928 0.969541 0
    outer loop
      vertex 44.602 -1.74384 4.52
      vertex 41.2705 -0.902229 4.2994
      vertex 41.2705 -0.902229 4.52
    endloop
  endfacet
  facet normal 0.244928 0.969541 0
    outer loop
      vertex 41.2705 -0.902229 4.2994
      vertex 44.602 -1.74384 4.52
      vertex 44.602 -1.74384 4.29846
    endloop
  endfacet
  facet normal 0.00414573 0.00661286 0.99997
    outer loop
      vertex 44.9126 -0.181578 2.71132
      vertex 44.8743 -0.157567 2.71132
      vertex 41.5416 0.676675 2.71962
    endloop
  endfacet
  facet normal 0.187326 0.759109 0.623428
    outer loop
      vertex 47.9958 -2.3125 3.54679
      vertex 44.7168 -1.24088 3.22721
      vertex 44.6609 -1.48589 3.54234
    endloop
  endfacet
  facet normal -0.153622 -0.604394 0.781734
    outer loop
      vertex 48.5454 0.0958014 2.98297
      vertex 48.6152 0.401608 3.23312
      vertex 45.2131 0.933647 2.9759
    endloop
  endfacet
  facet normal -0.238854 -0.945233 0.22245
    outer loop
      vertex 48.7096 0.815192 3.90826
      vertex 45.398 1.74384 4.29846
      vertex 45.3781 1.65639 3.9055
    endloop
  endfacet
  facet normal -0.107626 -0.420449 0.90091
    outer loop
      vertex 48.465 -0.256604 2.8089
      vertex 48.5454 0.0958014 2.98297
      vertex 45.2131 0.933647 2.9759
    endloop
  endfacet
  facet normal -0.153622 -0.604392 0.781736
    outer loop
      vertex 48.6152 0.401608 3.23312
      vertex 45.2832 1.24088 3.22721
      vertex 45.2131 0.933647 2.9759
    endloop
  endfacet
  facet normal -0.0563516 -0.215392 0.9749
    outer loop
      vertex 48.378 -0.637939 2.71962
      vertex 48.465 -0.256604 2.8089
      vertex 45.1323 0.579597 2.80101
    endloop
  endfacet
  facet normal 0.216218 0.874653 0.433858
    outer loop
      vertex 47.957 -2.48221 3.90826
      vertex 47.9958 -2.3125 3.54679
      vertex 44.6219 -1.65639 3.9055
    endloop
  endfacet
  facet normal 0.23416 0.946405 0.222456
    outer loop
      vertex 47.9372 -2.56925 4.2994
      vertex 47.957 -2.48221 3.90826
      vertex 44.6219 -1.65639 3.9055
    endloop
  endfacet
  facet normal 0.234157 0.946402 0.222472
    outer loop
      vertex 47.9372 -2.56925 4.2994
      vertex 44.6219 -1.65639 3.9055
      vertex 44.602 -1.74384 4.29846
    endloop
  endfacet
  facet normal 0.187333 0.759126 0.623406
    outer loop
      vertex 47.9958 -2.3125 3.54679
      vertex 48.0514 -2.06863 3.23312
      vertex 44.7168 -1.24088 3.22721
    endloop
  endfacet
  facet normal -0.220916 -0.873496 0.433822
    outer loop
      vertex 48.7096 0.815192 3.90826
      vertex 45.3781 1.65639 3.9055
      vertex 45.3391 1.48589 3.54234
    endloop
  endfacet
  facet normal -0.000773353 0.00687254 0.999976
    outer loop
      vertex 48.3333 -1.03411 2.71962
      vertex 48.378 -1.02908 2.71962
      vertex 45.0448 -0.196483 2.71132
    endloop
  endfacet
  facet normal 0.148919 0.605505 0.781785
    outer loop
      vertex 48.0514 -2.06863 3.23312
      vertex 44.7869 -0.933647 2.9759
      vertex 44.7168 -1.24088 3.22721
    endloop
  endfacet
  facet normal 0.0516335 0.216446 0.974928
    outer loop
      vertex 48.2887 -1.02908 2.71962
      vertex 44.9552 -0.196483 2.71132
      vertex 44.8677 -0.579597 2.80101
    endloop
  endfacet
  facet normal 0.216218 0.874652 0.43386
    outer loop
      vertex 47.9958 -2.3125 3.54679
      vertex 44.6609 -1.48589 3.54234
      vertex 44.6219 -1.65639 3.9055
    endloop
  endfacet
  facet normal 0.240237 0.970714 -0
    outer loop
      vertex 47.9372 -2.56925 4.2994
      vertex 44.602 -1.74384 4.52
      vertex 47.9372 -2.56925 4.52
    endloop
  endfacet
  facet normal 0.240237 0.970714 0
    outer loop
      vertex 44.602 -1.74384 4.52
      vertex 47.9372 -2.56925 4.2994
      vertex 44.602 -1.74384 4.29846
    endloop
  endfacet
  facet normal -0.00242283 0.00027138 0.999997
    outer loop
      vertex 48.5289 -0.878149 2.71962
      vertex 48.5339 -0.83351 2.71962
      vertex 45.1965 -0.0448456 2.71132
    endloop
  endfacet
  facet normal 0.148919 0.605504 0.781785
    outer loop
      vertex 48.0514 -2.06863 3.23312
      vertex 48.1212 -1.76282 2.98297
      vertex 44.7869 -0.933647 2.9759
    endloop
  endfacet
  facet normal -0.107629 -0.420458 0.900906
    outer loop
      vertex 48.465 -0.256604 2.8089
      vertex 45.2131 0.933647 2.9759
      vertex 45.1323 0.579597 2.80101
    endloop
  endfacet
  facet normal -0.192022 -0.757958 0.6234
    outer loop
      vertex 48.6152 0.401608 3.23312
      vertex 48.6709 0.645482 3.54679
      vertex 45.2832 1.24088 3.22721
    endloop
  endfacet
  facet normal -0.00242312 0.000270162 0.999997
    outer loop
      vertex 48.5339 -0.83351 2.71962
      vertex 45.2015 0 2.71132
      vertex 45.1965 -0.0448456 2.71132
    endloop
  endfacet
  facet normal -0.00272898 -0.000952569 0.999996
    outer loop
      vertex 48.5289 -0.788873 2.71962
      vertex 48.5141 -0.746473 2.71962
      vertex 45.1816 0.0874424 2.71132
    endloop
  endfacet
  facet normal -0.00215263 0.00135199 0.999997
    outer loop
      vertex 48.5141 -0.920548 2.71962
      vertex 45.1816 -0.0874424 2.71132
      vertex 45.1576 -0.125655 2.71132
    endloop
  endfacet
  facet normal -0.0563415 -0.215365 0.974907
    outer loop
      vertex 48.378 -0.637939 2.71962
      vertex 45.1323 0.579597 2.80101
      vertex 45.0448 0.196483 2.71132
    endloop
  endfacet
  facet normal -0.192023 -0.757975 0.623379
    outer loop
      vertex 48.6709 0.645482 3.54679
      vertex 45.3391 1.48589 3.54234
      vertex 45.2832 1.24088 3.22721
    endloop
  endfacet
  facet normal -0.220915 -0.873522 0.43377
    outer loop
      vertex 48.6709 0.645482 3.54679
      vertex 48.7096 0.815192 3.90826
      vertex 45.3391 1.48589 3.54234
    endloop
  endfacet
  facet normal -0.238848 -0.945226 0.222485
    outer loop
      vertex 48.7096 0.815192 3.90826
      vertex 48.7295 0.902229 4.2994
      vertex 45.398 1.74384 4.29846
    endloop
  endfacet
  facet normal -0.244928 -0.969541 0
    outer loop
      vertex 45.398 1.74384 4.52
      vertex 48.7295 0.902229 4.2994
      vertex 48.7295 0.902229 4.52
    endloop
  endfacet
  facet normal -0.244928 -0.969541 0
    outer loop
      vertex 48.7295 0.902229 4.2994
      vertex 45.398 1.74384 4.52
      vertex 45.398 1.74384 4.29846
    endloop
  endfacet
  facet normal -0.00295533 -0.00185709 0.999994
    outer loop
      vertex 48.5141 -0.746473 2.71962
      vertex 48.4902 -0.708439 2.71962
      vertex 45.1576 0.125655 2.71132
    endloop
  endfacet
  facet normal 0.0516365 0.21647 0.974923
    outer loop
      vertex 48.2017 -1.41042 2.8089
      vertex 48.2887 -1.02908 2.71962
      vertex 44.8677 -0.579597 2.80101
    endloop
  endfacet
  facet normal 0.00204956 0.018173 0.999833
    outer loop
      vertex 48.2887 -1.02908 2.71962
      vertex 48.3333 -1.03411 2.71962
      vertex 44.9552 -0.196483 2.71132
    endloop
  endfacet
  facet normal 0.00204915 0.0181714 0.999833
    outer loop
      vertex 48.3333 -1.03411 2.71962
      vertex 45 -0.201535 2.71132
      vertex 44.9552 -0.196483 2.71132
    endloop
  endfacet
  facet normal -0.00874909 -0.0250058 0.999649
    outer loop
      vertex 45.0874 0.181578 2.71132
      vertex 48.378 -0.637939 2.71962
      vertex 45.0448 0.196483 2.71132
    endloop
  endfacet
  facet normal -0.00229035 0.000801147 0.999997
    outer loop
      vertex 48.5289 -0.878149 2.71962
      vertex 45.1965 -0.0448456 2.71132
      vertex 45.1816 -0.0874424 2.71132
    endloop
  endfacet
  facet normal -0.00874621 -0.0249942 0.999649
    outer loop
      vertex 48.4204 -0.652776 2.71962
      vertex 48.378 -0.637939 2.71962
      vertex 45.0874 0.181578 2.71132
    endloop
  endfacet
  facet normal -0.0025625 -0.000287038 0.999997
    outer loop
      vertex 48.5339 -0.83351 2.71962
      vertex 48.5289 -0.788873 2.71962
      vertex 45.1965 0.0448456 2.71132
    endloop
  endfacet
  facet normal -0.00272956 -0.000954776 0.999996
    outer loop
      vertex 45.1965 0.0448456 2.71132
      vertex 48.5289 -0.788873 2.71962
      vertex 45.1816 0.0874424 2.71132
    endloop
  endfacet
  facet normal -0.0033216 -0.00332035 0.999989
    outer loop
      vertex 45.1576 0.125655 2.71132
      vertex 48.4584 -0.676675 2.71962
      vertex 45.1257 0.157567 2.71132
    endloop
  endfacet
  facet normal -0.00332321 -0.00332697 0.999989
    outer loop
      vertex 48.4902 -0.708439 2.71962
      vertex 48.4584 -0.676675 2.71962
      vertex 45.1576 0.125655 2.71132
    endloop
  endfacet
  facet normal 0.102917 0.421552 0.900945
    outer loop
      vertex 48.2017 -1.41042 2.8089
      vertex 44.8677 -0.579597 2.80101
      vertex 44.7869 -0.933647 2.9759
    endloop
  endfacet
  facet normal 0.102914 0.421524 0.900958
    outer loop
      vertex 48.1212 -1.76282 2.98297
      vertex 48.2017 -1.41042 2.8089
      vertex 44.7869 -0.933647 2.9759
    endloop
  endfacet
  facet normal -0.00295504 -0.00185596 0.999994
    outer loop
      vertex 45.1816 0.0874424 2.71132
      vertex 48.5141 -0.746473 2.71962
      vertex 45.1576 0.125655 2.71132
    endloop
  endfacet
  facet normal -0.00256214 -0.000285662 0.999997
    outer loop
      vertex 45.2015 0 2.71132
      vertex 48.5339 -0.83351 2.71962
      vertex 45.1965 0.0448456 2.71132
    endloop
  endfacet
  facet normal -0.000774496 0.00686806 0.999976
    outer loop
      vertex 48.3333 -1.03411 2.71962
      vertex 45.0448 -0.196483 2.71132
      vertex 45 -0.201535 2.71132
    endloop
  endfacet
  facet normal -0.00414573 -0.00661286 0.99997
    outer loop
      vertex 45.1257 0.157567 2.71132
      vertex 48.4584 -0.676675 2.71962
      vertex 45.0874 0.181578 2.71132
    endloop
  endfacet
  facet normal -0.00413673 -0.0065775 0.99997
    outer loop
      vertex 48.4584 -0.676675 2.71962
      vertex 48.4204 -0.652776 2.71962
      vertex 45.0874 0.181578 2.71132
    endloop
  endfacet
  facet normal -0.00215249 0.00135256 0.999997
    outer loop
      vertex 48.4902 -0.958583 2.71962
      vertex 48.5141 -0.920548 2.71962
      vertex 45.1576 -0.125655 2.71132
    endloop
  endfacet
  facet normal -0.00178235 0.00283351 0.999994
    outer loop
      vertex 48.4204 -1.01425 2.71962
      vertex 48.4584 -0.990347 2.71962
      vertex 45.0874 -0.181578 2.71132
    endloop
  endfacet
  facet normal -0.00199209 0.00199434 0.999996
    outer loop
      vertex 48.4584 -0.990347 2.71962
      vertex 48.4902 -0.958583 2.71962
      vertex 45.1576 -0.125655 2.71132
    endloop
  endfacet
  facet normal -0.00145285 0.00415239 0.99999
    outer loop
      vertex 48.4204 -1.01425 2.71962
      vertex 45.0874 -0.181578 2.71132
      vertex 45.0448 -0.196483 2.71132
    endloop
  endfacet
  facet normal -0.00145265 0.00415322 0.99999
    outer loop
      vertex 48.378 -1.02908 2.71962
      vertex 48.4204 -1.01425 2.71962
      vertex 45.0448 -0.196483 2.71132
    endloop
  endfacet
  facet normal -0.00199271 0.00199196 0.999996
    outer loop
      vertex 48.4584 -0.990347 2.71962
      vertex 45.1576 -0.125655 2.71132
      vertex 45.1257 -0.157567 2.71132
    endloop
  endfacet
  facet normal -0.00229072 0.000799609 0.999997
    outer loop
      vertex 48.5141 -0.920548 2.71962
      vertex 48.5289 -0.878149 2.71962
      vertex 45.1816 -0.0874424 2.71132
    endloop
  endfacet
  facet normal -0.0017807 0.00284039 0.999994
    outer loop
      vertex 48.4584 -0.990347 2.71962
      vertex 45.1257 -0.157567 2.71132
      vertex 45.0874 -0.181578 2.71132
    endloop
  endfacet
  facet normal 0.222729 0.949152 0.222489
    outer loop
      vertex 51.2956 -3.26757 3.91645
      vertex 47.957 -2.48221 3.90826
      vertex 47.9372 -2.56925 4.2994
    endloop
  endfacet
  facet normal -0.219276 -0.873916 0.433807
    outer loop
      vertex 51.9996 -0.183186 3.55999
      vertex 52.0378 -0.0158262 3.91645
      vertex 48.7096 0.815192 3.90826
    endloop
  endfacet
  facet normal -0.00682614 0.00238277 0.999974
    outer loop
      vertex 51.8449 -1.72753 2.74428
      vertex 48.5289 -0.878149 2.71962
      vertex 48.5141 -0.920548 2.71962
    endloop
  endfacet
  facet normal 0.205298 0.877255 0.433908
    outer loop
      vertex 51.2956 -3.26757 3.91645
      vertex 47.9958 -2.3125 3.54679
      vertex 47.957 -2.48221 3.90826
    endloop
  endfacet
  facet normal -0.00534553 0.00849811 0.99995
    outer loop
      vertex 51.79 -1.79636 2.74428
      vertex 48.4584 -0.990347 2.71962
      vertex 48.4204 -1.01425 2.71962
    endloop
  endfacet
  facet normal -0.0594453 -0.214673 0.974875
    outer loop
      vertex 51.7107 -1.44883 2.74428
      vertex 51.7965 -1.07278 2.83232
      vertex 48.465 -0.256604 2.8089
    endloop
  endfacet
  facet normal -0.219281 -0.873926 0.433785
    outer loop
      vertex 51.9996 -0.183186 3.55999
      vertex 48.7096 0.815192 3.90826
      vertex 48.6709 0.645482 3.54679
    endloop
  endfacet
  facet normal -0.00720797 0.000807362 0.999974
    outer loop
      vertex 51.8645 -1.6417 2.74428
      vertex 48.5339 -0.83351 2.71962
      vertex 48.5289 -0.878149 2.71962
    endloop
  endfacet
  facet normal 0.177225 0.761478 0.623493
    outer loop
      vertex 51.3338 -3.10021 3.55999
      vertex 51.3887 -2.85971 3.25066
      vertex 48.0514 -2.06863 3.23312
    endloop
  endfacet
  facet normal 0.222669 0.949174 0.222456
    outer loop
      vertex 51.2956 -3.26757 3.91645
      vertex 50.6823 -3.21398 4.30168
      vertex 51.1265 -3.26314 4.06681
    endloop
  endfacet
  facet normal 0.222697 0.94916 0.222488
    outer loop
      vertex 51.2956 -3.26757 3.91645
      vertex 51.1265 -3.26314 4.06681
      vertex 51.2924 -3.2815 3.97908
    endloop
  endfacet
  facet normal 0.222734 0.949133 0.222565
    outer loop
      vertex 50.6823 -3.21398 4.30168
      vertex 51.2956 -3.26757 3.91645
      vertex 47.9372 -2.56925 4.2994
    endloop
  endfacet
  facet normal -0.109244 -0.420066 0.900894
    outer loop
      vertex 51.7965 -1.07278 2.83232
      vertex 51.8758 -0.725253 3.00398
      vertex 48.465 -0.256604 2.8089
    endloop
  endfacet
  facet normal -0.236696 -0.945765 0.222495
    outer loop
      vertex 52.0378 -0.0158262 3.91645
      vertex 48.7295 0.902229 4.2994
      vertex 48.7096 0.815192 3.90826
    endloop
  endfacet
  facet normal -0.153918 -0.604324 0.78173
    outer loop
      vertex 51.8758 -0.725253 3.00398
      vertex 48.6152 0.401608 3.23312
      vertex 48.5454 0.0958014 2.98297
    endloop
  endfacet
  facet normal -0.153906 -0.604296 0.781754
    outer loop
      vertex 51.8758 -0.725253 3.00398
      vertex 51.9447 -0.423681 3.25066
      vertex 48.6152 0.401608 3.23312
    endloop
  endfacet
  facet normal 0.0952349 0.423298 0.900971
    outer loop
      vertex 51.4575 -2.55814 3.00398
      vertex 51.5368 -2.21061 2.83232
      vertex 48.2017 -1.41042 2.8089
    endloop
  endfacet
  facet normal 0.205304 0.877266 0.433883
    outer loop
      vertex 51.2956 -3.26757 3.91645
      vertex 51.3338 -3.10021 3.55999
      vertex 47.9958 -2.3125 3.54679
    endloop
  endfacet
  facet normal -0.191209 -0.758156 0.623409
    outer loop
      vertex 51.9447 -0.423681 3.25066
      vertex 48.6709 0.645482 3.54679
      vertex 48.6152 0.401608 3.23312
    endloop
  endfacet
  facet normal 0.177235 0.7615 0.623462
    outer loop
      vertex 51.3338 -3.10021 3.55999
      vertex 48.0514 -2.06863 3.23312
      vertex 47.9958 -2.3125 3.54679
    endloop
  endfacet
  facet normal 0.228641 0.973511 -0
    outer loop
      vertex 50.6645 -3.20979 4.32083
      vertex 47.9372 -2.56925 4.52
      vertex 50.6645 -3.20979 4.52
    endloop
  endfacet
  facet normal 0.228645 0.97351 -0.000476954
    outer loop
      vertex 47.9372 -2.56925 4.2994
      vertex 50.6645 -3.20979 4.32083
      vertex 50.6823 -3.21398 4.30168
    endloop
  endfacet
  facet normal 0.228641 0.973511 0
    outer loop
      vertex 50.6645 -3.20979 4.32083
      vertex 47.9372 -2.56925 4.2994
      vertex 47.9372 -2.56925 4.52
    endloop
  endfacet
  facet normal -0.0120667 -0.0191864 0.999743
    outer loop
      vertex 48.4584 -0.676675 2.71962
      vertex 51.79 -1.48703 2.74428
      vertex 48.4204 -0.652776 2.71962
    endloop
  endfacet
  facet normal 0.139917 0.607593 0.781828
    outer loop
      vertex 51.4575 -2.55814 3.00398
      vertex 48.1212 -1.76282 2.98297
      vertex 48.0514 -2.06863 3.23312
    endloop
  endfacet
  facet normal -0.00720543 0.000818427 0.999974
    outer loop
      vertex 51.8595 -1.68572 2.74428
      vertex 51.8645 -1.6417 2.74428
      vertex 48.5289 -0.878149 2.71962
    endloop
  endfacet
  facet normal -0.191216 -0.758169 0.623391
    outer loop
      vertex 51.9447 -0.423681 3.25066
      vertex 51.9996 -0.183186 3.55999
      vertex 48.6709 0.645482 3.54679
    endloop
  endfacet
  facet normal -0.0594479 -0.214679 0.974874
    outer loop
      vertex 51.7107 -1.44883 2.74428
      vertex 48.465 -0.256604 2.8089
      vertex 48.378 -0.637939 2.71962
    endloop
  endfacet
  facet normal -0.236699 -0.945769 0.222475
    outer loop
      vertex 52.0378 -0.0158262 3.91645
      vertex 52.0574 0.0700045 4.30218
      vertex 48.7295 0.902229 4.2994
    endloop
  endfacet
  facet normal -0.242604 -0.970125 0
    outer loop
      vertex 48.7295 0.902229 4.52
      vertex 52.0574 0.0700045 4.30218
      vertex 52.0574 0.0700045 4.52
    endloop
  endfacet
  facet normal -0.242604 -0.970125 0
    outer loop
      vertex 52.0574 0.0700045 4.30218
      vertex 48.7295 0.902229 4.52
      vertex 48.7295 0.902229 4.2994
    endloop
  endfacet
  facet normal 0.00643179 0.0571859 0.998343
    outer loop
      vertex 51.6226 -1.83456 2.74428
      vertex 51.6667 -1.83952 2.74428
      vertex 48.2887 -1.02908 2.71962
    endloop
  endfacet
  facet normal -0.109245 -0.42007 0.900892
    outer loop
      vertex 51.8758 -0.725253 3.00398
      vertex 48.5454 0.0958014 2.98297
      vertex 48.465 -0.256604 2.8089
    endloop
  endfacet
  facet normal -0.00977694 -0.00976758 0.999904
    outer loop
      vertex 51.8213 -1.51836 2.74428
      vertex 51.79 -1.48703 2.74428
      vertex 48.4584 -0.676675 2.71962
    endloop
  endfacet
  facet normal -0.00873753 -0.00549053 0.999947
    outer loop
      vertex 48.5141 -0.746473 2.71962
      vertex 51.8213 -1.51836 2.74428
      vertex 48.4902 -0.708439 2.71962
    endloop
  endfacet
  facet normal 0.139917 0.607599 0.781823
    outer loop
      vertex 51.3887 -2.85971 3.25066
      vertex 51.4575 -2.55814 3.00398
      vertex 48.0514 -2.06863 3.23312
    endloop
  endfacet
  facet normal 0.0952313 0.423288 0.900976
    outer loop
      vertex 51.4575 -2.55814 3.00398
      vertex 48.2017 -1.41042 2.8089
      vertex 48.1212 -1.76282 2.98297
    endloop
  endfacet
  facet normal -0.00595851 0.00596526 0.999964
    outer loop
      vertex 51.8213 -1.76504 2.74428
      vertex 48.4902 -0.958583 2.71962
      vertex 48.4584 -0.990347 2.71962
    endloop
  endfacet
  facet normal -0.0120715 -0.0192059 0.999743
    outer loop
      vertex 51.79 -1.48703 2.74428
      vertex 51.7525 -1.46346 2.74428
      vertex 48.4204 -0.652776 2.71962
    endloop
  endfacet
  facet normal -0.00642528 0.00403745 0.999971
    outer loop
      vertex 51.8213 -1.76504 2.74428
      vertex 48.5141 -0.920548 2.71962
      vertex 48.4902 -0.958583 2.71962
    endloop
  endfacet
  facet normal -0.0242206 -0.0692157 0.997308
    outer loop
      vertex 48.4204 -0.652776 2.71962
      vertex 51.7107 -1.44883 2.74428
      vertex 48.378 -0.637939 2.71962
    endloop
  endfacet
  facet normal -0.0087398 -0.00550024 0.999947
    outer loop
      vertex 51.8449 -1.55586 2.74428
      vertex 51.8213 -1.51836 2.74428
      vertex 48.5141 -0.746473 2.71962
    endloop
  endfacet
  facet normal -0.0053444 0.00850297 0.99995
    outer loop
      vertex 51.7525 -1.81993 2.74428
      vertex 51.79 -1.79636 2.74428
      vertex 48.4204 -1.01425 2.71962
    endloop
  endfacet
  facet normal -0.00596049 0.00595668 0.999964
    outer loop
      vertex 51.79 -1.79636 2.74428
      vertex 51.8213 -1.76504 2.74428
      vertex 48.4584 -0.990347 2.71962
    endloop
  endfacet
  facet normal 0.0454298 0.21788 0.974918
    outer loop
      vertex 51.5368 -2.21061 2.83232
      vertex 51.6226 -1.83456 2.74428
      vertex 48.2017 -1.41042 2.8089
    endloop
  endfacet
  facet normal 0.0454304 0.217885 0.974917
    outer loop
      vertex 51.6226 -1.83456 2.74428
      vertex 48.2887 -1.02908 2.71962
      vertex 48.2017 -1.41042 2.8089
    endloop
  endfacet
  facet normal 0.00646504 0.0573242 0.998335
    outer loop
      vertex 51.6667 -1.83952 2.74428
      vertex 48.3333 -1.03411 2.71962
      vertex 48.2887 -1.02908 2.71962
    endloop
  endfacet
  facet normal -0.00761072 -0.000852513 0.999971
    outer loop
      vertex 48.5339 -0.83351 2.71962
      vertex 51.8645 -1.6417 2.74428
      vertex 48.5289 -0.788873 2.71962
    endloop
  endfacet
  facet normal -0.00761387 -0.000864819 0.999971
    outer loop
      vertex 51.8645 -1.6417 2.74428
      vertex 51.8595 -1.59768 2.74428
      vertex 48.5289 -0.788873 2.71962
    endloop
  endfacet
  facet normal -0.00235296 0.0208731 0.999779
    outer loop
      vertex 51.6667 -1.83952 2.74428
      vertex 51.7107 -1.83456 2.74428
      vertex 48.378 -1.02908 2.71962
    endloop
  endfacet
  facet normal -0.00682592 0.0023836 0.999974
    outer loop
      vertex 51.8449 -1.72753 2.74428
      vertex 51.8595 -1.68572 2.74428
      vertex 48.5289 -0.878149 2.71962
    endloop
  endfacet
  facet normal -0.00642416 0.00404186 0.999971
    outer loop
      vertex 51.8213 -1.76504 2.74428
      vertex 51.8449 -1.72753 2.74428
      vertex 48.5141 -0.920548 2.71962
    endloop
  endfacet
  facet normal -0.0242097 -0.0691706 0.997311
    outer loop
      vertex 51.7525 -1.46346 2.74428
      vertex 51.7107 -1.44883 2.74428
      vertex 48.4204 -0.652776 2.71962
    endloop
  endfacet
  facet normal -0.00978376 -0.00979485 0.999904
    outer loop
      vertex 48.4902 -0.708439 2.71962
      vertex 51.8213 -1.51836 2.74428
      vertex 48.4584 -0.676675 2.71962
    endloop
  endfacet
  facet normal -0.00235011 0.0208847 0.999779
    outer loop
      vertex 51.6667 -1.83952 2.74428
      vertex 48.378 -1.02908 2.71962
      vertex 48.3333 -1.03411 2.71962
    endloop
  endfacet
  facet normal -0.00437535 0.0125094 0.999912
    outer loop
      vertex 51.7107 -1.83456 2.74428
      vertex 48.4204 -1.01425 2.71962
      vertex 48.378 -1.02908 2.71962
    endloop
  endfacet
  facet normal -0.00437658 0.0125045 0.999912
    outer loop
      vertex 51.7107 -1.83456 2.74428
      vertex 51.7525 -1.81993 2.74428
      vertex 48.4204 -1.01425 2.71962
    endloop
  endfacet
  facet normal -0.00808952 -0.0028237 0.999963
    outer loop
      vertex 48.5289 -0.788873 2.71962
      vertex 51.8449 -1.55586 2.74428
      vertex 48.5141 -0.746473 2.71962
    endloop
  endfacet
  facet normal -0.00808964 -0.00282422 0.999963
    outer loop
      vertex 51.8595 -1.59768 2.74428
      vertex 51.8449 -1.55586 2.74428
      vertex 48.5289 -0.788873 2.71962
    endloop
  endfacet
  facet normal -0.0105797 0.00665636 0.999922
    outer loop
      vertex 55.1511 -2.52051 2.78454
      vertex 51.8449 -1.72753 2.74428
      vertex 51.8213 -1.76504 2.74428
    endloop
  endfacet
  facet normal -0.227735 -0.94796 0.222507
    outer loop
      vertex 55.3817 -0.727551 4.30672
      vertex 52.0574 0.0700045 4.30218
      vertex 52.0378 -0.0158262 3.91645
    endloop
  endfacet
  facet normal 0.0118839 0.105661 0.994331
    outer loop
      vertex 55 -2.59329 2.78454
      vertex 51.6667 -1.83952 2.74428
      vertex 51.6226 -1.83456 2.74428
    endloop
  endfacet
  facet normal 0.205407 0.953055 0.222471
    outer loop
      vertex 51.3123 -3.28352 3.96936
      vertex 51.2956 -3.26757 3.91645
      vertex 51.2924 -3.2815 3.97908
    endloop
  endfacet
  facet normal 0.204758 0.953141 0.222702
    outer loop
      vertex 51.2956 -3.26757 3.91645
      vertex 51.3123 -3.28352 3.96936
      vertex 51.4777 -3.30686 3.91718
    endloop
  endfacet
  facet normal -0.149776 -0.605276 0.781798
    outer loop
      vertex 55.2716 -1.20992 3.27931
      vertex 51.9447 -0.423681 3.25066
      vertex 51.8758 -0.725253 3.00398
    endloop
  endfacet
  facet normal -0.184896 -0.759667 0.623473
    outer loop
      vertex 55.2716 -1.20992 3.27931
      vertex 55.3253 -0.974936 3.58155
      vertex 51.9996 -0.183186 3.55999
    endloop
  endfacet
  facet normal -0.0112013 0.00392115 0.99993
    outer loop
      vertex 55.1741 -2.48386 2.78454
      vertex 55.1884 -2.44301 2.78454
      vertex 51.8449 -1.72753 2.74428
    endloop
  endfacet
  facet normal 0.188414 0.881073 0.433833
    outer loop
      vertex 51.3338 -3.10021 3.55999
      vertex 51.4777 -3.30686 3.91718
      vertex 51.6341 -3.32254 3.8811
    endloop
  endfacet
  facet normal 0.188363 0.881063 0.433875
    outer loop
      vertex 51.3338 -3.10021 3.55999
      vertex 51.6341 -3.32254 3.8811
      vertex 52.4733 -3.40665 3.68757
    endloop
  endfacet
  facet normal 0.188362 0.881073 0.433855
    outer loop
      vertex 51.4777 -3.30686 3.91718
      vertex 51.3338 -3.10021 3.55999
      vertex 51.2956 -3.26757 3.91645
    endloop
  endfacet
  facet normal 0.161933 0.764912 0.623449
    outer loop
      vertex 54.7284 -3.59008 3.27931
      vertex 51.3887 -2.85971 3.25066
      vertex 51.3338 -3.10021 3.55999
    endloop
  endfacet
  facet normal -0.0117886 0.00133901 0.99993
    outer loop
      vertex 55.1884 -2.44301 2.78454
      vertex 51.8645 -1.6417 2.74428
      vertex 51.8595 -1.68572 2.74428
    endloop
  endfacet
  facet normal -0.0124148 -0.00141013 0.999922
    outer loop
      vertex 51.8645 -1.6417 2.74428
      vertex 55.1884 -2.35699 2.78454
      vertex 51.8595 -1.59768 2.74428
    endloop
  endfacet
  facet normal -0.0131425 -0.00460067 0.999903
    outer loop
      vertex 55.1884 -2.35699 2.78454
      vertex 55.1741 -2.31614 2.78454
      vertex 51.8449 -1.55586 2.74428
    endloop
  endfacet
  facet normal 0.162082 0.765566 0.622606
    outer loop
      vertex 53.1071 -3.48046 3.56591
      vertex 51.3338 -3.10021 3.55999
      vertex 53.0692 -3.47673 3.57119
    endloop
  endfacet
  facet normal 0.16194 0.764812 0.623568
    outer loop
      vertex 54.7284 -3.59008 3.27931
      vertex 53.1071 -3.48046 3.56591
      vertex 54.7172 -3.63887 3.34206
    endloop
  endfacet
  facet normal 0.161931 0.764875 0.623494
    outer loop
      vertex 53.1071 -3.48046 3.56591
      vertex 54.7284 -3.59008 3.27931
      vertex 51.3338 -3.10021 3.55999
    endloop
  endfacet
  facet normal 0.188322 0.880986 0.43405
    outer loop
      vertex 52.6882 -3.42818 3.63803
      vertex 51.3338 -3.10021 3.55999
      vertex 52.4733 -3.40665 3.68757
    endloop
  endfacet
  facet normal 0.188373 0.881124 0.433747
    outer loop
      vertex 51.3338 -3.10021 3.55999
      vertex 52.6882 -3.42818 3.63803
      vertex 53.0692 -3.47673 3.57119
    endloop
  endfacet
  facet normal -0.0141204 -0.00888644 0.999861
    outer loop
      vertex 51.8449 -1.55586 2.74428
      vertex 55.1511 -2.27949 2.78454
      vertex 51.8213 -1.51836 2.74428
    endloop
  endfacet
  facet normal -0.0608357 -0.214336 0.974864
    outer loop
      vertex 55.043 -2.21156 2.78454
      vertex 55.1269 -1.84413 2.87056
      vertex 51.7965 -1.07278 2.83232
    endloop
  endfacet
  facet normal -0.10772 -0.420429 0.900908
    outer loop
      vertex 55.1269 -1.84413 2.87056
      vertex 55.2044 -1.50457 3.03829
      vertex 51.8758 -0.725253 3.00398
    endloop
  endfacet
  facet normal -0.107718 -0.420423 0.900911
    outer loop
      vertex 55.1269 -1.84413 2.87056
      vertex 51.8758 -0.725253 3.00398
      vertex 51.7965 -1.07278 2.83232
    endloop
  endfacet
  facet normal -0.00733649 0.0209614 0.999753
    outer loop
      vertex 55.0839 -2.57414 2.78454
      vertex 51.7525 -1.81993 2.74428
      vertex 51.7107 -1.83456 2.74428
    endloop
  endfacet
  facet normal -0.0156681 -0.015663 0.999755
    outer loop
      vertex 55.1205 -2.24888 2.78454
      vertex 51.8213 -1.51836 2.74428
      vertex 55.1511 -2.27949 2.78454
    endloop
  endfacet
  facet normal -0.0156653 -0.0156503 0.999755
    outer loop
      vertex 51.8213 -1.51836 2.74428
      vertex 55.1205 -2.24888 2.78454
      vertex 51.79 -1.48703 2.74428
    endloop
  endfacet
  facet normal -0.149779 -0.605316 0.781767
    outer loop
      vertex 55.2044 -1.50457 3.03829
      vertex 55.2716 -1.20992 3.27931
      vertex 51.8758 -0.725253 3.00398
    endloop
  endfacet
  facet normal -0.00888353 0.0141337 0.999861
    outer loop
      vertex 55.0839 -2.57414 2.78454
      vertex 51.79 -1.79636 2.74428
      vertex 51.7525 -1.81993 2.74428
    endloop
  endfacet
  facet normal 0.0847578 0.425667 0.900902
    outer loop
      vertex 54.7956 -3.29543 3.03829
      vertex 54.8731 -2.95587 2.87056
      vertex 51.4575 -2.55814 3.00398
    endloop
  endfacet
  facet normal -0.211325 -0.875846 0.433861
    outer loop
      vertex 55.3253 -0.974936 3.58155
      vertex 52.0378 -0.0158262 3.91645
      vertex 51.9996 -0.183186 3.55999
    endloop
  endfacet
  facet normal -0.227734 -0.947966 0.222482
    outer loop
      vertex 55.3626 -0.811414 3.92984
      vertex 55.3817 -0.727551 4.30672
      vertex 52.0378 -0.0158262 3.91645
    endloop
  endfacet
  facet normal -0.0131392 -0.0045871 0.999903
    outer loop
      vertex 51.8595 -1.59768 2.74428
      vertex 55.1884 -2.35699 2.78454
      vertex 51.8449 -1.55586 2.74428
    endloop
  endfacet
  facet normal 0.126817 0.610547 0.78176
    outer loop
      vertex 54.7284 -3.59008 3.27931
      vertex 54.7956 -3.29543 3.03829
      vertex 51.4575 -2.55814 3.00398
    endloop
  endfacet
  facet normal 0.126815 0.610542 0.781765
    outer loop
      vertex 54.7284 -3.59008 3.27931
      vertex 51.4575 -2.55814 3.00398
      vertex 51.3887 -2.85971 3.25066
    endloop
  endfacet
  facet normal -0.00401539 0.0356204 0.999357
    outer loop
      vertex 55 -2.59329 2.78454
      vertex 51.7107 -1.83456 2.74428
      vertex 51.6667 -1.83952 2.74428
    endloop
  endfacet
  facet normal -0.0112033 0.00391216 0.99993
    outer loop
      vertex 55.1884 -2.44301 2.78454
      vertex 51.8595 -1.68572 2.74428
      vertex 51.8449 -1.72753 2.74428
    endloop
  endfacet
  facet normal -0.0117877 0.00134293 0.99993
    outer loop
      vertex 55.1884 -2.44301 2.78454
      vertex 55.1933 -2.4 2.78454
      vertex 51.8645 -1.6417 2.74428
    endloop
  endfacet
  facet normal 0.0847568 0.425657 0.900907
    outer loop
      vertex 54.8731 -2.95587 2.87056
      vertex 51.5368 -2.21061 2.83232
      vertex 51.4575 -2.55814 3.00398
    endloop
  endfacet
  facet normal 0.037878 0.219589 0.974857
    outer loop
      vertex 54.8731 -2.95587 2.87056
      vertex 51.6226 -1.83456 2.74428
      vertex 51.5368 -2.21061 2.83232
    endloop
  endfacet
  facet normal -0.00888518 0.0141267 0.999861
    outer loop
      vertex 55.0839 -2.57414 2.78454
      vertex 55.1205 -2.55112 2.78454
      vertex 51.79 -1.79636 2.74428
    endloop
  endfacet
  facet normal -0.184904 -0.759685 0.62345
    outer loop
      vertex 55.2716 -1.20992 3.27931
      vertex 51.9996 -0.183186 3.55999
      vertex 51.9447 -0.423681 3.25066
    endloop
  endfacet
  facet normal -0.211329 -0.875853 0.433845
    outer loop
      vertex 55.3253 -0.974936 3.58155
      vertex 55.3626 -0.811414 3.92984
      vertex 52.0378 -0.0158262 3.91645
    endloop
  endfacet
  facet normal -0.0189925 -0.0302172 0.999363
    outer loop
      vertex 51.79 -1.48703 2.74428
      vertex 55.0839 -2.22585 2.78454
      vertex 51.7525 -1.46346 2.74428
    endloop
  endfacet
  facet normal -0.0124157 -0.00141449 0.999922
    outer loop
      vertex 55.1933 -2.4 2.78454
      vertex 55.1884 -2.35699 2.78454
      vertex 51.8645 -1.6417 2.74428
    endloop
  endfacet
  facet normal -0.0348353 -0.0997037 0.994407
    outer loop
      vertex 55.0839 -2.22585 2.78454
      vertex 55.043 -2.21156 2.78454
      vertex 51.7107 -1.44883 2.74428
    endloop
  endfacet
  facet normal -0.0141141 -0.00885739 0.999861
    outer loop
      vertex 55.1741 -2.31614 2.78454
      vertex 55.1511 -2.27949 2.78454
      vertex 51.8449 -1.55586 2.74428
    endloop
  endfacet
  facet normal -0.0189808 -0.0301649 0.999365
    outer loop
      vertex 55.1205 -2.24888 2.78454
      vertex 55.0839 -2.22585 2.78454
      vertex 51.79 -1.48703 2.74428
    endloop
  endfacet
  facet normal 0.0378743 0.219579 0.974859
    outer loop
      vertex 54.8731 -2.95587 2.87056
      vertex 54.957 -2.58844 2.78454
      vertex 51.6226 -1.83456 2.74428
    endloop
  endfacet
  facet normal -0.00733352 0.0209749 0.999753
    outer loop
      vertex 55.043 -2.58844 2.78454
      vertex 55.0839 -2.57414 2.78454
      vertex 51.7107 -1.83456 2.74428
    endloop
  endfacet
  facet normal -0.233296 -0.972406 0
    outer loop
      vertex 52.0574 0.0700045 4.52
      vertex 55.3817 -0.727551 4.30672
      vertex 55.3817 -0.727551 4.52
    endloop
  endfacet
  facet normal -0.233296 -0.972406 0
    outer loop
      vertex 55.3817 -0.727551 4.30672
      vertex 52.0574 0.0700045 4.52
      vertex 52.0574 0.0700045 4.30218
    endloop
  endfacet
  facet normal -0.0608407 -0.214351 0.97486
    outer loop
      vertex 55.043 -2.21156 2.78454
      vertex 51.7965 -1.07278 2.83232
      vertex 51.7107 -1.44883 2.74428
    endloop
  endfacet
  facet normal -0.0347199 -0.0991998 0.994462
    outer loop
      vertex 51.7525 -1.46346 2.74428
      vertex 55.0839 -2.22585 2.78454
      vertex 51.7107 -1.44883 2.74428
    endloop
  endfacet
  facet normal -0.0105832 0.00664158 0.999922
    outer loop
      vertex 55.1511 -2.52051 2.78454
      vertex 55.1741 -2.48386 2.78454
      vertex 51.8449 -1.72753 2.74428
    endloop
  endfacet
  facet normal 0.0119512 0.105959 0.994299
    outer loop
      vertex 54.957 -2.58844 2.78454
      vertex 55 -2.59329 2.78454
      vertex 51.6226 -1.83456 2.74428
    endloop
  endfacet
  facet normal -0.00985456 0.00985134 0.999903
    outer loop
      vertex 51.8213 -1.76504 2.74428
      vertex 55.1205 -2.55112 2.78454
      vertex 55.1511 -2.52051 2.78454
    endloop
  endfacet
  facet normal -0.00985515 0.00984885 0.999903
    outer loop
      vertex 55.1205 -2.55112 2.78454
      vertex 51.8213 -1.76504 2.74428
      vertex 51.79 -1.79636 2.74428
    endloop
  endfacet
  facet normal -0.00401691 0.0356139 0.999358
    outer loop
      vertex 55 -2.59329 2.78454
      vertex 55.043 -2.58844 2.78454
      vertex 51.7107 -1.83456 2.74428
    endloop
  endfacet
  facet normal -0.2171 -0.976149 0
    outer loop
      vertex 55.3817 -0.727551 4.52
      vertex 58.7029 -1.4662 4.31287
      vertex 58.7029 -1.4662 4.52
    endloop
  endfacet
  facet normal -0.2171 -0.976149 0
    outer loop
      vertex 58.7029 -1.4662 4.31287
      vertex 55.3817 -0.727551 4.52
      vertex 55.3817 -0.727551 4.30672
    endloop
  endfacet
  facet normal -0.0244484 -0.0388542 0.998946
    outer loop
      vertex 55.1205 -2.24888 2.78454
      vertex 58.4145 -2.91678 2.83918
      vertex 55.0839 -2.22585 2.78454
    endloop
  endfacet
  facet normal -0.00582196 0.0517645 0.998642
    outer loop
      vertex 58.3333 -3.27251 2.83918
      vertex 58.375 -3.26782 2.83918
      vertex 55 -2.59329 2.78454
    endloop
  endfacet
  facet normal 0.0291651 0.221566 0.974709
    outer loop
      vertex 58.2105 -3.62354 2.92247
      vertex 58.2917 -3.26782 2.83918
      vertex 54.8731 -2.95587 2.87056
    endloop
  endfacet
  facet normal 0.14151 0.769105 0.62326
    outer loop
      vertex 54.7326 -3.64018 3.34018
      vertex 54.7284 -3.59008 3.27931
      vertex 54.7172 -3.63887 3.34206
    endloop
  endfacet
  facet normal 0.141772 0.769085 0.623225
    outer loop
      vertex 54.7284 -3.59008 3.27931
      vertex 54.7326 -3.64018 3.34018
      vertex 55.2931 -3.6995 3.28588
    endloop
  endfacet
  facet normal 0.025074 0.222478 0.974615
    outer loop
      vertex 58.3333 -3.63738 2.92247
      vertex 58.2917 -3.26782 2.83918
      vertex 58.2105 -3.62354 2.92247
    endloop
  endfacet
  facet normal -0.197156 -0.87914 0.43387
    outer loop
      vertex 58.6844 -1.5474 3.948
      vertex 55.3626 -0.811414 3.92984
      vertex 55.3253 -0.974936 3.58155
    endloop
  endfacet
  facet normal 0.0717288 0.428546 0.900668
    outer loop
      vertex 54.8731 -2.95587 2.87056
      vertex 57.9468 -3.91518 3.08222
      vertex 58.0346 -3.92149 3.07823
    endloop
  endfacet
  facet normal 0.0717235 0.428531 0.900676
    outer loop
      vertex 57.9468 -3.91518 3.08222
      vertex 54.8731 -2.95587 2.87056
      vertex 54.7956 -3.29543 3.03829
    endloop
  endfacet
  facet normal -0.0123825 0.0196872 0.99973
    outer loop
      vertex 58.4145 -3.25398 2.83918
      vertex 55.1205 -2.55112 2.78454
      vertex 55.0839 -2.57414 2.78454
    endloop
  endfacet
  facet normal -0.0160436 0.00182779 0.99987
    outer loop
      vertex 58.5205 -3.08538 2.83918
      vertex 55.1933 -2.4 2.78454
      vertex 55.1884 -2.44301 2.78454
    endloop
  endfacet
  facet normal 0.0291623 0.221534 0.974716
    outer loop
      vertex 58.2917 -3.26782 2.83918
      vertex 54.957 -2.58844 2.78454
      vertex 54.8731 -2.95587 2.87056
    endloop
  endfacet
  facet normal -0.010353 0.0296109 0.999508
    outer loop
      vertex 58.375 -3.26782 2.83918
      vertex 55.0839 -2.57414 2.78454
      vertex 55.043 -2.58844 2.78454
    endloop
  endfacet
  facet normal 0.0716668 0.428539 0.900677
    outer loop
      vertex 58.2105 -3.62354 2.92247
      vertex 58.0346 -3.92149 3.07823
      vertex 58.1408 -3.92912 3.07341
    endloop
  endfacet
  facet normal 0.0717178 0.428513 0.900685
    outer loop
      vertex 58.0346 -3.92149 3.07823
      vertex 58.2105 -3.62354 2.92247
      vertex 54.8731 -2.95587 2.87056
    endloop
  endfacet
  facet normal -0.0604882 -0.214451 0.97486
    outer loop
      vertex 58.375 -2.90294 2.83918
      vertex 58.4562 -2.54722 2.92247
      vertex 55.1269 -1.84413 2.87056
    endloop
  endfacet
  facet normal -0.0145419 0.00913992 0.999852
    outer loop
      vertex 58.4796 -3.20205 2.83918
      vertex 58.5019 -3.16657 2.83918
      vertex 55.1511 -2.52051 2.78454
    endloop
  endfacet
  facet normal -0.103063 -0.421508 0.900949
    outer loop
      vertex 58.4562 -2.54722 2.92247
      vertex 58.5312 -2.21848 3.08485
      vertex 55.1269 -1.84413 2.87056
    endloop
  endfacet
  facet normal 0.109891 0.61415 0.781501
    outer loop
      vertex 57.2815 -3.86041 3.13273
      vertex 54.7956 -3.29543 3.03829
      vertex 56.5551 -3.80163 3.18868
    endloop
  endfacet
  facet normal 0.109879 0.614104 0.781539
    outer loop
      vertex 57.9038 -3.91077 3.08481
      vertex 54.7956 -3.29543 3.03829
      vertex 57.2815 -3.86041 3.13273
    endloop
  endfacet
  facet normal 0.110116 0.61523 0.780619
    outer loop
      vertex 54.7956 -3.29543 3.03829
      vertex 57.9038 -3.91077 3.08481
      vertex 57.9468 -3.91518 3.08222
    endloop
  endfacet
  facet normal 0.109893 0.614157 0.781495
    outer loop
      vertex 54.7956 -3.29543 3.03829
      vertex 55.2931 -3.6995 3.28588
      vertex 56.5551 -3.80163 3.18868
    endloop
  endfacet
  facet normal 0.109914 0.614173 0.78148
    outer loop
      vertex 55.2931 -3.6995 3.28588
      vertex 54.7956 -3.29543 3.03829
      vertex 54.7284 -3.59008 3.27931
    endloop
  endfacet
  facet normal -0.0400832 -0.114724 0.992588
    outer loop
      vertex 55.0839 -2.22585 2.78454
      vertex 58.4145 -2.91678 2.83918
      vertex 55.043 -2.21156 2.78454
    endloop
  endfacet
  facet normal -0.0168105 -0.00189744 0.999857
    outer loop
      vertex 58.5205 -3.08538 2.83918
      vertex 58.5158 -3.04374 2.83918
      vertex 55.1884 -2.35699 2.78454
    endloop
  endfacet
  facet normal -0.173154 -0.762399 0.623511
    outer loop
      vertex 58.5963 -1.93321 3.3182
      vertex 55.3253 -0.974936 3.58155
      vertex 55.2716 -1.20992 3.27931
    endloop
  endfacet
  facet normal -0.0145443 0.0091274 0.999853
    outer loop
      vertex 58.5019 -3.16657 2.83918
      vertex 55.1741 -2.48386 2.78454
      vertex 55.1511 -2.52051 2.78454
    endloop
  endfacet
  facet normal 0.0199963 0.177287 0.983956
    outer loop
      vertex 58.2917 -3.26782 2.83918
      vertex 55 -2.59329 2.78454
      vertex 54.957 -2.58844 2.78454
    endloop
  endfacet
  facet normal -0.0604778 -0.214419 0.974868
    outer loop
      vertex 58.375 -2.90294 2.83918
      vertex 55.1269 -1.84413 2.87056
      vertex 55.043 -2.21156 2.78454
    endloop
  endfacet
  facet normal -0.0188672 -0.0118585 0.999752
    outer loop
      vertex 58.5019 -3.00419 2.83918
      vertex 58.4796 -2.96871 2.83918
      vertex 55.1511 -2.27949 2.78454
    endloop
  endfacet
  facet normal -0.0244681 -0.0389514 0.998941
    outer loop
      vertex 58.45 -2.93908 2.83918
      vertex 58.4145 -2.91678 2.83918
      vertex 55.1205 -2.24888 2.78454
    endloop
  endfacet
  facet normal -0.103063 -0.421512 0.900947
    outer loop
      vertex 58.5312 -2.21848 3.08485
      vertex 55.2044 -1.50457 3.03829
      vertex 55.1269 -1.84413 2.87056
    endloop
  endfacet
  facet normal -0.141261 -0.60729 0.781821
    outer loop
      vertex 58.5312 -2.21848 3.08485
      vertex 58.5963 -1.93321 3.3182
      vertex 55.2716 -1.20992 3.27931
    endloop
  endfacet
  facet normal -0.173158 -0.76241 0.623497
    outer loop
      vertex 58.5963 -1.93321 3.3182
      vertex 58.6482 -1.70571 3.6108
      vertex 55.3253 -0.974936 3.58155
    endloop
  endfacet
  facet normal -0.197157 -0.879124 0.4339
    outer loop
      vertex 58.6482 -1.70571 3.6108
      vertex 58.6844 -1.5474 3.948
      vertex 55.3253 -0.974936 3.58155
    endloop
  endfacet
  facet normal -0.141264 -0.607297 0.781815
    outer loop
      vertex 58.5312 -2.21848 3.08485
      vertex 55.2716 -1.20992 3.27931
      vertex 55.2044 -1.50457 3.03829
    endloop
  endfacet
  facet normal -0.0188627 -0.0118374 0.999752
    outer loop
      vertex 55.1741 -2.31614 2.78454
      vertex 58.5019 -3.00419 2.83918
      vertex 55.1511 -2.27949 2.78454
    endloop
  endfacet
  facet normal -0.0399188 -0.11393 0.992686
    outer loop
      vertex 58.4145 -2.91678 2.83918
      vertex 58.375 -2.90294 2.83918
      vertex 55.043 -2.21156 2.78454
    endloop
  endfacet
  facet normal 0.0250823 0.222478 0.974615
    outer loop
      vertex 58.3333 -3.63738 2.92247
      vertex 58.3333 -3.27251 2.83918
      vertex 58.2917 -3.26782 2.83918
    endloop
  endfacet
  facet normal 0.0199768 0.177193 0.983973
    outer loop
      vertex 58.2917 -3.26782 2.83918
      vertex 58.3333 -3.27251 2.83918
      vertex 55 -2.59329 2.78454
    endloop
  endfacet
  facet normal -0.0153171 0.00536191 0.999868
    outer loop
      vertex 58.5019 -3.16657 2.83918
      vertex 55.1884 -2.44301 2.78454
      vertex 55.1741 -2.48386 2.78454
    endloop
  endfacet
  facet normal -0.00583258 0.0517116 0.998645
    outer loop
      vertex 58.375 -3.26782 2.83918
      vertex 55.043 -2.58844 2.78454
      vertex 55 -2.59329 2.78454
    endloop
  endfacet
  facet normal -0.0103613 0.0295715 0.999509
    outer loop
      vertex 58.375 -3.26782 2.83918
      vertex 58.4145 -3.25398 2.83918
      vertex 55.0839 -2.57414 2.78454
    endloop
  endfacet
  facet normal -0.0168145 -0.00191562 0.999857
    outer loop
      vertex 55.1933 -2.4 2.78454
      vertex 58.5205 -3.08538 2.83918
      vertex 55.1884 -2.35699 2.78454
    endloop
  endfacet
  facet normal -0.212051 -0.951594 0.222494
    outer loop
      vertex 58.7029 -1.4662 4.31287
      vertex 55.3817 -0.727551 4.30672
      vertex 55.3626 -0.811414 3.92984
    endloop
  endfacet
  facet normal -0.212052 -0.951587 0.222523
    outer loop
      vertex 58.6844 -1.5474 3.948
      vertex 58.7029 -1.4662 4.31287
      vertex 55.3626 -0.811414 3.92984
    endloop
  endfacet
  facet normal -0.0123785 0.0197057 0.999729
    outer loop
      vertex 58.4145 -3.25398 2.83918
      vertex 58.45 -3.23168 2.83918
      vertex 55.1205 -2.55112 2.78454
    endloop
  endfacet
  facet normal -0.0176973 -0.00619512 0.999824
    outer loop
      vertex 55.1884 -2.35699 2.78454
      vertex 58.5019 -3.00419 2.83918
      vertex 55.1741 -2.31614 2.78454
    endloop
  endfacet
  facet normal -0.0206883 -0.0206673 0.999572
    outer loop
      vertex 58.45 -2.93908 2.83918
      vertex 55.1511 -2.27949 2.78454
      vertex 58.4796 -2.96871 2.83918
    endloop
  endfacet
  facet normal -0.0206918 -0.0206851 0.999572
    outer loop
      vertex 55.1511 -2.27949 2.78454
      vertex 58.45 -2.93908 2.83918
      vertex 55.1205 -2.24888 2.78454
    endloop
  endfacet
  facet normal -0.0136256 0.0136118 0.999815
    outer loop
      vertex 55.1511 -2.52051 2.78454
      vertex 58.45 -3.23168 2.83918
      vertex 58.4796 -3.20205 2.83918
    endloop
  endfacet
  facet normal -0.013624 0.0136195 0.999814
    outer loop
      vertex 58.45 -3.23168 2.83918
      vertex 55.1511 -2.52051 2.78454
      vertex 55.1205 -2.55112 2.78454
    endloop
  endfacet
  facet normal -0.0153128 0.00538173 0.999868
    outer loop
      vertex 58.5019 -3.16657 2.83918
      vertex 58.5158 -3.12702 2.83918
      vertex 55.1884 -2.44301 2.78454
    endloop
  endfacet
  facet normal -0.0160468 0.00181123 0.99987
    outer loop
      vertex 58.5158 -3.12702 2.83918
      vertex 58.5205 -3.08538 2.83918
      vertex 55.1884 -2.44301 2.78454
    endloop
  endfacet
  facet normal -0.0177024 -0.00622159 0.999824
    outer loop
      vertex 58.5158 -3.04374 2.83918
      vertex 58.5019 -3.00419 2.83918
      vertex 55.1884 -2.35699 2.78454
    endloop
  endfacet
  facet normal -0.189929 -0.956277 0.2224
    outer loop
      vertex 62.0035 -2.20141 3.97039
      vertex 62.0212 -2.12351 4.32046
      vertex 58.6844 -1.5474 3.948
    endloop
  endfacet
  facet normal -0.194311 -0.98094 0
    outer loop
      vertex 58.7029 -1.4662 4.52
      vertex 62.0212 -2.12351 4.32046
      vertex 62.0212 -2.12351 4.52
    endloop
  endfacet
  facet normal -0.194311 -0.98094 0
    outer loop
      vertex 62.0212 -2.12351 4.32046
      vertex 58.7029 -1.4662 4.52
      vertex 58.7029 -1.4662 4.31287
    endloop
  endfacet
  facet normal -0.156188 -0.76615 0.623394
    outer loop
      vertex 61.9688 -2.3533 3.64687
      vertex 58.6482 -1.70571 3.6108
      vertex 58.5963 -1.93321 3.3182
    endloop
  endfacet
  facet normal -0.0583575 -0.214942 0.974882
    outer loop
      vertex 61.7845 -3.16068 2.98645
      vertex 58.4562 -2.54722 2.92247
      vertex 58.375 -2.90294 2.83918
    endloop
  endfacet
  facet normal -0.156188 -0.76616 0.623381
    outer loop
      vertex 61.919 -2.57157 3.36613
      vertex 61.9688 -2.3533 3.64687
      vertex 58.5963 -1.93321 3.3182
    endloop
  endfacet
  facet normal -0.0413519 -0.118415 0.992103
    outer loop
      vertex 61.7446 -3.51525 2.90655
      vertex 61.7066 -3.50198 2.90655
      vertex 58.4145 -2.91678 2.83918
    endloop
  endfacet
  facet normal -0.177008 -0.883468 0.433766
    outer loop
      vertex 61.9688 -2.3533 3.64687
      vertex 62.0035 -2.20141 3.97039
      vertex 58.6844 -1.5474 3.948
    endloop
  endfacet
  facet normal -0.128506 -0.610168 0.78178
    outer loop
      vertex 61.8565 -2.84527 3.14225
      vertex 58.5963 -1.93321 3.3182
      vertex 58.5312 -2.21848 3.08485
    endloop
  endfacet
  facet normal -0.00789525 0.0700046 0.997515
    outer loop
      vertex 61.6667 -3.85655 2.90655
      vertex 61.7066 -3.85205 2.90655
      vertex 58.375 -3.26782 2.83918
    endloop
  endfacet
  facet normal 0.019294 0.222525 0.974736
    outer loop
      vertex 58.3333 -3.27251 2.83918
      vertex 60.9106 -4.07751 2.97194
      vertex 61.2198 -4.08141 2.96671
    endloop
  endfacet
  facet normal 0.0192882 0.222507 0.97474
    outer loop
      vertex 60.9106 -4.07751 2.97194
      vertex 58.3333 -3.27251 2.83918
      vertex 58.3333 -3.63738 2.92247
    endloop
  endfacet
  facet normal -0.1285 -0.610148 0.781797
    outer loop
      vertex 61.8565 -2.84527 3.14225
      vertex 61.919 -2.57157 3.36613
      vertex 58.5963 -1.93321 3.3182
    endloop
  endfacet
  facet normal -0.0190668 0.00668216 0.999796
    outer loop
      vertex 61.8284 -3.75491 2.90655
      vertex 61.8417 -3.71696 2.90655
      vertex 58.5158 -3.12702 2.83918
    endloop
  endfacet
  facet normal -0.0228091 -0.014336 0.999637
    outer loop
      vertex 58.5019 -3.00419 2.83918
      vertex 61.8284 -3.59911 2.90655
      vertex 58.4796 -2.96871 2.83918
    endloop
  endfacet
  facet normal 0.0564484 0.43178 0.900211
    outer loop
      vertex 60.8606 -4.07589 2.97326
      vertex 58.2105 -3.62354 2.92247
      vertex 58.1408 -3.92912 3.07341
    endloop
  endfacet
  facet normal 0.0353116 0.313426 0.948956
    outer loop
      vertex 58.3333 -3.63738 2.92247
      vertex 60.8606 -4.07589 2.97326
      vertex 60.8715 -4.07624 2.97297
    endloop
  endfacet
  facet normal 0.0353453 0.313613 0.948893
    outer loop
      vertex 60.8606 -4.07589 2.97326
      vertex 58.3333 -3.63738 2.92247
      vertex 58.2105 -3.62354 2.92247
    endloop
  endfacet
  facet normal -0.177007 -0.883464 0.433775
    outer loop
      vertex 61.9688 -2.3533 3.64687
      vertex 58.6844 -1.5474 3.948
      vertex 58.6482 -1.70571 3.6108
    endloop
  endfacet
  facet normal -0.0172088 0.0171913 0.999704
    outer loop
      vertex 61.807 -3.78895 2.90655
      vertex 58.4796 -3.20205 2.83918
      vertex 58.45 -3.23168 2.83918
    endloop
  endfacet
  facet normal -0.0583552 -0.214907 0.97489
    outer loop
      vertex 61.7066 -3.50198 2.90655
      vertex 61.7845 -3.16068 2.98645
      vertex 58.375 -2.90294 2.83918
    endloop
  endfacet
  facet normal -0.0198555 0.00223654 0.9998
    outer loop
      vertex 61.8417 -3.71696 2.90655
      vertex 61.8462 -3.67701 2.90655
      vertex 58.5205 -3.08538 2.83918
    endloop
  endfacet
  facet normal -0.0953367 -0.42328 0.900969
    outer loop
      vertex 61.7845 -3.16068 2.98645
      vertex 61.8565 -2.84527 3.14225
      vertex 58.5312 -2.21848 3.08485
    endloop
  endfacet
  facet normal -0.0953368 -0.42328 0.900969
    outer loop
      vertex 61.7845 -3.16068 2.98645
      vertex 58.5312 -2.21848 3.08485
      vertex 58.4562 -2.54722 2.92247
    endloop
  endfacet
  facet normal -0.0198546 0.00224104 0.9998
    outer loop
      vertex 61.8417 -3.71696 2.90655
      vertex 58.5205 -3.08538 2.83918
      vertex 58.5158 -3.12702 2.83918
    endloop
  endfacet
  facet normal -0.0172089 0.0171907 0.999704
    outer loop
      vertex 61.7786 -3.81738 2.90655
      vertex 61.807 -3.78895 2.90655
      vertex 58.45 -3.23168 2.83918
    endloop
  endfacet
  facet normal -0.0182222 0.0114531 0.999768
    outer loop
      vertex 61.807 -3.78895 2.90655
      vertex 58.5019 -3.16657 2.83918
      vertex 58.4796 -3.20205 2.83918
    endloop
  endfacet
  facet normal -0.0412135 -0.117625 0.992202
    outer loop
      vertex 58.4145 -2.91678 2.83918
      vertex 61.7066 -3.50198 2.90655
      vertex 58.375 -2.90294 2.83918
    endloop
  endfacet
  facet normal -0.0216014 -0.00757045 0.999738
    outer loop
      vertex 61.8417 -3.63706 2.90655
      vertex 61.8284 -3.59911 2.90655
      vertex 58.5158 -3.04374 2.83918
    endloop
  endfacet
  facet normal -0.0228098 -0.0143399 0.999637
    outer loop
      vertex 61.8284 -3.59911 2.90655
      vertex 61.807 -3.56507 2.90655
      vertex 58.4796 -2.96871 2.83918
    endloop
  endfacet
  facet normal -0.189932 -0.956266 0.222442
    outer loop
      vertex 62.0212 -2.12351 4.32046
      vertex 58.7029 -1.4662 4.31287
      vertex 58.6844 -1.5474 3.948
    endloop
  endfacet
  facet normal -0.0158091 0.025129 0.999559
    outer loop
      vertex 61.7446 -3.83877 2.90655
      vertex 61.7786 -3.81738 2.90655
      vertex 58.45 -3.23168 2.83918
    endloop
  endfacet
  facet normal -0.0190634 0.00669991 0.999796
    outer loop
      vertex 61.8284 -3.75491 2.90655
      vertex 58.5158 -3.12702 2.83918
      vertex 58.5019 -3.16657 2.83918
    endloop
  endfacet
  facet normal -0.020668 -0.00233284 0.999784
    outer loop
      vertex 58.5205 -3.08538 2.83918
      vertex 61.8417 -3.63706 2.90655
      vertex 58.5158 -3.04374 2.83918
    endloop
  endfacet
  facet normal -0.0216052 -0.00759323 0.999738
    outer loop
      vertex 58.5158 -3.04374 2.83918
      vertex 61.8284 -3.59911 2.90655
      vertex 58.5019 -3.00419 2.83918
    endloop
  endfacet
  facet normal -0.0246478 -0.0246229 0.999393
    outer loop
      vertex 58.4796 -2.96871 2.83918
      vertex 61.807 -3.56507 2.90655
      vertex 58.45 -2.93908 2.83918
    endloop
  endfacet
  facet normal -0.0246476 -0.0246216 0.999393
    outer loop
      vertex 61.807 -3.56507 2.90655
      vertex 61.7786 -3.53664 2.90655
      vertex 58.45 -2.93908 2.83918
    endloop
  endfacet
  facet normal -0.0182218 0.0114555 0.999768
    outer loop
      vertex 61.807 -3.78895 2.90655
      vertex 61.8284 -3.75491 2.90655
      vertex 58.5019 -3.16657 2.83918
    endloop
  endfacet
  facet normal 0.0192704 0.222488 0.974745
    outer loop
      vertex 61.6667 -3.85655 2.90655
      vertex 61.2198 -4.08141 2.96671
      vertex 61.6667 -4.08704 2.95916
    endloop
  endfacet
  facet normal 0.0192788 0.222472 0.974748
    outer loop
      vertex 61.2198 -4.08141 2.96671
      vertex 61.6667 -3.85655 2.90655
      vertex 58.3333 -3.27251 2.83918
    endloop
  endfacet
  facet normal -0.0134538 0.0384973 0.999168
    outer loop
      vertex 61.7066 -3.85205 2.90655
      vertex 61.7446 -3.83877 2.90655
      vertex 58.375 -3.26782 2.83918
    endloop
  endfacet
  facet normal -0.0282978 -0.0450481 0.998584
    outer loop
      vertex 58.45 -2.93908 2.83918
      vertex 61.7446 -3.51525 2.90655
      vertex 58.4145 -2.91678 2.83918
    endloop
  endfacet
  facet normal -0.0158037 0.0251584 0.999559
    outer loop
      vertex 61.7446 -3.83877 2.90655
      vertex 58.45 -3.23168 2.83918
      vertex 58.4145 -3.25398 2.83918
    endloop
  endfacet
  facet normal -0.00788181 0.0700792 0.99751
    outer loop
      vertex 61.6667 -3.85655 2.90655
      vertex 58.375 -3.26782 2.83918
      vertex 58.3333 -3.27251 2.83918
    endloop
  endfacet
  facet normal -0.0134652 0.0384303 0.999171
    outer loop
      vertex 61.7446 -3.83877 2.90655
      vertex 58.4145 -3.25398 2.83918
      vertex 58.375 -3.26782 2.83918
    endloop
  endfacet
  facet normal -0.0206671 -0.00232796 0.999784
    outer loop
      vertex 61.8462 -3.67701 2.90655
      vertex 61.8417 -3.63706 2.90655
      vertex 58.5205 -3.08538 2.83918
    endloop
  endfacet
  facet normal -0.0282815 -0.0449542 0.998589
    outer loop
      vertex 61.7786 -3.53664 2.90655
      vertex 61.7446 -3.51525 2.90655
      vertex 58.45 -2.93908 2.83918
    endloop
  endfacet
  facet normal 0.0351582 0.312572 0.949243
    outer loop
      vertex 60.8715 -4.07624 2.97297
      vertex 60.9106 -4.07751 2.97194
      vertex 58.3333 -3.63738 2.92247
    endloop
  endfacet
  facet normal -0.0300512 -0.0454746 0.998513
    outer loop
      vertex 61.7446 -3.51525 2.90655
      vertex 64.8003 -3.97865 2.97741
      vertex 64.8064 -3.97807 2.97762
    endloop
  endfacet
  facet normal -0.0305046 -0.0484879 0.998358
    outer loop
      vertex 64.8003 -3.97865 2.97741
      vertex 61.7446 -3.51525 2.90655
      vertex 61.7786 -3.53664 2.90655
    endloop
  endfacet
  facet normal 0.00862636 0.222521 0.97489
    outer loop
      vertex 63.2658 -4.08257 2.94399
      vertex 61.6667 -3.85655 2.90655
      vertex 61.6667 -4.08704 2.95916
    endloop
  endfacet
  facet normal -0.111767 -0.613742 0.781556
    outer loop
      vertex 65.1805 -3.36591 3.20875
      vertex 65.24 -3.10562 3.42166
      vertex 61.8565 -2.84527 3.14225
    endloop
  endfacet
  facet normal -0.0846974 -0.425676 0.900903
    outer loop
      vertex 65.1805 -3.36591 3.20875
      vertex 61.8565 -2.84527 3.14225
      vertex 61.7845 -3.16068 2.98645
    endloop
  endfacet
  facet normal -0.0544211 -0.21583 0.974913
    outer loop
      vertex 65.1121 -3.66587 3.06058
      vertex 64.922 -3.96087 2.98466
      vertex 65.0524 -3.92744 2.99934
    endloop
  endfacet
  facet normal -0.0544799 -0.215794 0.974918
    outer loop
      vertex 64.922 -3.96087 2.98466
      vertex 65.1121 -3.66587 3.06058
      vertex 61.7845 -3.16068 2.98645
    endloop
  endfacet
  facet normal -0.0238599 -0.00272175 0.999712
    outer loop
      vertex 64.2361 -4.022 2.96265
      vertex 64.367 -4.01251 2.9658
      vertex 61.8462 -3.67701 2.90655
    endloop
  endfacet
  facet normal -0.084698 -0.425697 0.900893
    outer loop
      vertex 65.1121 -3.66587 3.06058
      vertex 65.1805 -3.36591 3.20875
      vertex 61.7845 -3.16068 2.98645
    endloop
  endfacet
  facet normal -0.0545649 -0.216126 0.974839
    outer loop
      vertex 61.7845 -3.16068 2.98645
      vertex 64.8908 -3.96887 2.98114
      vertex 64.922 -3.96087 2.98466
    endloop
  endfacet
  facet normal -0.0544793 -0.215798 0.974917
    outer loop
      vertex 64.8908 -3.96887 2.98114
      vertex 61.7845 -3.16068 2.98645
      vertex 61.7066 -3.50198 2.90655
    endloop
  endfacet
  facet normal -0.151295 -0.888439 0.433342
    outer loop
      vertex 65.3203 -2.75359 3.99632
      vertex 62.0035 -2.20141 3.97039
      vertex 61.9688 -2.3533 3.64687
    endloop
  endfacet
  facet normal -0.111767 -0.61376 0.781541
    outer loop
      vertex 65.24 -3.10562 3.42166
      vertex 61.919 -2.57157 3.36613
      vertex 61.8565 -2.84527 3.14225
    endloop
  endfacet
  facet normal -0.0223814 0.00752056 0.999721
    outer loop
      vertex 63.8702 -4.04722 2.95446
      vertex 63.9863 -4.03935 2.957
      vertex 61.8284 -3.75491 2.90655
    endloop
  endfacet
  facet normal -0.021548 0.0133614 0.999679
    outer loop
      vertex 61.8284 -3.75491 2.90655
      vertex 63.6972 -4.05853 2.95089
      vertex 63.7707 -4.05372 2.95241
    endloop
  endfacet
  facet normal -0.0215207 0.0135295 0.999677
    outer loop
      vertex 63.6972 -4.05853 2.95089
      vertex 61.8284 -3.75491 2.90655
      vertex 61.807 -3.78895 2.90655
    endloop
  endfacet
  facet normal -0.0274751 -0.0276356 0.99924
    outer loop
      vertex 64.7128 -3.98603 2.9748
      vertex 64.8003 -3.97865 2.97741
      vertex 61.7786 -3.53664 2.90655
    endloop
  endfacet
  facet normal -0.0257416 -0.0157105 0.999545
    outer loop
      vertex 61.807 -3.56507 2.90655
      vertex 64.6807 -3.98863 2.9739
      vertex 64.6996 -3.98715 2.97441
    endloop
  endfacet
  facet normal -0.0258181 -0.0162311 0.999535
    outer loop
      vertex 64.6807 -3.98863 2.9739
      vertex 61.807 -3.56507 2.90655
      vertex 61.8284 -3.59911 2.90655
    endloop
  endfacet
  facet normal -0.0239098 -0.00305386 0.999709
    outer loop
      vertex 61.8417 -3.63706 2.90655
      vertex 64.367 -4.01251 2.9658
      vertex 64.4105 -4.00936 2.96685
    endloop
  endfacet
  facet normal -0.0238553 -0.00268708 0.999712
    outer loop
      vertex 64.367 -4.01251 2.9658
      vertex 61.8417 -3.63706 2.90655
      vertex 61.8462 -3.67701 2.90655
    endloop
  endfacet
  facet normal -0.0166079 0.0479655 0.998711
    outer loop
      vertex 61.7446 -3.83877 2.90655
      vertex 63.3666 -4.07816 2.94502
      vertex 63.4154 -4.07563 2.94571
    endloop
  endfacet
  facet normal -0.0166541 0.0476547 0.998725
    outer loop
      vertex 63.3666 -4.07816 2.94502
      vertex 61.7446 -3.83877 2.90655
      vertex 61.7066 -3.85205 2.90655
    endloop
  endfacet
  facet normal -0.161805 -0.961487 0.222175
    outer loop
      vertex 65.3203 -2.75359 3.99632
      vertex 65.3372 -2.6795 4.32926
      vertex 62.0035 -2.20141 3.97039
    endloop
  endfacet
  facet normal -0.0166284 0.0478413 0.998717
    outer loop
      vertex 63.3214 -4.08051 2.94438
      vertex 63.3666 -4.07816 2.94502
      vertex 61.7066 -3.85205 2.90655
    endloop
  endfacet
  facet normal -0.0205156 0.0205605 0.999578
    outer loop
      vertex 61.807 -3.78895 2.90655
      vertex 63.626 -4.06297 2.94952
      vertex 63.6972 -4.05853 2.95089
    endloop
  endfacet
  facet normal -0.0205243 0.0205027 0.999579
    outer loop
      vertex 63.626 -4.06297 2.94952
      vertex 61.807 -3.78895 2.90655
      vertex 61.7786 -3.81738 2.90655
    endloop
  endfacet
  facet normal -0.0247266 -0.00871104 0.999656
    outer loop
      vertex 64.4458 -4.0067 2.96774
      vertex 64.5675 -3.99755 2.97083
      vertex 61.8284 -3.59911 2.90655
    endloop
  endfacet
  facet normal -0.0191165 0.0303768 0.999356
    outer loop
      vertex 61.7786 -3.81738 2.90655
      vertex 63.4154 -4.07563 2.94571
      vertex 63.4788 -4.07192 2.94681
    endloop
  endfacet
  facet normal -0.0191153 0.0303844 0.999355
    outer loop
      vertex 63.4154 -4.07563 2.94571
      vertex 61.7786 -3.81738 2.90655
      vertex 61.7446 -3.83877 2.90655
    endloop
  endfacet
  facet normal -0.151295 -0.888437 0.433346
    outer loop
      vertex 65.2873 -2.89804 3.68865
      vertex 65.3203 -2.75359 3.99632
      vertex 61.9688 -2.3533 3.64687
    endloop
  endfacet
  facet normal -0.0190921 0.0305395 0.999351
    outer loop
      vertex 63.4788 -4.07192 2.94681
      vertex 63.5429 -4.06817 2.94792
      vertex 61.7786 -3.81738 2.90655
    endloop
  endfacet
  facet normal -0.0205274 0.02048 0.99958
    outer loop
      vertex 63.5429 -4.06817 2.94792
      vertex 63.626 -4.06297 2.94952
      vertex 61.7786 -3.81738 2.90655
    endloop
  endfacet
  facet normal -0.0246061 -0.00793539 0.999666
    outer loop
      vertex 61.8284 -3.59911 2.90655
      vertex 64.4105 -4.00936 2.96685
      vertex 64.4458 -4.0067 2.96774
    endloop
  endfacet
  facet normal -0.0247216 -0.00866397 0.999657
    outer loop
      vertex 64.4105 -4.00936 2.96685
      vertex 61.8284 -3.59911 2.90655
      vertex 61.8417 -3.63706 2.90655
    endloop
  endfacet
  facet normal -0.0214927 0.0137208 0.999675
    outer loop
      vertex 63.7707 -4.05372 2.95241
      vertex 63.8702 -4.04722 2.95446
      vertex 61.8284 -3.75491 2.90655
    endloop
  endfacet
  facet normal -0.0399851 -0.114105 0.992664
    outer loop
      vertex 64.8651 -3.97246 2.97969
      vertex 64.8896 -3.96904 2.98107
      vertex 61.7446 -3.51525 2.90655
    endloop
  endfacet
  facet normal -0.0258247 -0.0162795 0.999534
    outer loop
      vertex 64.5675 -3.99755 2.97083
      vertex 64.6807 -3.98863 2.9739
      vertex 61.8284 -3.59911 2.90655
    endloop
  endfacet
  facet normal -0.161802 -0.961496 0.22214
    outer loop
      vertex 65.3372 -2.6795 4.32926
      vertex 62.0212 -2.12351 4.32046
      vertex 62.0035 -2.20141 3.97039
    endloop
  endfacet
  facet normal -0.010291 0.0921349 0.995693
    outer loop
      vertex 63.2953 -4.08148 2.9442
      vertex 63.3214 -4.08051 2.94438
      vertex 61.7066 -3.85205 2.90655
    endloop
  endfacet
  facet normal -0.0104523 0.0910342 0.995793
    outer loop
      vertex 61.7066 -3.85205 2.90655
      vertex 63.2658 -4.08257 2.94399
      vertex 63.2953 -4.08148 2.9442
    endloop
  endfacet
  facet normal -0.0103465 0.0917394 0.995729
    outer loop
      vertex 63.2658 -4.08257 2.94399
      vertex 61.7066 -3.85205 2.90655
      vertex 61.6667 -3.85655 2.90655
    endloop
  endfacet
  facet normal -0.04084 -0.120153 0.991915
    outer loop
      vertex 64.8908 -3.96887 2.98114
      vertex 61.7446 -3.51525 2.90655
      vertex 64.8896 -3.96904 2.98107
    endloop
  endfacet
  facet normal -0.0400802 -0.114774 0.992583
    outer loop
      vertex 61.7446 -3.51525 2.90655
      vertex 64.8908 -3.96887 2.98114
      vertex 61.7066 -3.50198 2.90655
    endloop
  endfacet
  facet normal -0.0230971 0.00256418 0.99973
    outer loop
      vertex 61.8462 -3.67701 2.90655
      vertex 64.0529 -4.03483 2.95845
      vertex 64.1131 -4.03061 2.95983
    endloop
  endfacet
  facet normal -0.0230912 0.00260101 0.99973
    outer loop
      vertex 64.0529 -4.03483 2.95845
      vertex 61.8462 -3.67701 2.90655
      vertex 61.8417 -3.71696 2.90655
    endloop
  endfacet
  facet normal -0.0272851 -0.0263892 0.999279
    outer loop
      vertex 61.7786 -3.53664 2.90655
      vertex 64.6996 -3.98715 2.97441
      vertex 64.7128 -3.98603 2.9748
    endloop
  endfacet
  facet normal -0.0274423 -0.0274133 0.999247
    outer loop
      vertex 64.6996 -3.98715 2.97441
      vertex 61.7786 -3.53664 2.90655
      vertex 61.807 -3.56507 2.90655
    endloop
  endfacet
  facet normal -0.13434 -0.770621 0.622974
    outer loop
      vertex 65.24 -3.10562 3.42166
      vertex 61.9688 -2.3533 3.64687
      vertex 61.919 -2.57157 3.36613
    endloop
  endfacet
  facet normal -0.134345 -0.770635 0.622955
    outer loop
      vertex 65.24 -3.10562 3.42166
      vertex 65.2873 -2.89804 3.68865
      vertex 61.9688 -2.3533 3.64687
    endloop
  endfacet
  facet normal -0.0223106 0.00802925 0.999719
    outer loop
      vertex 61.8417 -3.71696 2.90655
      vertex 63.9863 -4.03935 2.957
      vertex 64.0529 -4.03483 2.95845
    endloop
  endfacet
  facet normal -0.0223406 0.00782952 0.99972
    outer loop
      vertex 63.9863 -4.03935 2.957
      vertex 61.8417 -3.71696 2.90655
      vertex 61.8284 -3.75491 2.90655
    endloop
  endfacet
  facet normal -0.0230992 0.00255097 0.99973
    outer loop
      vertex 64.1131 -4.03061 2.95983
      vertex 64.2361 -4.022 2.96265
      vertex 61.8462 -3.67701 2.90655
    endloop
  endfacet
  facet normal -0.165361 -0.986233 0
    outer loop
      vertex 62.0212 -2.12351 4.52
      vertex 65.3372 -2.6795 4.32926
      vertex 65.3372 -2.6795 4.52
    endloop
  endfacet
  facet normal -0.165361 -0.986233 0
    outer loop
      vertex 65.3372 -2.6795 4.32926
      vertex 62.0212 -2.12351 4.52
      vertex 62.0212 -2.12351 4.32046
    endloop
  endfacet
  facet normal -0.0305449 -0.0487668 0.998343
    outer loop
      vertex 64.8064 -3.97807 2.97762
      vertex 64.8651 -3.97246 2.97969
      vertex 61.7446 -3.51525 2.90655
    endloop
  endfacet
  facet normal -0.071361 -0.428614 0.900665
    outer loop
      vertex 65.1805 -3.36591 3.20875
      vertex 66.1194 -3.78141 3.08541
      vertex 66.5627 -3.655 3.18069
    endloop
  endfacet
  facet normal -0.0713655 -0.428622 0.900661
    outer loop
      vertex 66.1194 -3.78141 3.08541
      vertex 65.1805 -3.36591 3.20875
      vertex 65.1121 -3.66587 3.06058
    endloop
  endfacet
  facet normal -0.128343 -0.966665 0.221557
    outer loop
      vertex 65.3372 -2.6795 4.32926
      vertex 68.0088 -3.04051 4.30175
      vertex 68.0659 -3.03995 4.33727
    endloop
  endfacet
  facet normal -0.12834 -0.966647 0.221635
    outer loop
      vertex 68.0088 -3.04051 4.30175
      vertex 65.3372 -2.6795 4.32926
      vertex 68.0072 -3.09046 4.08297
    endloop
  endfacet
  facet normal -0.120604 -0.893533 0.432496
    outer loop
      vertex 65.3203 -2.75359 3.99632
      vertex 67.883 -3.12218 3.94944
      vertex 68.0068 -3.10494 4.01958
    endloop
  endfacet
  facet normal -0.120608 -0.893552 0.432456
    outer loop
      vertex 67.883 -3.12218 3.94944
      vertex 65.3203 -2.75359 3.99632
      vertex 65.2873 -2.89804 3.68865
    endloop
  endfacet
  facet normal -0.091423 -0.617915 0.780911
    outer loop
      vertex 67.1165 -3.48451 3.34154
      vertex 67.4693 -3.38331 3.46292
      vertex 65.24 -3.10562 3.42166
    endloop
  endfacet
  facet normal -0.108111 -0.77564 0.621848
    outer loop
      vertex 65.24 -3.10562 3.42166
      vertex 67.4719 -3.31623 3.54699
      vertex 67.4723 -3.30523 3.56078
    endloop
  endfacet
  facet normal -0.108107 -0.775453 0.622082
    outer loop
      vertex 67.4719 -3.31623 3.54699
      vertex 65.24 -3.10562 3.42166
      vertex 67.4693 -3.38331 3.46292
    endloop
  endfacet
  facet normal -0.108109 -0.775439 0.622099
    outer loop
      vertex 65.24 -3.10562 3.42166
      vertex 67.4723 -3.30523 3.56078
      vertex 67.6553 -3.26195 3.64653
    endloop
  endfacet
  facet normal -0.0914064 -0.617845 0.780969
    outer loop
      vertex 65.24 -3.10562 3.42166
      vertex 66.8675 -3.55591 3.25591
      vertex 67.1165 -3.48451 3.34154
    endloop
  endfacet
  facet normal -0.0914209 -0.617885 0.780935
    outer loop
      vertex 65.1805 -3.36591 3.20875
      vertex 66.8675 -3.55591 3.25591
      vertex 65.24 -3.10562 3.42166
    endloop
  endfacet
  facet normal -0.0914759 -0.618495 0.780446
    outer loop
      vertex 66.8675 -3.55591 3.25591
      vertex 65.1805 -3.36591 3.20875
      vertex 66.867 -3.56824 3.24608
    endloop
  endfacet
  facet normal -0.0713526 -0.428575 0.900684
    outer loop
      vertex 66.5627 -3.655 3.18069
      vertex 66.867 -3.56824 3.24608
      vertex 65.1805 -3.36591 3.20875
    endloop
  endfacet
  facet normal -0.128341 -0.966649 0.221626
    outer loop
      vertex 65.3203 -2.75359 3.99632
      vertex 68.0072 -3.09046 4.08297
      vertex 65.3372 -2.6795 4.32926
    endloop
  endfacet
  facet normal -0.128341 -0.966651 0.221619
    outer loop
      vertex 68.0072 -3.09046 4.08297
      vertex 65.3203 -2.75359 3.99632
      vertex 68.0068 -3.10494 4.01958
    endloop
  endfacet
  facet normal -0.108106 -0.775459 0.622074
    outer loop
      vertex 65.2873 -2.89804 3.68865
      vertex 67.6553 -3.26195 3.64653
      vertex 67.8206 -3.22288 3.72396
    endloop
  endfacet
  facet normal -0.108108 -0.775467 0.622064
    outer loop
      vertex 67.6553 -3.26195 3.64653
      vertex 65.2873 -2.89804 3.68865
      vertex 65.24 -3.10562 3.42166
    endloop
  endfacet
  facet normal -0.0489353 -0.217113 0.974919
    outer loop
      vertex 65.1121 -3.66587 3.06058
      vertex 65.4941 -3.84959 3.03884
      vertex 66.1194 -3.78141 3.08541
    endloop
  endfacet
  facet normal -0.0489044 -0.217051 0.974935
    outer loop
      vertex 65.1121 -3.66587 3.06058
      vertex 65.2868 -3.87219 3.02341
      vertex 65.4941 -3.84959 3.03884
    endloop
  endfacet
  facet normal -0.0489446 -0.217083 0.974925
    outer loop
      vertex 65.2868 -3.87219 3.02341
      vertex 65.1121 -3.66587 3.06058
      vertex 65.0524 -3.92744 2.99934
    endloop
  endfacet
  facet normal -0.130958 -0.991388 0
    outer loop
      vertex 65.3372 -2.6795 4.52
      vertex 68.0659 -3.03995 4.33727
      vertex 68.0659 -3.03995 4.52
    endloop
  endfacet
  facet normal -0.130958 -0.991388 0
    outer loop
      vertex 68.0659 -3.03995 4.33727
      vertex 65.3372 -2.6795 4.52
      vertex 65.3372 -2.6795 4.32926
    endloop
  endfacet
  facet normal -0.120601 -0.893605 0.432349
    outer loop
      vertex 65.2873 -2.89804 3.68865
      vertex 67.8506 -3.1267 3.93106
      vertex 67.883 -3.12218 3.94944
    endloop
  endfacet
  facet normal -0.120607 -0.893559 0.432443
    outer loop
      vertex 67.8235 -3.13735 3.9015
      vertex 65.2873 -2.89804 3.68865
      vertex 67.8206 -3.22288 3.72396
    endloop
  endfacet
  facet normal -0.120619 -0.8934 0.432768
    outer loop
      vertex 67.8237 -3.13045 3.9158
      vertex 65.2873 -2.89804 3.68865
      vertex 67.8235 -3.13735 3.9015
    endloop
  endfacet
  facet normal -0.120593 -0.893681 0.432193
    outer loop
      vertex 67.8506 -3.1267 3.93106
      vertex 65.2873 -2.89804 3.68865
      vertex 67.8237 -3.13045 3.9158
    endloop
  endfacet
  facet normal -0.158207 0.157779 0.974719
    outer loop
      vertex 75.0873 -4.90942 3.25786
      vertex 75.1192 -4.89504 3.26071
      vertex 75.1094 -4.88726 3.25786
    endloop
  endfacet
  facet normal -0.158575 0.158633 0.97452
    outer loop
      vertex 75.1192 -4.89504 3.26071
      vertex 75.0873 -4.90942 3.25786
      vertex 75.1071 -4.93435 3.26514
    endloop
  endfacet
  facet normal -0.144054 -0.411277 0.900055
    outer loop
      vertex 75.1303 -4.41095 3.32015
      vertex 75.1095 -4.37992 3.331
      vertex 75.0919 -4.3975 3.32015
    endloop
  endfacet
  facet normal -0.14325 0.411967 0.899868
    outer loop
      vertex 75.0993 -5.23516 3.33628
      vertex 75.1095 -5.22008 3.331
      vertex 75.0919 -5.2025 3.32015
    endloop
  endfacet
  facet normal -0.14325 -0.411967 0.899868
    outer loop
      vertex 75.1095 -4.37992 3.331
      vertex 75.0993 -4.36484 3.33628
      vertex 75.0919 -4.3975 3.32015
    endloop
  endfacet
  facet normal -0.189104 -0.118866 0.974736
    outer loop
      vertex 75.1204 -4.73024 3.25786
      vertex 75.1192 -4.70496 3.26071
      vertex 75.1094 -4.71274 3.25786
    endloop
  endfacet
  facet normal -0.189104 0.118866 0.974736
    outer loop
      vertex 75.1192 -4.89504 3.26071
      vertex 75.1204 -4.86976 3.25786
      vertex 75.1094 -4.88726 3.25786
    endloop
  endfacet
  facet normal -0.144054 0.411277 0.900055
    outer loop
      vertex 75.1095 -5.22008 3.331
      vertex 75.1303 -5.18905 3.32015
      vertex 75.0919 -5.2025 3.32015
    endloop
  endfacet
  facet normal -0.15833 -0.15883 0.974528
    outer loop
      vertex 75.1103 -4.67608 3.26396
      vertex 75.1071 -4.66565 3.26514
      vertex 75.0873 -4.69058 3.25786
    endloop
  endfacet
  facet normal -0.158528 -0.158524 0.974546
    outer loop
      vertex 75.0873 -4.69058 3.25786
      vertex 75.1192 -4.70496 3.26071
      vertex 75.1103 -4.67608 3.26396
    endloop
  endfacet
  facet normal -0.158207 -0.157779 0.974719
    outer loop
      vertex 75.1192 -4.70496 3.26071
      vertex 75.0873 -4.69058 3.25786
      vertex 75.1094 -4.71274 3.25786
    endloop
  endfacet
  facet normal 0 -0.532035 0.846722
    outer loop
      vertex 0 7.01339 1.7245
      vertex 5 6.34029 1.30156
      vertex 5 7.01339 1.7245
    endloop
  endfacet
  facet normal 0 -0.532035 0.846722
    outer loop
      vertex 5 6.34029 1.30156
      vertex 0 7.01339 1.7245
      vertex 0 6.34029 1.30156
    endloop
  endfacet
  facet normal 0 -0.993712 0.111969
    outer loop
      vertex 0 8.26099 3.71005
      vertex 5 8.35 4.5
      vertex 0 8.35 4.5
    endloop
  endfacet
  facet normal 0 -0.993712 0.111969
    outer loop
      vertex 5 8.35 4.5
      vertex 0 8.26099 3.71005
      vertex 5 8.26099 3.71005
    endloop
  endfacet
  facet normal 0 0.943885 0.330273
    outer loop
      vertex 5 1.60156 2.95971
      vertex 0 1.33901 3.71005
      vertex 5 1.33901 3.71005
    endloop
  endfacet
  facet normal 0 0.943885 0.330273
    outer loop
      vertex 0 1.33901 3.71005
      vertex 5 1.60156 2.95971
      vertex 0 1.60156 2.95971
    endloop
  endfacet
  facet normal 0 -0.846722 0.532035
    outer loop
      vertex 0 7.5755 2.28661
      vertex 5 7.99844 2.95971
      vertex 0 7.99844 2.95971
    endloop
  endfacet
  facet normal 0 -0.846722 0.532035
    outer loop
      vertex 5 7.99844 2.95971
      vertex 0 7.5755 2.28661
      vertex 5 7.5755 2.28661
    endloop
  endfacet
  facet normal -0 0.111968 0.993712
    outer loop
      vertex 0 4.8 0.950001
      vertex 5 4.01005 1.03901
      vertex 5 4.8 0.950001
    endloop
  endfacet
  facet normal 0 0.111968 0.993712
    outer loop
      vertex 5 4.01005 1.03901
      vertex 0 4.8 0.950001
      vertex 0 4.01005 1.03901
    endloop
  endfacet
  facet normal 0 -0.707107 0.707107
    outer loop
      vertex 0 7.01339 1.7245
      vertex 5 7.5755 2.28661
      vertex 0 7.5755 2.28661
    endloop
  endfacet
  facet normal 0 -0.707107 0.707107
    outer loop
      vertex 5 7.5755 2.28661
      vertex 0 7.01339 1.7245
      vertex 5 7.01339 1.7245
    endloop
  endfacet
  facet normal 0 -0.111968 0.993712
    outer loop
      vertex 0 5.58995 1.03901
      vertex 5 4.8 0.950001
      vertex 5 5.58995 1.03901
    endloop
  endfacet
  facet normal 0 -0.111968 0.993712
    outer loop
      vertex 5 4.8 0.950001
      vertex 0 5.58995 1.03901
      vertex 0 4.8 0.950001
    endloop
  endfacet
  facet normal 0 0.846722 0.532035
    outer loop
      vertex 5 2.0245 2.28661
      vertex 0 1.60156 2.95971
      vertex 5 1.60156 2.95971
    endloop
  endfacet
  facet normal 0 0.846722 0.532035
    outer loop
      vertex 0 1.60156 2.95971
      vertex 5 2.0245 2.28661
      vertex 0 2.0245 2.28661
    endloop
  endfacet
  facet normal 0 0.993712 0.111969
    outer loop
      vertex 5 1.33901 3.71005
      vertex 0 1.25 4.5
      vertex 5 1.25 4.5
    endloop
  endfacet
  facet normal 0 0.993712 0.111969
    outer loop
      vertex 0 1.25 4.5
      vertex 5 1.33901 3.71005
      vertex 0 1.33901 3.71005
    endloop
  endfacet
  facet normal -1 0 0
    outer loop
      vertex 5 8.26099 3.71005
      vertex 5 6.74986 4.05496
      vertex 5 6.8 4.5
    endloop
  endfacet
  facet normal -1 0 0
    outer loop
      vertex 5 7.5755 2.28661
      vertex 5 6.60194 3.63223
      vertex 5 6.74986 4.05496
    endloop
  endfacet
  facet normal -1 0 0
    outer loop
      vertex 5 7.5755 2.28661
      vertex 5 6.36366 3.25302
      vertex 5 6.60194 3.63223
    endloop
  endfacet
  facet normal -1 0 0
    outer loop
      vertex 5 6.04698 2.93634
      vertex 5 7.01339 1.7245
      vertex 5 6.34029 1.30156
    endloop
  endfacet
  facet normal -1 0 0
    outer loop
      vertex 5 7.01339 1.7245
      vertex 5 6.04698 2.93634
      vertex 5 6.36366 3.25302
    endloop
  endfacet
  facet normal -1 0 0
    outer loop
      vertex 5 6.34029 1.30156
      vertex 5 5.66777 2.69806
      vertex 5 6.04698 2.93634
    endloop
  endfacet
  facet normal -1 0 0
    outer loop
      vertex 5 5.58995 1.03901
      vertex 5 5.66777 2.69806
      vertex 5 6.34029 1.30156
    endloop
  endfacet
  facet normal -1 0 0
    outer loop
      vertex 5 5.58995 1.03901
      vertex 5 5.24504 2.55014
      vertex 5 5.66777 2.69806
    endloop
  endfacet
  facet normal -1 0 0
    outer loop
      vertex 5 4.8 0.950001
      vertex 5 5.24504 2.55014
      vertex 5 5.58995 1.03901
    endloop
  endfacet
  facet normal -1 0 0
    outer loop
      vertex 5 4.8 0.950001
      vertex 5 4.8 2.5
      vertex 5 5.24504 2.55014
    endloop
  endfacet
  facet normal -1 0 0
    outer loop
      vertex 5 4.8 0.950001
      vertex 5 4.35496 2.55014
      vertex 5 4.8 2.5
    endloop
  endfacet
  facet normal -1 0 0
    outer loop
      vertex 5 4.01005 1.03901
      vertex 5 4.35496 2.55014
      vertex 5 4.8 0.950001
    endloop
  endfacet
  facet normal -1 0 0
    outer loop
      vertex 5 4.01005 1.03901
      vertex 5 3.93223 2.69806
      vertex 5 4.35496 2.55014
    endloop
  endfacet
  facet normal -1 0 0
    outer loop
      vertex 5 3.25971 1.30156
      vertex 5 3.93223 2.69806
      vertex 5 4.01005 1.03901
    endloop
  endfacet
  facet normal -1 -0 0
    outer loop
      vertex 5 3.93223 2.69806
      vertex 5 3.25971 1.30156
      vertex 5 3.55302 2.93634
    endloop
  endfacet
  facet normal -1 0 0
    outer loop
      vertex 5 2.58661 1.7245
      vertex 5 3.55302 2.93634
      vertex 5 3.25971 1.30156
    endloop
  endfacet
  facet normal -1 -0 0
    outer loop
      vertex 5 3.55302 2.93634
      vertex 5 2.58661 1.7245
      vertex 5 3.23634 3.25302
    endloop
  endfacet
  facet normal -1 0 0
    outer loop
      vertex 5 2.0245 2.28661
      vertex 5 3.23634 3.25302
      vertex 5 2.58661 1.7245
    endloop
  endfacet
  facet normal -1 0 0
    outer loop
      vertex 5 1.60156 2.95971
      vertex 5 2.99806 3.63223
      vertex 5 2.0245 2.28661
    endloop
  endfacet
  facet normal -1 -0 0
    outer loop
      vertex 5 3.23634 3.25302
      vertex 5 2.0245 2.28661
      vertex 5 2.99806 3.63223
    endloop
  endfacet
  facet normal -1 0 0
    outer loop
      vertex 5 6.8 4.5
      vertex 5 8.35 4.5
      vertex 5 8.26099 3.71005
    endloop
  endfacet
  facet normal -1 0 0
    outer loop
      vertex 5 6.74986 4.05496
      vertex 5 8.26099 3.71005
      vertex 5 7.99844 2.95971
    endloop
  endfacet
  facet normal -1 0 0
    outer loop
      vertex 5 6.74986 4.05496
      vertex 5 7.99844 2.95971
      vertex 5 7.5755 2.28661
    endloop
  endfacet
  facet normal -1 0 0
    outer loop
      vertex 5 6.36366 3.25302
      vertex 5 7.5755 2.28661
      vertex 5 7.01339 1.7245
    endloop
  endfacet
  facet normal -1 0 0
    outer loop
      vertex 5 8.35 4.5
      vertex 5 6.8 4.5
      vertex 5 8.34775 4.52
    endloop
  endfacet
  facet normal -1 -0 0
    outer loop
      vertex 5 8.34775 4.52
      vertex 5 6.8 4.5
      vertex 5 6.79775 4.52
    endloop
  endfacet
  facet normal -1 -0 0
    outer loop
      vertex 5 2.99806 3.63223
      vertex 5 1.60156 2.95971
      vertex 5 2.85014 4.05496
    endloop
  endfacet
  facet normal -1 0 0
    outer loop
      vertex 5 1.33901 3.71005
      vertex 5 2.85014 4.05496
      vertex 5 1.60156 2.95971
    endloop
  endfacet
  facet normal -1 -0 0
    outer loop
      vertex 5 2.85014 4.05496
      vertex 5 1.33901 3.71005
      vertex 5 2.8 4.5
    endloop
  endfacet
  facet normal -1 0 0
    outer loop
      vertex 5 1.25 4.5
      vertex 5 2.8 4.5
      vertex 5 1.33901 3.71005
    endloop
  endfacet
  facet normal -1 0 -0
    outer loop
      vertex 5 1.25225 4.52
      vertex 5 2.8 4.5
      vertex 5 1.25 4.5
    endloop
  endfacet
  facet normal -1 0 0
    outer loop
      vertex 5 2.8 4.5
      vertex 5 1.25225 4.52
      vertex 5 2.80225 4.52
    endloop
  endfacet
  facet normal -0 0.330273 0.943885
    outer loop
      vertex 0 4.01005 1.03901
      vertex 5 3.25971 1.30156
      vertex 5 4.01005 1.03901
    endloop
  endfacet
  facet normal 0 0.330273 0.943885
    outer loop
      vertex 5 3.25971 1.30156
      vertex 0 4.01005 1.03901
      vertex 0 3.25971 1.30156
    endloop
  endfacet
  facet normal 0 -0.330273 0.943885
    outer loop
      vertex 0 6.34029 1.30156
      vertex 5 5.58995 1.03901
      vertex 5 6.34029 1.30156
    endloop
  endfacet
  facet normal 0 -0.330273 0.943885
    outer loop
      vertex 5 5.58995 1.03901
      vertex 0 6.34029 1.30156
      vertex 0 5.58995 1.03901
    endloop
  endfacet
  facet normal -0 0.532035 0.846722
    outer loop
      vertex 0 3.25971 1.30156
      vertex 5 2.58661 1.7245
      vertex 5 3.25971 1.30156
    endloop
  endfacet
  facet normal 0 0.532035 0.846722
    outer loop
      vertex 5 2.58661 1.7245
      vertex 0 3.25971 1.30156
      vertex 0 2.58661 1.7245
    endloop
  endfacet
  facet normal 0 -0.993731 -0.111795
    outer loop
      vertex 0 8.35 4.5
      vertex 5 8.34775 4.52
      vertex 0 8.34775 4.52
    endloop
  endfacet
  facet normal 0 -0.993731 -0.111795
    outer loop
      vertex 5 8.34775 4.52
      vertex 0 8.35 4.5
      vertex 5 8.35 4.5
    endloop
  endfacet
  facet normal 0 -0.943885 0.330273
    outer loop
      vertex 0 7.99844 2.95971
      vertex 5 8.26099 3.71005
      vertex 0 8.26099 3.71005
    endloop
  endfacet
  facet normal 0 -0.943885 0.330273
    outer loop
      vertex 5 8.26099 3.71005
      vertex 0 7.99844 2.95971
      vertex 5 7.99844 2.95971
    endloop
  endfacet
  facet normal 0 0.707107 0.707107
    outer loop
      vertex 5 2.58661 1.7245
      vertex 0 2.0245 2.28661
      vertex 5 2.0245 2.28661
    endloop
  endfacet
  facet normal 0 0.707107 0.707107
    outer loop
      vertex 0 2.0245 2.28661
      vertex 5 2.58661 1.7245
      vertex 0 2.58661 1.7245
    endloop
  endfacet
  facet normal 0 0.993731 -0.111795
    outer loop
      vertex 5 1.25 4.5
      vertex 0 1.25225 4.52
      vertex 5 1.25225 4.52
    endloop
  endfacet
  facet normal 0 0.993731 -0.111795
    outer loop
      vertex 0 1.25225 4.52
      vertex 5 1.25 4.5
      vertex 0 1.25 4.5
    endloop
  endfacet
  facet normal -1 0 0
    outer loop
      vertex 0 11 4.52
      vertex 0 8.26099 3.71005
      vertex 0 8.35 4.5
    endloop
  endfacet
  facet normal -1 0 0
    outer loop
      vertex 0 11 1.8
      vertex 0 7.99844 2.95971
      vertex 0 8.26099 3.71005
    endloop
  endfacet
  facet normal -1 0 0
    outer loop
      vertex 0 9.2 0
      vertex 0 7.5755 2.28661
      vertex 0 7.99844 2.95971
    endloop
  endfacet
  facet normal -1 0 0
    outer loop
      vertex 0 9.2 0
      vertex 0 7.01339 1.7245
      vertex 0 7.5755 2.28661
    endloop
  endfacet
  facet normal -1 0 0
    outer loop
      vertex 0 9.2 0
      vertex 0 6.34029 1.30156
      vertex 0 7.01339 1.7245
    endloop
  endfacet
  facet normal -1 0 0
    outer loop
      vertex 0 9.2 0
      vertex 0 5.58995 1.03901
      vertex 0 6.34029 1.30156
    endloop
  endfacet
  facet normal -1 0 0
    outer loop
      vertex 0 9.2 0
      vertex 0 4.8 0.950001
      vertex 0 5.58995 1.03901
    endloop
  endfacet
  facet normal -1 0 0
    outer loop
      vertex 0 9.2 0
      vertex 0 4.01005 1.03901
      vertex 0 4.8 0.950001
    endloop
  endfacet
  facet normal -1 0 0
    outer loop
      vertex 0 1.33901 3.71005
      vertex 0 -1.25 4.5
      vertex 0 1.25 4.5
    endloop
  endfacet
  facet normal -1 0 0
    outer loop
      vertex 0 -1.33901 3.71005
      vertex 0 1.33901 3.71005
      vertex 0 1.60156 2.95971
    endloop
  endfacet
  facet normal -1 0 0
    outer loop
      vertex 0 -1.60156 2.95971
      vertex 0 1.60156 2.95971
      vertex 0 2.0245 2.28661
    endloop
  endfacet
  facet normal -1 0 0
    outer loop
      vertex 0 -2.0245 2.28661
      vertex 0 2.0245 2.28661
      vertex 0 2.58661 1.7245
    endloop
  endfacet
  facet normal -1 0 0
    outer loop
      vertex 0 1.33901 3.71005
      vertex 0 -1.33901 3.71005
      vertex 0 -1.25 4.5
    endloop
  endfacet
  facet normal -1 0 0
    outer loop
      vertex 0 -2.58661 1.7245
      vertex 0 2.58661 1.7245
      vertex 0 3.25971 1.30156
    endloop
  endfacet
  facet normal -1 0 0
    outer loop
      vertex 0 1.60156 2.95971
      vertex 0 -1.60156 2.95971
      vertex 0 -1.33901 3.71005
    endloop
  endfacet
  facet normal -1 0 0
    outer loop
      vertex 0 -3.25971 1.30156
      vertex 0 3.25971 1.30156
      vertex 0 4.01005 1.03901
    endloop
  endfacet
  facet normal -1 0 0
    outer loop
      vertex 0 2.0245 2.28661
      vertex 0 -2.0245 2.28661
      vertex 0 -1.60156 2.95971
    endloop
  endfacet
  facet normal -1 0 0
    outer loop
      vertex 0 2.58661 1.7245
      vertex 0 -2.58661 1.7245
      vertex 0 -2.0245 2.28661
    endloop
  endfacet
  facet normal -1 0 0
    outer loop
      vertex 0 -4.01005 1.03901
      vertex 0 4.01005 1.03901
      vertex 0 9.2 0
    endloop
  endfacet
  facet normal -1 0 0
    outer loop
      vertex 0 3.25971 1.30156
      vertex 0 -3.25971 1.30156
      vertex 0 -2.58661 1.7245
    endloop
  endfacet
  facet normal -1 0 0
    outer loop
      vertex 0 4.01005 1.03901
      vertex 0 -4.01005 1.03901
      vertex 0 -3.25971 1.30156
    endloop
  endfacet
  facet normal -1 0 0
    outer loop
      vertex 0 -9.2 0
      vertex 0 -4.01005 1.03901
      vertex 0 9.2 0
    endloop
  endfacet
  facet normal -1 -0 0
    outer loop
      vertex 0 -7.99844 2.95971
      vertex 0 -11 1.8
      vertex 0 -8.26099 3.71005
    endloop
  endfacet
  facet normal -1 0 0
    outer loop
      vertex 0 -11 1.8
      vertex 0 -7.99844 2.95971
      vertex 0 -9.2 0
    endloop
  endfacet
  facet normal -1 -0 0
    outer loop
      vertex 0 -7.5755 2.28661
      vertex 0 -9.2 0
      vertex 0 -7.99844 2.95971
    endloop
  endfacet
  facet normal -1 -0 0
    outer loop
      vertex 0 -7.01339 1.7245
      vertex 0 -9.2 0
      vertex 0 -7.5755 2.28661
    endloop
  endfacet
  facet normal -1 -0 0
    outer loop
      vertex 0 -6.34029 1.30156
      vertex 0 -9.2 0
      vertex 0 -7.01339 1.7245
    endloop
  endfacet
  facet normal -1 -0 0
    outer loop
      vertex 0 -5.58995 1.03901
      vertex 0 -9.2 0
      vertex 0 -6.34029 1.30156
    endloop
  endfacet
  facet normal -1 -0 0
    outer loop
      vertex 0 -4.8 0.950001
      vertex 0 -9.2 0
      vertex 0 -5.58995 1.03901
    endloop
  endfacet
  facet normal -1 0 0
    outer loop
      vertex 0 -4.01005 1.03901
      vertex 0 -9.2 0
      vertex 0 -4.8 0.950001
    endloop
  endfacet
  facet normal -1 0 0
    outer loop
      vertex 0 10.8217 1.01901
      vertex 0 7.99844 2.95971
      vertex 0 10.9549 1.39946
    endloop
  endfacet
  facet normal -1 0 0
    outer loop
      vertex 0 10.6073 0.677719
      vertex 0 7.99844 2.95971
      vertex 0 10.8217 1.01901
    endloop
  endfacet
  facet normal -1 0 0
    outer loop
      vertex 0 10.3223 0.392704
      vertex 0 7.99844 2.95971
      vertex 0 10.6073 0.677719
    endloop
  endfacet
  facet normal -1 0 0
    outer loop
      vertex 0 9.98099 0.178257
      vertex 0 7.99844 2.95971
      vertex 0 10.3223 0.392704
    endloop
  endfacet
  facet normal -1 0 0
    outer loop
      vertex 0 7.99844 2.95971
      vertex 0 9.98099 0.178257
      vertex 0 9.2 0
    endloop
  endfacet
  facet normal -1 0 0
    outer loop
      vertex 0 9.2 0
      vertex 0 9.98099 0.178257
      vertex 0 9.60054 0.0451298
    endloop
  endfacet
  facet normal -1 0 0
    outer loop
      vertex 0 10.9549 1.39946
      vertex 0 7.99844 2.95971
      vertex 0 11 1.8
    endloop
  endfacet
  facet normal -1 0 0
    outer loop
      vertex 0 8.26099 3.71005
      vertex 0 11 4.52
      vertex 0 11 1.8
    endloop
  endfacet
  facet normal -1 -0 0
    outer loop
      vertex 0 11 4.52
      vertex 0 8.35 4.5
      vertex 0 8.34775 4.52
    endloop
  endfacet
  facet normal -1 0 0
    outer loop
      vertex 0 -1.25 4.5
      vertex 0 1.25225 4.52
      vertex 0 1.25 4.5
    endloop
  endfacet
  facet normal -1 -0 0
    outer loop
      vertex 0 1.25225 4.52
      vertex 0 -1.25 4.5
      vertex 0 -1.25225 4.52
    endloop
  endfacet
  facet normal -1 0 0
    outer loop
      vertex 0 -11 4.52
      vertex 0 -8.26099 3.71005
      vertex 0 -11 1.8
    endloop
  endfacet
  facet normal -1 0 0
    outer loop
      vertex 0 -11 1.8
      vertex 0 -9.2 0
      vertex 0 -9.60054 0.0451298
    endloop
  endfacet
  facet normal -1 0 0
    outer loop
      vertex 0 -11 1.8
      vertex 0 -9.60054 0.0451298
      vertex 0 -9.98099 0.178257
    endloop
  endfacet
  facet normal -1 0 0
    outer loop
      vertex 0 -11 1.8
      vertex 0 -9.98099 0.178257
      vertex 0 -10.3223 0.392704
    endloop
  endfacet
  facet normal -1 0 0
    outer loop
      vertex 0 -11 1.8
      vertex 0 -10.3223 0.392704
      vertex 0 -10.6073 0.677719
    endloop
  endfacet
  facet normal -1 0 0
    outer loop
      vertex 0 -11 1.8
      vertex 0 -10.6073 0.677719
      vertex 0 -10.8217 1.01901
    endloop
  endfacet
  facet normal -1 0 0
    outer loop
      vertex 0 -11 1.8
      vertex 0 -10.8217 1.01901
      vertex 0 -10.9549 1.39946
    endloop
  endfacet
  facet normal -1 0 0
    outer loop
      vertex 0 -8.26099 3.71005
      vertex 0 -11 4.52
      vertex 0 -8.35 4.5
    endloop
  endfacet
  facet normal -1 0 0
    outer loop
      vertex 0 -8.35 4.5
      vertex 0 -11 4.52
      vertex 0 -8.34775 4.52
    endloop
  endfacet
  facet normal 0 -0.532035 0.846722
    outer loop
      vertex 0 -2.58661 1.7245
      vertex 5 -3.25971 1.30156
      vertex 5 -2.58661 1.7245
    endloop
  endfacet
  facet normal 0 -0.532035 0.846722
    outer loop
      vertex 5 -3.25971 1.30156
      vertex 0 -2.58661 1.7245
      vertex 0 -3.25971 1.30156
    endloop
  endfacet
  facet normal -0 0.330273 0.943885
    outer loop
      vertex 0 -5.58995 1.03901
      vertex 5 -6.34029 1.30156
      vertex 5 -5.58995 1.03901
    endloop
  endfacet
  facet normal 0 0.330273 0.943885
    outer loop
      vertex 5 -6.34029 1.30156
      vertex 0 -5.58995 1.03901
      vertex 0 -6.34029 1.30156
    endloop
  endfacet
  facet normal -0 0.532035 0.846722
    outer loop
      vertex 0 -6.34029 1.30156
      vertex 5 -7.01339 1.7245
      vertex 5 -6.34029 1.30156
    endloop
  endfacet
  facet normal 0 0.532035 0.846722
    outer loop
      vertex 5 -7.01339 1.7245
      vertex 0 -6.34029 1.30156
      vertex 0 -7.01339 1.7245
    endloop
  endfacet
  facet normal 0 -0.707107 0.707107
    outer loop
      vertex 0 -2.58661 1.7245
      vertex 5 -2.0245 2.28661
      vertex 0 -2.0245 2.28661
    endloop
  endfacet
  facet normal 0 -0.707107 0.707107
    outer loop
      vertex 5 -2.0245 2.28661
      vertex 0 -2.58661 1.7245
      vertex 5 -2.58661 1.7245
    endloop
  endfacet
  facet normal 0 -0.993731 -0.111795
    outer loop
      vertex 0 -1.25 4.5
      vertex 5 -1.25225 4.52
      vertex 0 -1.25225 4.52
    endloop
  endfacet
  facet normal 0 -0.993731 -0.111795
    outer loop
      vertex 5 -1.25225 4.52
      vertex 0 -1.25 4.5
      vertex 5 -1.25 4.5
    endloop
  endfacet
  facet normal -1 0 0
    outer loop
      vertex 5 -1.33901 3.71005
      vertex 5 -2.85014 4.05496
      vertex 5 -2.8 4.5
    endloop
  endfacet
  facet normal -1 0 0
    outer loop
      vertex 5 -2.0245 2.28661
      vertex 5 -2.99806 3.63223
      vertex 5 -2.85014 4.05496
    endloop
  endfacet
  facet normal -1 0 0
    outer loop
      vertex 5 -2.0245 2.28661
      vertex 5 -3.23634 3.25302
      vertex 5 -2.99806 3.63223
    endloop
  endfacet
  facet normal -1 0 0
    outer loop
      vertex 5 -3.55302 2.93634
      vertex 5 -2.58661 1.7245
      vertex 5 -3.25971 1.30156
    endloop
  endfacet
  facet normal -1 0 0
    outer loop
      vertex 5 -2.58661 1.7245
      vertex 5 -3.55302 2.93634
      vertex 5 -3.23634 3.25302
    endloop
  endfacet
  facet normal -1 0 0
    outer loop
      vertex 5 -3.25971 1.30156
      vertex 5 -3.93223 2.69806
      vertex 5 -3.55302 2.93634
    endloop
  endfacet
  facet normal -1 0 0
    outer loop
      vertex 5 -4.01005 1.03901
      vertex 5 -3.93223 2.69806
      vertex 5 -3.25971 1.30156
    endloop
  endfacet
  facet normal -1 0 0
    outer loop
      vertex 5 -4.01005 1.03901
      vertex 5 -4.35496 2.55014
      vertex 5 -3.93223 2.69806
    endloop
  endfacet
  facet normal -1 0 0
    outer loop
      vertex 5 -4.8 0.950001
      vertex 5 -4.35496 2.55014
      vertex 5 -4.01005 1.03901
    endloop
  endfacet
  facet normal -1 0 0
    outer loop
      vertex 5 -4.8 0.950001
      vertex 5 -4.8 2.5
      vertex 5 -4.35496 2.55014
    endloop
  endfacet
  facet normal -1 0 0
    outer loop
      vertex 5 -4.8 0.950001
      vertex 5 -5.24504 2.55014
      vertex 5 -4.8 2.5
    endloop
  endfacet
  facet normal -1 0 0
    outer loop
      vertex 5 -5.58995 1.03901
      vertex 5 -5.24504 2.55014
      vertex 5 -4.8 0.950001
    endloop
  endfacet
  facet normal -1 0 0
    outer loop
      vertex 5 -5.58995 1.03901
      vertex 5 -5.66777 2.69806
      vertex 5 -5.24504 2.55014
    endloop
  endfacet
  facet normal -1 0 0
    outer loop
      vertex 5 -6.34029 1.30156
      vertex 5 -5.66777 2.69806
      vertex 5 -5.58995 1.03901
    endloop
  endfacet
  facet normal -1 -0 0
    outer loop
      vertex 5 -5.66777 2.69806
      vertex 5 -6.34029 1.30156
      vertex 5 -6.04698 2.93634
    endloop
  endfacet
  facet normal -1 0 0
    outer loop
      vertex 5 -7.01339 1.7245
      vertex 5 -6.04698 2.93634
      vertex 5 -6.34029 1.30156
    endloop
  endfacet
  facet normal -1 -0 0
    outer loop
      vertex 5 -6.04698 2.93634
      vertex 5 -7.01339 1.7245
      vertex 5 -6.36366 3.25302
    endloop
  endfacet
  facet normal -1 0 0
    outer loop
      vertex 5 -7.5755 2.28661
      vertex 5 -6.36366 3.25302
      vertex 5 -7.01339 1.7245
    endloop
  endfacet
  facet normal -1 0 0
    outer loop
      vertex 5 -7.99844 2.95971
      vertex 5 -6.60194 3.63223
      vertex 5 -7.5755 2.28661
    endloop
  endfacet
  facet normal -1 -0 0
    outer loop
      vertex 5 -6.36366 3.25302
      vertex 5 -7.5755 2.28661
      vertex 5 -6.60194 3.63223
    endloop
  endfacet
  facet normal -1 0 0
    outer loop
      vertex 5 -2.8 4.5
      vertex 5 -1.25 4.5
      vertex 5 -1.33901 3.71005
    endloop
  endfacet
  facet normal -1 0 0
    outer loop
      vertex 5 -2.85014 4.05496
      vertex 5 -1.33901 3.71005
      vertex 5 -1.60156 2.95971
    endloop
  endfacet
  facet normal -1 0 0
    outer loop
      vertex 5 -2.85014 4.05496
      vertex 5 -1.60156 2.95971
      vertex 5 -2.0245 2.28661
    endloop
  endfacet
  facet normal -1 0 0
    outer loop
      vertex 5 -3.23634 3.25302
      vertex 5 -2.0245 2.28661
      vertex 5 -2.58661 1.7245
    endloop
  endfacet
  facet normal -1 0 0
    outer loop
      vertex 5 -1.25 4.5
      vertex 5 -2.8 4.5
      vertex 5 -1.25225 4.52
    endloop
  endfacet
  facet normal -1 -0 0
    outer loop
      vertex 5 -1.25225 4.52
      vertex 5 -2.8 4.5
      vertex 5 -2.80225 4.52
    endloop
  endfacet
  facet normal -1 -0 0
    outer loop
      vertex 5 -6.60194 3.63223
      vertex 5 -7.99844 2.95971
      vertex 5 -6.74986 4.05496
    endloop
  endfacet
  facet normal -1 0 0
    outer loop
      vertex 5 -8.26099 3.71005
      vertex 5 -6.74986 4.05496
      vertex 5 -7.99844 2.95971
    endloop
  endfacet
  facet normal -1 -0 0
    outer loop
      vertex 5 -6.74986 4.05496
      vertex 5 -8.26099 3.71005
      vertex 5 -6.8 4.5
    endloop
  endfacet
  facet normal -1 0 0
    outer loop
      vertex 5 -8.35 4.5
      vertex 5 -6.8 4.5
      vertex 5 -8.26099 3.71005
    endloop
  endfacet
  facet normal -1 0 -0
    outer loop
      vertex 5 -8.34775 4.52
      vertex 5 -6.8 4.5
      vertex 5 -8.35 4.5
    endloop
  endfacet
  facet normal -1 0 0
    outer loop
      vertex 5 -6.8 4.5
      vertex 5 -8.34775 4.52
      vertex 5 -6.79775 4.52
    endloop
  endfacet
  facet normal 0 -0.111968 0.993712
    outer loop
      vertex 0 -4.01005 1.03901
      vertex 5 -4.8 0.950001
      vertex 5 -4.01005 1.03901
    endloop
  endfacet
  facet normal 0 -0.111968 0.993712
    outer loop
      vertex 5 -4.8 0.950001
      vertex 0 -4.01005 1.03901
      vertex 0 -4.8 0.950001
    endloop
  endfacet
  facet normal 0 0.707107 0.707107
    outer loop
      vertex 5 -7.01339 1.7245
      vertex 0 -7.5755 2.28661
      vertex 5 -7.5755 2.28661
    endloop
  endfacet
  facet normal 0 0.707107 0.707107
    outer loop
      vertex 0 -7.5755 2.28661
      vertex 5 -7.01339 1.7245
      vertex 0 -7.01339 1.7245
    endloop
  endfacet
  facet normal -0 0.111968 0.993712
    outer loop
      vertex 0 -4.8 0.950001
      vertex 5 -5.58995 1.03901
      vertex 5 -4.8 0.950001
    endloop
  endfacet
  facet normal 0 0.111968 0.993712
    outer loop
      vertex 5 -5.58995 1.03901
      vertex 0 -4.8 0.950001
      vertex 0 -5.58995 1.03901
    endloop
  endfacet
  facet normal 0 -0.943885 0.330273
    outer loop
      vertex 0 -1.60156 2.95971
      vertex 5 -1.33901 3.71005
      vertex 0 -1.33901 3.71005
    endloop
  endfacet
  facet normal 0 -0.943885 0.330273
    outer loop
      vertex 5 -1.33901 3.71005
      vertex 0 -1.60156 2.95971
      vertex 5 -1.60156 2.95971
    endloop
  endfacet
  facet normal 0 0.943885 0.330273
    outer loop
      vertex 5 -7.99844 2.95971
      vertex 0 -8.26099 3.71005
      vertex 5 -8.26099 3.71005
    endloop
  endfacet
  facet normal 0 0.943885 0.330273
    outer loop
      vertex 0 -8.26099 3.71005
      vertex 5 -7.99844 2.95971
      vertex 0 -7.99844 2.95971
    endloop
  endfacet
  facet normal 0 0.993731 -0.111795
    outer loop
      vertex 5 -8.35 4.5
      vertex 0 -8.34775 4.52
      vertex 5 -8.34775 4.52
    endloop
  endfacet
  facet normal 0 0.993731 -0.111795
    outer loop
      vertex 0 -8.34775 4.52
      vertex 5 -8.35 4.5
      vertex 0 -8.35 4.5
    endloop
  endfacet
  facet normal 0 -0.330273 0.943885
    outer loop
      vertex 0 -3.25971 1.30156
      vertex 5 -4.01005 1.03901
      vertex 5 -3.25971 1.30156
    endloop
  endfacet
  facet normal 0 -0.330273 0.943885
    outer loop
      vertex 5 -4.01005 1.03901
      vertex 0 -3.25971 1.30156
      vertex 0 -4.01005 1.03901
    endloop
  endfacet
  facet normal 0 -0.846722 0.532035
    outer loop
      vertex 0 -2.0245 2.28661
      vertex 5 -1.60156 2.95971
      vertex 0 -1.60156 2.95971
    endloop
  endfacet
  facet normal 0 -0.846722 0.532035
    outer loop
      vertex 5 -1.60156 2.95971
      vertex 0 -2.0245 2.28661
      vertex 5 -2.0245 2.28661
    endloop
  endfacet
  facet normal 0 0.846722 0.532035
    outer loop
      vertex 5 -7.5755 2.28661
      vertex 0 -7.99844 2.95971
      vertex 5 -7.99844 2.95971
    endloop
  endfacet
  facet normal 0 0.846722 0.532035
    outer loop
      vertex 0 -7.99844 2.95971
      vertex 5 -7.5755 2.28661
      vertex 0 -7.5755 2.28661
    endloop
  endfacet
  facet normal 0 0.993712 0.111969
    outer loop
      vertex 5 -8.26099 3.71005
      vertex 0 -8.35 4.5
      vertex 5 -8.35 4.5
    endloop
  endfacet
  facet normal 0 0.993712 0.111969
    outer loop
      vertex 0 -8.35 4.5
      vertex 5 -8.26099 3.71005
      vertex 0 -8.26099 3.71005
    endloop
  endfacet
  facet normal 0 -0.993712 0.111969
    outer loop
      vertex 0 -1.33901 3.71005
      vertex 5 -1.25 4.5
      vertex 0 -1.25 4.5
    endloop
  endfacet
  facet normal 0 -0.993712 0.111969
    outer loop
      vertex 5 -1.25 4.5
      vertex 0 -1.33901 3.71005
      vertex 5 -1.33901 3.71005
    endloop
  endfacet
  facet normal 0 -0.532035 0.846722
    outer loop
      vertex 95 -2.58661 1.7245
      vertex 100 -3.25971 1.30156
      vertex 100 -2.58661 1.7245
    endloop
  endfacet
  facet normal 0 -0.532035 0.846722
    outer loop
      vertex 100 -3.25971 1.30156
      vertex 95 -2.58661 1.7245
      vertex 95 -3.25971 1.30156
    endloop
  endfacet
  facet normal -0 0.330273 0.943885
    outer loop
      vertex 95 -5.58995 1.03901
      vertex 100 -6.34029 1.30156
      vertex 100 -5.58995 1.03901
    endloop
  endfacet
  facet normal 0 0.330273 0.943885
    outer loop
      vertex 100 -6.34029 1.30156
      vertex 95 -5.58995 1.03901
      vertex 95 -6.34029 1.30156
    endloop
  endfacet
  facet normal -0 0.532035 0.846722
    outer loop
      vertex 95 -6.34029 1.30156
      vertex 100 -7.01339 1.7245
      vertex 100 -6.34029 1.30156
    endloop
  endfacet
  facet normal 0 0.532035 0.846722
    outer loop
      vertex 100 -7.01339 1.7245
      vertex 95 -6.34029 1.30156
      vertex 95 -7.01339 1.7245
    endloop
  endfacet
  facet normal 0 -0.707107 0.707107
    outer loop
      vertex 95 -2.58661 1.7245
      vertex 100 -2.0245 2.28661
      vertex 95 -2.0245 2.28661
    endloop
  endfacet
  facet normal 0 -0.707107 0.707107
    outer loop
      vertex 100 -2.0245 2.28661
      vertex 95 -2.58661 1.7245
      vertex 100 -2.58661 1.7245
    endloop
  endfacet
  facet normal 0 -0.993731 -0.111795
    outer loop
      vertex 95 -1.25 4.5
      vertex 100 -1.25225 4.52
      vertex 95 -1.25225 4.52
    endloop
  endfacet
  facet normal 0 -0.993731 -0.111795
    outer loop
      vertex 100 -1.25225 4.52
      vertex 95 -1.25 4.5
      vertex 100 -1.25 4.5
    endloop
  endfacet
  facet normal 1 -0 0
    outer loop
      vertex 100 -11 4.52
      vertex 100 -8.35 4.5
      vertex 100 -8.34775 4.52
    endloop
  endfacet
  facet normal 1 0 0
    outer loop
      vertex 100 -8.35 4.5
      vertex 100 -11 1.8
      vertex 100 -9.2 0
    endloop
  endfacet
  facet normal 1 0 0
    outer loop
      vertex 100 -9.2 0
      vertex 100 -11 1.8
      vertex 100 -9.60054 0.0451298
    endloop
  endfacet
  facet normal 1 0 0
    outer loop
      vertex 100 -9.60054 0.0451298
      vertex 100 -11 1.8
      vertex 100 -9.98099 0.178257
    endloop
  endfacet
  facet normal 1 0 0
    outer loop
      vertex 100 -9.98099 0.178257
      vertex 100 -11 1.8
      vertex 100 -10.3223 0.392704
    endloop
  endfacet
  facet normal 1 0 0
    outer loop
      vertex 100 -10.3223 0.392704
      vertex 100 -11 1.8
      vertex 100 -10.6073 0.677719
    endloop
  endfacet
  facet normal 1 0 0
    outer loop
      vertex 100 -10.6073 0.677719
      vertex 100 -11 1.8
      vertex 100 -10.8217 1.01901
    endloop
  endfacet
  facet normal 1 0 0
    outer loop
      vertex 100 -8.35 4.5
      vertex 100 -11 4.52
      vertex 100 -11 1.8
    endloop
  endfacet
  facet normal 1 0 0
    outer loop
      vertex 100 -10.8217 1.01901
      vertex 100 -11 1.8
      vertex 100 -10.9549 1.39946
    endloop
  endfacet
  facet normal 1 0 0
    outer loop
      vertex 100 9.2 0
      vertex 100 11 1.8
      vertex 100 11 4.52
    endloop
  endfacet
  facet normal 1 0 0
    outer loop
      vertex 100 11 1.8
      vertex 100 9.2 0
      vertex 100 10.9549 1.39946
    endloop
  endfacet
  facet normal 1 0 0
    outer loop
      vertex 100 10.9549 1.39946
      vertex 100 9.2 0
      vertex 100 10.8217 1.01901
    endloop
  endfacet
  facet normal 1 0 0
    outer loop
      vertex 100 10.8217 1.01901
      vertex 100 9.2 0
      vertex 100 10.6073 0.677719
    endloop
  endfacet
  facet normal 1 0 0
    outer loop
      vertex 100 10.6073 0.677719
      vertex 100 9.2 0
      vertex 100 10.3223 0.392704
    endloop
  endfacet
  facet normal 1 0 0
    outer loop
      vertex 100 10.3223 0.392704
      vertex 100 9.2 0
      vertex 100 9.98099 0.178257
    endloop
  endfacet
  facet normal 1 0 0
    outer loop
      vertex 100 9.98099 0.178257
      vertex 100 9.2 0
      vertex 100 9.60054 0.0451298
    endloop
  endfacet
  facet normal 1 0 0
    outer loop
      vertex 100 11 4.52
      vertex 100 -1.25 4.5
      vertex 100 9.2 0
    endloop
  endfacet
  facet normal 1 0 -0
    outer loop
      vertex 100 -1.25 4.5
      vertex 100 11 4.52
      vertex 100 -1.25225 4.52
    endloop
  endfacet
  facet normal 1 -0 0
    outer loop
      vertex 100 -1.33901 3.71005
      vertex 100 9.2 0
      vertex 100 -1.25 4.5
    endloop
  endfacet
  facet normal 1 -0 0
    outer loop
      vertex 100 -1.60156 2.95971
      vertex 100 9.2 0
      vertex 100 -1.33901 3.71005
    endloop
  endfacet
  facet normal 1 -0 0
    outer loop
      vertex 100 -2.0245 2.28661
      vertex 100 9.2 0
      vertex 100 -1.60156 2.95971
    endloop
  endfacet
  facet normal 1 -0 0
    outer loop
      vertex 100 -2.58661 1.7245
      vertex 100 9.2 0
      vertex 100 -2.0245 2.28661
    endloop
  endfacet
  facet normal 1 -0 0
    outer loop
      vertex 100 -3.25971 1.30156
      vertex 100 9.2 0
      vertex 100 -2.58661 1.7245
    endloop
  endfacet
  facet normal 1 -0 0
    outer loop
      vertex 100 -4.01005 1.03901
      vertex 100 9.2 0
      vertex 100 -3.25971 1.30156
    endloop
  endfacet
  facet normal 1 0 0
    outer loop
      vertex 100 -9.2 0
      vertex 100 -4.01005 1.03901
      vertex 100 -4.8 0.950001
    endloop
  endfacet
  facet normal 1 0 0
    outer loop
      vertex 100 -4.01005 1.03901
      vertex 100 -9.2 0
      vertex 100 9.2 0
    endloop
  endfacet
  facet normal 1 0 0
    outer loop
      vertex 100 -5.58995 1.03901
      vertex 100 -9.2 0
      vertex 100 -4.8 0.950001
    endloop
  endfacet
  facet normal 1 0 0
    outer loop
      vertex 100 -6.34029 1.30156
      vertex 100 -9.2 0
      vertex 100 -5.58995 1.03901
    endloop
  endfacet
  facet normal 1 0 0
    outer loop
      vertex 100 -7.01339 1.7245
      vertex 100 -9.2 0
      vertex 100 -6.34029 1.30156
    endloop
  endfacet
  facet normal 1 0 0
    outer loop
      vertex 100 -7.5755 2.28661
      vertex 100 -9.2 0
      vertex 100 -7.01339 1.7245
    endloop
  endfacet
  facet normal 1 0 0
    outer loop
      vertex 100 -7.99844 2.95971
      vertex 100 -9.2 0
      vertex 100 -7.5755 2.28661
    endloop
  endfacet
  facet normal 1 0 0
    outer loop
      vertex 100 -8.26099 3.71005
      vertex 100 -9.2 0
      vertex 100 -7.99844 2.95971
    endloop
  endfacet
  facet normal 1 0 0
    outer loop
      vertex 100 -9.2 0
      vertex 100 -8.26099 3.71005
      vertex 100 -8.35 4.5
    endloop
  endfacet
  facet normal 0 -0.111968 0.993712
    outer loop
      vertex 95 -4.01005 1.03901
      vertex 100 -4.8 0.950001
      vertex 100 -4.01005 1.03901
    endloop
  endfacet
  facet normal 0 -0.111968 0.993712
    outer loop
      vertex 100 -4.8 0.950001
      vertex 95 -4.01005 1.03901
      vertex 95 -4.8 0.950001
    endloop
  endfacet
  facet normal 0 0.707107 0.707107
    outer loop
      vertex 100 -7.01339 1.7245
      vertex 95 -7.5755 2.28661
      vertex 100 -7.5755 2.28661
    endloop
  endfacet
  facet normal 0 0.707107 0.707107
    outer loop
      vertex 95 -7.5755 2.28661
      vertex 100 -7.01339 1.7245
      vertex 95 -7.01339 1.7245
    endloop
  endfacet
  facet normal -0 0.111968 0.993712
    outer loop
      vertex 95 -4.8 0.950001
      vertex 100 -5.58995 1.03901
      vertex 100 -4.8 0.950001
    endloop
  endfacet
  facet normal 0 0.111968 0.993712
    outer loop
      vertex 100 -5.58995 1.03901
      vertex 95 -4.8 0.950001
      vertex 95 -5.58995 1.03901
    endloop
  endfacet
  facet normal 0 -0.943885 0.330273
    outer loop
      vertex 95 -1.60156 2.95971
      vertex 100 -1.33901 3.71005
      vertex 95 -1.33901 3.71005
    endloop
  endfacet
  facet normal 0 -0.943885 0.330273
    outer loop
      vertex 100 -1.33901 3.71005
      vertex 95 -1.60156 2.95971
      vertex 100 -1.60156 2.95971
    endloop
  endfacet
  facet normal 0 0.943885 0.330273
    outer loop
      vertex 100 -7.99844 2.95971
      vertex 95 -8.26099 3.71005
      vertex 100 -8.26099 3.71005
    endloop
  endfacet
  facet normal 0 0.943885 0.330273
    outer loop
      vertex 95 -8.26099 3.71005
      vertex 100 -7.99844 2.95971
      vertex 95 -7.99844 2.95971
    endloop
  endfacet
  facet normal 0 0.993731 -0.111795
    outer loop
      vertex 100 -8.35 4.5
      vertex 95 -8.34775 4.52
      vertex 100 -8.34775 4.52
    endloop
  endfacet
  facet normal 0 0.993731 -0.111795
    outer loop
      vertex 95 -8.34775 4.52
      vertex 100 -8.35 4.5
      vertex 95 -8.35 4.5
    endloop
  endfacet
  facet normal 0 -0.330273 0.943885
    outer loop
      vertex 95 -3.25971 1.30156
      vertex 100 -4.01005 1.03901
      vertex 100 -3.25971 1.30156
    endloop
  endfacet
  facet normal 0 -0.330273 0.943885
    outer loop
      vertex 100 -4.01005 1.03901
      vertex 95 -3.25971 1.30156
      vertex 95 -4.01005 1.03901
    endloop
  endfacet
  facet normal 0 -0.846722 0.532035
    outer loop
      vertex 95 -2.0245 2.28661
      vertex 100 -1.60156 2.95971
      vertex 95 -1.60156 2.95971
    endloop
  endfacet
  facet normal 0 -0.846722 0.532035
    outer loop
      vertex 100 -1.60156 2.95971
      vertex 95 -2.0245 2.28661
      vertex 100 -2.0245 2.28661
    endloop
  endfacet
  facet normal 0 0.846722 0.532035
    outer loop
      vertex 100 -7.5755 2.28661
      vertex 95 -7.99844 2.95971
      vertex 100 -7.99844 2.95971
    endloop
  endfacet
  facet normal 0 0.846722 0.532035
    outer loop
      vertex 95 -7.99844 2.95971
      vertex 100 -7.5755 2.28661
      vertex 95 -7.5755 2.28661
    endloop
  endfacet
  facet normal 0 0.993712 0.111969
    outer loop
      vertex 100 -8.26099 3.71005
      vertex 95 -8.35 4.5
      vertex 100 -8.35 4.5
    endloop
  endfacet
  facet normal 0 0.993712 0.111969
    outer loop
      vertex 95 -8.35 4.5
      vertex 100 -8.26099 3.71005
      vertex 95 -8.26099 3.71005
    endloop
  endfacet
  facet normal 0 -0.993712 0.111969
    outer loop
      vertex 95 -1.33901 3.71005
      vertex 100 -1.25 4.5
      vertex 95 -1.25 4.5
    endloop
  endfacet
  facet normal 0 -0.993712 0.111969
    outer loop
      vertex 100 -1.25 4.5
      vertex 95 -1.33901 3.71005
      vertex 100 -1.33901 3.71005
    endloop
  endfacet
  facet normal 1 0 0
    outer loop
      vertex 95 -6.36366 3.25302
      vertex 95 -7.5755 2.28661
      vertex 95 -7.01339 1.7245
    endloop
  endfacet
  facet normal 1 -0 0
    outer loop
      vertex 95 -8.34775 4.52
      vertex 95 -6.8 4.5
      vertex 95 -6.79775 4.52
    endloop
  endfacet
  facet normal 1 0 0
    outer loop
      vertex 95 -6.74986 4.05496
      vertex 95 -7.99844 2.95971
      vertex 95 -7.5755 2.28661
    endloop
  endfacet
  facet normal 1 0 0
    outer loop
      vertex 95 -6.74986 4.05496
      vertex 95 -8.26099 3.71005
      vertex 95 -7.99844 2.95971
    endloop
  endfacet
  facet normal 1 0 0
    outer loop
      vertex 95 -6.8 4.5
      vertex 95 -8.34775 4.52
      vertex 95 -8.35 4.5
    endloop
  endfacet
  facet normal 1 0 0
    outer loop
      vertex 95 -6.8 4.5
      vertex 95 -8.35 4.5
      vertex 95 -8.26099 3.71005
    endloop
  endfacet
  facet normal 1 0 0
    outer loop
      vertex 95 -2.8 4.5
      vertex 95 -1.25 4.5
      vertex 95 -1.25225 4.52
    endloop
  endfacet
  facet normal 1 0 0
    outer loop
      vertex 95 -1.25 4.5
      vertex 95 -2.85014 4.05496
      vertex 95 -1.33901 3.71005
    endloop
  endfacet
  facet normal 1 0 0
    outer loop
      vertex 95 -1.33901 3.71005
      vertex 95 -2.85014 4.05496
      vertex 95 -1.60156 2.95971
    endloop
  endfacet
  facet normal 1 0 0
    outer loop
      vertex 95 -1.60156 2.95971
      vertex 95 -2.99806 3.63223
      vertex 95 -2.0245 2.28661
    endloop
  endfacet
  facet normal 1 0 0
    outer loop
      vertex 95 -1.25 4.5
      vertex 95 -2.8 4.5
      vertex 95 -2.85014 4.05496
    endloop
  endfacet
  facet normal 1 0 -0
    outer loop
      vertex 95 -2.8 4.5
      vertex 95 -1.25225 4.52
      vertex 95 -2.80225 4.52
    endloop
  endfacet
  facet normal 1 0 0
    outer loop
      vertex 95 -1.60156 2.95971
      vertex 95 -2.85014 4.05496
      vertex 95 -2.99806 3.63223
    endloop
  endfacet
  facet normal 1 -0 0
    outer loop
      vertex 95 -3.23634 3.25302
      vertex 95 -2.0245 2.28661
      vertex 95 -2.99806 3.63223
    endloop
  endfacet
  facet normal 1 0 0
    outer loop
      vertex 95 -2.0245 2.28661
      vertex 95 -3.23634 3.25302
      vertex 95 -2.58661 1.7245
    endloop
  endfacet
  facet normal 1 -0 0
    outer loop
      vertex 95 -3.55302 2.93634
      vertex 95 -2.58661 1.7245
      vertex 95 -3.23634 3.25302
    endloop
  endfacet
  facet normal 1 0 0
    outer loop
      vertex 95 -2.58661 1.7245
      vertex 95 -3.55302 2.93634
      vertex 95 -3.25971 1.30156
    endloop
  endfacet
  facet normal 1 -0 0
    outer loop
      vertex 95 -3.93223 2.69806
      vertex 95 -3.25971 1.30156
      vertex 95 -3.55302 2.93634
    endloop
  endfacet
  facet normal 1 0 0
    outer loop
      vertex 95 -3.93223 2.69806
      vertex 95 -4.01005 1.03901
      vertex 95 -3.25971 1.30156
    endloop
  endfacet
  facet normal 1 -0 0
    outer loop
      vertex 95 -4.35496 2.55014
      vertex 95 -4.01005 1.03901
      vertex 95 -3.93223 2.69806
    endloop
  endfacet
  facet normal 1 -0 0
    outer loop
      vertex 95 -4.8 2.5
      vertex 95 -4.01005 1.03901
      vertex 95 -4.35496 2.55014
    endloop
  endfacet
  facet normal 1 0 0
    outer loop
      vertex 95 -4.8 2.5
      vertex 95 -4.8 0.950001
      vertex 95 -4.01005 1.03901
    endloop
  endfacet
  facet normal 1 0 0
    outer loop
      vertex 95 -5.24504 2.55014
      vertex 95 -4.8 0.950001
      vertex 95 -4.8 2.5
    endloop
  endfacet
  facet normal 1 0 0
    outer loop
      vertex 95 -5.24504 2.55014
      vertex 95 -5.58995 1.03901
      vertex 95 -4.8 0.950001
    endloop
  endfacet
  facet normal 1 0 0
    outer loop
      vertex 95 -5.66777 2.69806
      vertex 95 -5.58995 1.03901
      vertex 95 -5.24504 2.55014
    endloop
  endfacet
  facet normal 1 0 0
    outer loop
      vertex 95 -6.34029 1.30156
      vertex 95 -5.66777 2.69806
      vertex 95 -6.04698 2.93634
    endloop
  endfacet
  facet normal 1 0 0
    outer loop
      vertex 95 -5.66777 2.69806
      vertex 95 -6.34029 1.30156
      vertex 95 -5.58995 1.03901
    endloop
  endfacet
  facet normal 1 0 0
    outer loop
      vertex 95 -7.01339 1.7245
      vertex 95 -6.04698 2.93634
      vertex 95 -6.36366 3.25302
    endloop
  endfacet
  facet normal 1 0 0
    outer loop
      vertex 95 -7.5755 2.28661
      vertex 95 -6.36366 3.25302
      vertex 95 -6.60194 3.63223
    endloop
  endfacet
  facet normal 1 0 0
    outer loop
      vertex 95 -7.5755 2.28661
      vertex 95 -6.60194 3.63223
      vertex 95 -6.74986 4.05496
    endloop
  endfacet
  facet normal 1 0 0
    outer loop
      vertex 95 -6.04698 2.93634
      vertex 95 -7.01339 1.7245
      vertex 95 -6.34029 1.30156
    endloop
  endfacet
  facet normal 1 0 0
    outer loop
      vertex 95 -8.26099 3.71005
      vertex 95 -6.74986 4.05496
      vertex 95 -6.8 4.5
    endloop
  endfacet
  facet normal 0 -0.33028 0.943883
    outer loop
      vertex 5 5.66777 2.69806
      vertex 15 5.24504 2.55014
      vertex 15 5.66777 2.69806
    endloop
  endfacet
  facet normal 0 -0.33028 0.943883
    outer loop
      vertex 15 5.24504 2.55014
      vertex 5 5.66777 2.69806
      vertex 5 5.24504 2.55014
    endloop
  endfacet
  facet normal 0 -0.532043 0.846718
    outer loop
      vertex 5 6.04698 2.93634
      vertex 15 5.66777 2.69806
      vertex 15 6.04698 2.93634
    endloop
  endfacet
  facet normal 0 -0.532043 0.846718
    outer loop
      vertex 15 5.66777 2.69806
      vertex 5 6.04698 2.93634
      vertex 5 5.66777 2.69806
    endloop
  endfacet
  facet normal 0 0.943883 0.33028
    outer loop
      vertex 15 2.99806 3.63223
      vertex 5 2.85014 4.05496
      vertex 15 2.85014 4.05496
    endloop
  endfacet
  facet normal 0 0.943883 0.33028
    outer loop
      vertex 5 2.85014 4.05496
      vertex 15 2.99806 3.63223
      vertex 5 2.99806 3.63223
    endloop
  endfacet
  facet normal 0 0.707107 0.707107
    outer loop
      vertex 15 3.55302 2.93634
      vertex 5 3.23634 3.25302
      vertex 15 3.23634 3.25302
    endloop
  endfacet
  facet normal 0 0.707107 0.707107
    outer loop
      vertex 5 3.23634 3.25302
      vertex 15 3.55302 2.93634
      vertex 5 3.55302 2.93634
    endloop
  endfacet
  facet normal 0 -0.943883 0.33028
    outer loop
      vertex 5 6.60194 3.63223
      vertex 15 6.74986 4.05496
      vertex 5 6.74986 4.05496
    endloop
  endfacet
  facet normal 0 -0.943883 0.33028
    outer loop
      vertex 15 6.74986 4.05496
      vertex 5 6.60194 3.63223
      vertex 15 6.60194 3.63223
    endloop
  endfacet
  facet normal -0 0.111956 0.993713
    outer loop
      vertex 5 4.8 2.5
      vertex 15 4.35496 2.55014
      vertex 15 4.8 2.5
    endloop
  endfacet
  facet normal 0 0.111956 0.993713
    outer loop
      vertex 15 4.35496 2.55014
      vertex 5 4.8 2.5
      vertex 5 4.35496 2.55014
    endloop
  endfacet
  facet normal 0 0.846718 0.532043
    outer loop
      vertex 15 3.23634 3.25302
      vertex 5 2.99806 3.63223
      vertex 15 2.99806 3.63223
    endloop
  endfacet
  facet normal 0 0.846718 0.532043
    outer loop
      vertex 5 2.99806 3.63223
      vertex 15 3.23634 3.25302
      vertex 5 3.23634 3.25302
    endloop
  endfacet
  facet normal -0 0.532043 0.846718
    outer loop
      vertex 5 3.93223 2.69806
      vertex 15 3.55302 2.93634
      vertex 15 3.93223 2.69806
    endloop
  endfacet
  facet normal 0 0.532043 0.846718
    outer loop
      vertex 15 3.55302 2.93634
      vertex 5 3.93223 2.69806
      vertex 5 3.55302 2.93634
    endloop
  endfacet
  facet normal 0 -0.111956 0.993713
    outer loop
      vertex 5 5.24504 2.55014
      vertex 15 4.8 2.5
      vertex 15 5.24504 2.55014
    endloop
  endfacet
  facet normal 0 -0.111956 0.993713
    outer loop
      vertex 15 4.8 2.5
      vertex 5 5.24504 2.55014
      vertex 5 4.8 2.5
    endloop
  endfacet
  facet normal -0 0.33028 0.943883
    outer loop
      vertex 5 4.35496 2.55014
      vertex 15 3.93223 2.69806
      vertex 15 4.35496 2.55014
    endloop
  endfacet
  facet normal 0 0.33028 0.943883
    outer loop
      vertex 15 3.93223 2.69806
      vertex 5 4.35496 2.55014
      vertex 5 3.93223 2.69806
    endloop
  endfacet
  facet normal 0 -0.993713 0.111956
    outer loop
      vertex 5 6.74986 4.05496
      vertex 15 6.8 4.5
      vertex 5 6.8 4.5
    endloop
  endfacet
  facet normal 0 -0.993713 0.111956
    outer loop
      vertex 15 6.8 4.5
      vertex 5 6.74986 4.05496
      vertex 15 6.74986 4.05496
    endloop
  endfacet
  facet normal 0 0.993713 0.111956
    outer loop
      vertex 15 2.85014 4.05496
      vertex 5 2.8 4.5
      vertex 15 2.8 4.5
    endloop
  endfacet
  facet normal 0 0.993713 0.111956
    outer loop
      vertex 5 2.8 4.5
      vertex 15 2.85014 4.05496
      vertex 5 2.85014 4.05496
    endloop
  endfacet
  facet normal 0 -0.993731 -0.111795
    outer loop
      vertex 5 6.8 4.5
      vertex 15 6.79775 4.52
      vertex 5 6.79775 4.52
    endloop
  endfacet
  facet normal 0 -0.993731 -0.111795
    outer loop
      vertex 15 6.79775 4.52
      vertex 5 6.8 4.5
      vertex 15 6.8 4.5
    endloop
  endfacet
  facet normal 0 -0.846718 0.532043
    outer loop
      vertex 5 6.36366 3.25302
      vertex 15 6.60194 3.63223
      vertex 5 6.60194 3.63223
    endloop
  endfacet
  facet normal 0 -0.846718 0.532043
    outer loop
      vertex 15 6.60194 3.63223
      vertex 5 6.36366 3.25302
      vertex 15 6.36366 3.25302
    endloop
  endfacet
  facet normal 0 -0.707107 0.707107
    outer loop
      vertex 5 6.04698 2.93634
      vertex 15 6.36366 3.25302
      vertex 5 6.36366 3.25302
    endloop
  endfacet
  facet normal 0 -0.707107 0.707107
    outer loop
      vertex 15 6.36366 3.25302
      vertex 5 6.04698 2.93634
      vertex 15 6.04698 2.93634
    endloop
  endfacet
  facet normal -1 0 0
    outer loop
      vertex 15 6.74986 4.05496
      vertex 15 5.97985 4.08715
      vertex 15 6.04214 4.36004
    endloop
  endfacet
  facet normal -1 0 0
    outer loop
      vertex 15 6.36366 3.25302
      vertex 15 5.85841 3.83496
      vertex 15 5.97985 4.08715
    endloop
  endfacet
  facet normal -1 0 0
    outer loop
      vertex 15 6.36366 3.25302
      vertex 15 5.68388 3.61612
      vertex 15 5.85841 3.83496
    endloop
  endfacet
  facet normal -1 0 0
    outer loop
      vertex 15 5.46504 3.4416
      vertex 15 6.04698 2.93634
      vertex 15 5.66777 2.69806
    endloop
  endfacet
  facet normal -1 0 0
    outer loop
      vertex 15 6.04698 2.93634
      vertex 15 5.46504 3.4416
      vertex 15 5.68388 3.61612
    endloop
  endfacet
  facet normal -1 0 0
    outer loop
      vertex 15 5.21285 3.32015
      vertex 15 5.66777 2.69806
      vertex 15 5.24504 2.55014
    endloop
  endfacet
  facet normal -1 0 0
    outer loop
      vertex 15 5.66777 2.69806
      vertex 15 5.21285 3.32015
      vertex 15 5.46504 3.4416
    endloop
  endfacet
  facet normal -1 0 0
    outer loop
      vertex 15 5.24504 2.55014
      vertex 15 4.93995 3.25786
      vertex 15 5.21285 3.32015
    endloop
  endfacet
  facet normal -1 0 0
    outer loop
      vertex 15 5.24504 2.55014
      vertex 15 4.93586 3.25697
      vertex 15 4.93995 3.25786
    endloop
  endfacet
  facet normal -1 0 0
    outer loop
      vertex 15 4.8 2.5
      vertex 15 4.93586 3.25697
      vertex 15 5.24504 2.55014
    endloop
  endfacet
  facet normal -1 0 0
    outer loop
      vertex 15 4.93586 3.25697
      vertex 15 4.8 2.5
      vertex 15 4.92515 3.25615
    endloop
  endfacet
  facet normal -1 0 0
    outer loop
      vertex 15 4.92515 3.25615
      vertex 15 4.8 2.5
      vertex 15 4.92494 3.25613
    endloop
  endfacet
  facet normal -1 0 0
    outer loop
      vertex 15 4.92494 3.25613
      vertex 15 4.8 2.5
      vertex 15 4.9246 3.25611
    endloop
  endfacet
  facet normal -1 0 0
    outer loop
      vertex 15 4.9246 3.25611
      vertex 15 4.8 2.5
      vertex 15 4.90773 3.25537
    endloop
  endfacet
  facet normal -1 0 0
    outer loop
      vertex 15 4.90773 3.25537
      vertex 15 4.8 2.5
      vertex 15 4.88508 3.25474
    endloop
  endfacet
  facet normal -1 0 0
    outer loop
      vertex 15 4.88508 3.25474
      vertex 15 4.8 2.5
      vertex 15 4.85923 3.25428
    endloop
  endfacet
  facet normal -1 0 0
    outer loop
      vertex 15 4.85923 3.25428
      vertex 15 4.8 2.5
      vertex 15 4.85813 3.25426
    endloop
  endfacet
  facet normal -1 0 0
    outer loop
      vertex 15 4.85813 3.25426
      vertex 15 4.8 2.5
      vertex 15 4.85691 3.25425
    endloop
  endfacet
  facet normal -1 0 0
    outer loop
      vertex 15 4.85691 3.25425
      vertex 15 4.8 2.5
      vertex 15 4.82825 3.25396
    endloop
  endfacet
  facet normal -1 0 0
    outer loop
      vertex 15 4.8 2.5
      vertex 15 4.79834 3.25387
      vertex 15 4.82825 3.25396
    endloop
  endfacet
  facet normal -1 0 0
    outer loop
      vertex 15 4.8 2.5
      vertex 15 4.79693 3.25386
      vertex 15 4.79834 3.25387
    endloop
  endfacet
  facet normal -1 0 0
    outer loop
      vertex 15 4.8 2.5
      vertex 15 4.79552 3.25387
      vertex 15 4.79693 3.25386
    endloop
  endfacet
  facet normal -1 0 0
    outer loop
      vertex 15 4.8 2.5
      vertex 15 4.76576 3.25396
      vertex 15 4.79552 3.25387
    endloop
  endfacet
  facet normal -1 0 0
    outer loop
      vertex 15 4.8 2.5
      vertex 15 4.76447 3.25398
      vertex 15 4.76576 3.25396
    endloop
  endfacet
  facet normal -1 0 0
    outer loop
      vertex 15 4.8 2.5
      vertex 15 4.73633 3.25426
      vertex 15 4.76447 3.25398
    endloop
  endfacet
  facet normal -1 0 0
    outer loop
      vertex 15 4.8 2.5
      vertex 15 4.73527 3.25428
      vertex 15 4.73633 3.25426
    endloop
  endfacet
  facet normal -1 0 0
    outer loop
      vertex 15 4.8 2.5
      vertex 15 4.71012 3.25474
      vertex 15 4.73527 3.25428
    endloop
  endfacet
  facet normal -1 0 0
    outer loop
      vertex 15 4.8 2.5
      vertex 15 4.68906 3.25535
      vertex 15 4.71012 3.25474
    endloop
  endfacet
  facet normal -1 0 0
    outer loop
      vertex 15 4.8 2.5
      vertex 15 4.68845 3.25537
      vertex 15 4.68906 3.25535
    endloop
  endfacet
  facet normal -1 0 0
    outer loop
      vertex 15 4.8 2.5
      vertex 15 4.67271 3.25611
      vertex 15 4.68845 3.25537
    endloop
  endfacet
  facet normal -1 0 0
    outer loop
      vertex 15 4.8 2.5
      vertex 15 4.6724 3.25613
      vertex 15 4.67271 3.25611
    endloop
  endfacet
  facet normal -1 0 0
    outer loop
      vertex 15 4.8 2.5
      vertex 15 4.67221 3.25615
      vertex 15 4.6724 3.25613
    endloop
  endfacet
  facet normal -1 0 0
    outer loop
      vertex 15 4.8 2.5
      vertex 15 4.66277 3.25697
      vertex 15 4.67221 3.25615
    endloop
  endfacet
  facet normal -1 0 0
    outer loop
      vertex 15 4.35496 2.55014
      vertex 15 4.66277 3.25697
      vertex 15 4.8 2.5
    endloop
  endfacet
  facet normal -1 -0 0
    outer loop
      vertex 15 4.66277 3.25697
      vertex 15 4.35496 2.55014
      vertex 15 4.66003 3.25759
    endloop
  endfacet
  facet normal -1 -0 0
    outer loop
      vertex 15 4.66003 3.25759
      vertex 15 4.35496 2.55014
      vertex 15 4.39464 3.31766
    endloop
  endfacet
  facet normal -1 -0 0
    outer loop
      vertex 15 4.39464 3.31766
      vertex 15 4.35496 2.55014
      vertex 15 4.38715 3.32015
    endloop
  endfacet
  facet normal -1 0 0
    outer loop
      vertex 15 3.93223 2.69806
      vertex 15 4.38715 3.32015
      vertex 15 4.35496 2.55014
    endloop
  endfacet
  facet normal -1 -0 0
    outer loop
      vertex 15 4.38715 3.32015
      vertex 15 3.93223 2.69806
      vertex 15 4.13496 3.4416
    endloop
  endfacet
  facet normal -1 0 0
    outer loop
      vertex 15 3.55302 2.93634
      vertex 15 4.13496 3.4416
      vertex 15 3.93223 2.69806
    endloop
  endfacet
  facet normal -1 -0 0
    outer loop
      vertex 15 4.13496 3.4416
      vertex 15 3.55302 2.93634
      vertex 15 3.91612 3.61612
    endloop
  endfacet
  facet normal -1 0 0
    outer loop
      vertex 15 3.23634 3.25302
      vertex 15 3.91612 3.61612
      vertex 15 3.55302 2.93634
    endloop
  endfacet
  facet normal -1 -0 0
    outer loop
      vertex 15 3.91612 3.61612
      vertex 15 3.23634 3.25302
      vertex 15 3.74159 3.83496
    endloop
  endfacet
  facet normal -1 0 0
    outer loop
      vertex 15 2.99806 3.63223
      vertex 15 3.74159 3.83496
      vertex 15 3.23634 3.25302
    endloop
  endfacet
  facet normal -1 -0 0
    outer loop
      vertex 15 3.74159 3.83496
      vertex 15 2.99806 3.63223
      vertex 15 3.62015 4.08715
    endloop
  endfacet
  facet normal -1 0 0
    outer loop
      vertex 15 2.85014 4.05496
      vertex 15 3.62015 4.08715
      vertex 15 2.99806 3.63223
    endloop
  endfacet
  facet normal -1 -0 0
    outer loop
      vertex 15 3.62015 4.08715
      vertex 15 2.85014 4.05496
      vertex 15 3.55786 4.36004
    endloop
  endfacet
  facet normal -1 0 0
    outer loop
      vertex 15 2.8 4.5
      vertex 15 3.55786 4.36004
      vertex 15 2.85014 4.05496
    endloop
  endfacet
  facet normal -1 0 0
    outer loop
      vertex 15 3.55786 4.36004
      vertex 15 2.8 4.5
      vertex 15 3.55786 4.52
    endloop
  endfacet
  facet normal -1 -0 0
    outer loop
      vertex 15 3.55786 4.52
      vertex 15 2.8 4.5
      vertex 15 2.80225 4.52
    endloop
  endfacet
  facet normal -1 0 0
    outer loop
      vertex 15 6.04214 4.36004
      vertex 15 6.8 4.5
      vertex 15 6.74986 4.05496
    endloop
  endfacet
  facet normal -1 0 0
    outer loop
      vertex 15 5.97985 4.08715
      vertex 15 6.74986 4.05496
      vertex 15 6.60194 3.63223
    endloop
  endfacet
  facet normal -1 0 0
    outer loop
      vertex 15 5.97985 4.08715
      vertex 15 6.60194 3.63223
      vertex 15 6.36366 3.25302
    endloop
  endfacet
  facet normal -1 0 0
    outer loop
      vertex 15 5.68388 3.61612
      vertex 15 6.36366 3.25302
      vertex 15 6.04698 2.93634
    endloop
  endfacet
  facet normal -1 0 0
    outer loop
      vertex 15 6.04214 4.52
      vertex 15 6.8 4.5
      vertex 15 6.04214 4.36004
    endloop
  endfacet
  facet normal -1 0 0
    outer loop
      vertex 15 6.8 4.5
      vertex 15 6.04214 4.52
      vertex 15 6.79775 4.52
    endloop
  endfacet
  facet normal 0 0.993731 -0.111795
    outer loop
      vertex 15 2.8 4.5
      vertex 5 2.80225 4.52
      vertex 15 2.80225 4.52
    endloop
  endfacet
  facet normal 0 0.993731 -0.111795
    outer loop
      vertex 5 2.80225 4.52
      vertex 15 2.8 4.5
      vertex 5 2.8 4.5
    endloop
  endfacet
  facet normal 0 -0.33028 0.943883
    outer loop
      vertex 5 -3.93223 2.69806
      vertex 15 -4.35496 2.55014
      vertex 15 -3.93223 2.69806
    endloop
  endfacet
  facet normal 0 -0.33028 0.943883
    outer loop
      vertex 15 -4.35496 2.55014
      vertex 5 -3.93223 2.69806
      vertex 5 -4.35496 2.55014
    endloop
  endfacet
  facet normal 0 -0.532043 0.846718
    outer loop
      vertex 5 -3.55302 2.93634
      vertex 15 -3.93223 2.69806
      vertex 15 -3.55302 2.93634
    endloop
  endfacet
  facet normal 0 -0.532043 0.846718
    outer loop
      vertex 15 -3.93223 2.69806
      vertex 5 -3.55302 2.93634
      vertex 5 -3.93223 2.69806
    endloop
  endfacet
  facet normal 0 -0.993713 0.111956
    outer loop
      vertex 5 -2.85014 4.05496
      vertex 15 -2.8 4.5
      vertex 5 -2.8 4.5
    endloop
  endfacet
  facet normal 0 -0.993713 0.111956
    outer loop
      vertex 15 -2.8 4.5
      vertex 5 -2.85014 4.05496
      vertex 15 -2.85014 4.05496
    endloop
  endfacet
  facet normal 0 -0.846718 0.532043
    outer loop
      vertex 5 -3.23634 3.25302
      vertex 15 -2.99806 3.63223
      vertex 5 -2.99806 3.63223
    endloop
  endfacet
  facet normal 0 -0.846718 0.532043
    outer loop
      vertex 15 -2.99806 3.63223
      vertex 5 -3.23634 3.25302
      vertex 15 -3.23634 3.25302
    endloop
  endfacet
  facet normal 0 -0.111956 0.993713
    outer loop
      vertex 5 -4.35496 2.55014
      vertex 15 -4.8 2.5
      vertex 15 -4.35496 2.55014
    endloop
  endfacet
  facet normal 0 -0.111956 0.993713
    outer loop
      vertex 15 -4.8 2.5
      vertex 5 -4.35496 2.55014
      vertex 5 -4.8 2.5
    endloop
  endfacet
  facet normal 0 0.707107 0.707107
    outer loop
      vertex 15 -6.04698 2.93634
      vertex 5 -6.36366 3.25302
      vertex 15 -6.36366 3.25302
    endloop
  endfacet
  facet normal 0 0.707107 0.707107
    outer loop
      vertex 5 -6.36366 3.25302
      vertex 15 -6.04698 2.93634
      vertex 5 -6.04698 2.93634
    endloop
  endfacet
  facet normal 0 0.846718 0.532043
    outer loop
      vertex 15 -6.36366 3.25302
      vertex 5 -6.60194 3.63223
      vertex 15 -6.60194 3.63223
    endloop
  endfacet
  facet normal 0 0.846718 0.532043
    outer loop
      vertex 5 -6.60194 3.63223
      vertex 15 -6.36366 3.25302
      vertex 5 -6.36366 3.25302
    endloop
  endfacet
  facet normal 0 -0.707107 0.707107
    outer loop
      vertex 5 -3.55302 2.93634
      vertex 15 -3.23634 3.25302
      vertex 5 -3.23634 3.25302
    endloop
  endfacet
  facet normal 0 -0.707107 0.707107
    outer loop
      vertex 15 -3.23634 3.25302
      vertex 5 -3.55302 2.93634
      vertex 15 -3.55302 2.93634
    endloop
  endfacet
  facet normal 0 0.943883 0.33028
    outer loop
      vertex 15 -6.60194 3.63223
      vertex 5 -6.74986 4.05496
      vertex 15 -6.74986 4.05496
    endloop
  endfacet
  facet normal 0 0.943883 0.33028
    outer loop
      vertex 5 -6.74986 4.05496
      vertex 15 -6.60194 3.63223
      vertex 5 -6.60194 3.63223
    endloop
  endfacet
  facet normal 0 -0.943883 0.33028
    outer loop
      vertex 5 -2.99806 3.63223
      vertex 15 -2.85014 4.05496
      vertex 5 -2.85014 4.05496
    endloop
  endfacet
  facet normal 0 -0.943883 0.33028
    outer loop
      vertex 15 -2.85014 4.05496
      vertex 5 -2.99806 3.63223
      vertex 15 -2.99806 3.63223
    endloop
  endfacet
  facet normal -0 0.33028 0.943883
    outer loop
      vertex 5 -5.24504 2.55014
      vertex 15 -5.66777 2.69806
      vertex 15 -5.24504 2.55014
    endloop
  endfacet
  facet normal 0 0.33028 0.943883
    outer loop
      vertex 15 -5.66777 2.69806
      vertex 5 -5.24504 2.55014
      vertex 5 -5.66777 2.69806
    endloop
  endfacet
  facet normal -0 0.532043 0.846718
    outer loop
      vertex 5 -5.66777 2.69806
      vertex 15 -6.04698 2.93634
      vertex 15 -5.66777 2.69806
    endloop
  endfacet
  facet normal 0 0.532043 0.846718
    outer loop
      vertex 15 -6.04698 2.93634
      vertex 5 -5.66777 2.69806
      vertex 5 -6.04698 2.93634
    endloop
  endfacet
  facet normal 0 -0.993731 -0.111795
    outer loop
      vertex 5 -2.8 4.5
      vertex 15 -2.80225 4.52
      vertex 5 -2.80225 4.52
    endloop
  endfacet
  facet normal 0 -0.993731 -0.111795
    outer loop
      vertex 15 -2.80225 4.52
      vertex 5 -2.8 4.5
      vertex 15 -2.8 4.5
    endloop
  endfacet
  facet normal -1 0 0
    outer loop
      vertex 15 -2.85014 4.05496
      vertex 15 -3.62015 4.08715
      vertex 15 -3.55786 4.36004
    endloop
  endfacet
  facet normal -1 0 0
    outer loop
      vertex 15 -3.23634 3.25302
      vertex 15 -3.74159 3.83496
      vertex 15 -3.62015 4.08715
    endloop
  endfacet
  facet normal -1 0 0
    outer loop
      vertex 15 -3.23634 3.25302
      vertex 15 -3.91612 3.61612
      vertex 15 -3.74159 3.83496
    endloop
  endfacet
  facet normal -1 0 0
    outer loop
      vertex 15 -4.13496 3.4416
      vertex 15 -3.55302 2.93634
      vertex 15 -3.93223 2.69806
    endloop
  endfacet
  facet normal -1 0 0
    outer loop
      vertex 15 -3.55302 2.93634
      vertex 15 -4.13496 3.4416
      vertex 15 -3.91612 3.61612
    endloop
  endfacet
  facet normal -1 0 0
    outer loop
      vertex 15 -4.38715 3.32015
      vertex 15 -3.93223 2.69806
      vertex 15 -4.35496 2.55014
    endloop
  endfacet
  facet normal -1 0 0
    outer loop
      vertex 15 -3.93223 2.69806
      vertex 15 -4.38715 3.32015
      vertex 15 -4.13496 3.4416
    endloop
  endfacet
  facet normal -1 0 0
    outer loop
      vertex 15 -4.35496 2.55014
      vertex 15 -4.66004 3.25786
      vertex 15 -4.38715 3.32015
    endloop
  endfacet
  facet normal -1 0 0
    outer loop
      vertex 15 -4.8 2.5
      vertex 15 -4.66004 3.25786
      vertex 15 -4.35496 2.55014
    endloop
  endfacet
  facet normal -1 0 0
    outer loop
      vertex 15 -4.66004 3.25786
      vertex 15 -4.8 2.5
      vertex 15 -4.66352 3.25756
    endloop
  endfacet
  facet normal -1 0 0
    outer loop
      vertex 15 -4.66352 3.25756
      vertex 15 -4.8 2.5
      vertex 15 -4.67383 3.25727
    endloop
  endfacet
  facet normal -1 -0 0
    outer loop
      vertex 15 -4.67383 3.25727
      vertex 15 -4.8 2.5
      vertex 15 -4.67384 3.25727
    endloop
  endfacet
  facet normal -1 -0 0
    outer loop
      vertex 15 -4.67384 3.25727
      vertex 15 -4.8 2.5
      vertex 15 -4.67387 3.25727
    endloop
  endfacet
  facet normal -1 0 0
    outer loop
      vertex 15 -4.67387 3.25727
      vertex 15 -4.8 2.5
      vertex 15 -4.6905 3.25701
    endloop
  endfacet
  facet normal -1 -0 0
    outer loop
      vertex 15 -4.6905 3.25701
      vertex 15 -4.8 2.5
      vertex 15 -4.69055 3.25701
    endloop
  endfacet
  facet normal -1 0 0
    outer loop
      vertex 15 -4.69055 3.25701
      vertex 15 -4.8 2.5
      vertex 15 -4.71266 3.25679
    endloop
  endfacet
  facet normal -1 -0 0
    outer loop
      vertex 15 -4.71266 3.25679
      vertex 15 -4.8 2.5
      vertex 15 -4.71274 3.25679
    endloop
  endfacet
  facet normal -1 0 0
    outer loop
      vertex 15 -4.71274 3.25679
      vertex 15 -4.8 2.5
      vertex 15 -4.73921 3.25663
    endloop
  endfacet
  facet normal -1 0 0
    outer loop
      vertex 15 -4.73921 3.25663
      vertex 15 -4.8 2.5
      vertex 15 -4.76872 3.25653
    endloop
  endfacet
  facet normal -1 -0 0
    outer loop
      vertex 15 -4.76872 3.25653
      vertex 15 -4.8 2.5
      vertex 15 -4.76882 3.25653
    endloop
  endfacet
  facet normal -1 0 0
    outer loop
      vertex 15 -4.76882 3.25653
      vertex 15 -4.8 2.5
      vertex 15 -4.79989 3.25649
    endloop
  endfacet
  facet normal -1 0 0
    outer loop
      vertex 15 -4.8 2.5
      vertex 15 -4.8 3.25649
      vertex 15 -4.79989 3.25649
    endloop
  endfacet
  facet normal -1 0 0
    outer loop
      vertex 15 -4.8 2.5
      vertex 15 -4.80011 3.25649
      vertex 15 -4.8 3.25649
    endloop
  endfacet
  facet normal -1 0 0
    outer loop
      vertex 15 -4.8 2.5
      vertex 15 -4.83118 3.25653
      vertex 15 -4.80011 3.25649
    endloop
  endfacet
  facet normal -1 0 0
    outer loop
      vertex 15 -4.8 2.5
      vertex 15 -4.83128 3.25653
      vertex 15 -4.83118 3.25653
    endloop
  endfacet
  facet normal -1 0 0
    outer loop
      vertex 15 -4.8 2.5
      vertex 15 -4.86078 3.25663
      vertex 15 -4.83128 3.25653
    endloop
  endfacet
  facet normal -1 0 0
    outer loop
      vertex 15 -4.8 2.5
      vertex 15 -4.86087 3.25663
      vertex 15 -4.86078 3.25663
    endloop
  endfacet
  facet normal -1 0 0
    outer loop
      vertex 15 -4.8 2.5
      vertex 15 -4.88734 3.25679
      vertex 15 -4.86087 3.25663
    endloop
  endfacet
  facet normal -1 0 0
    outer loop
      vertex 15 -4.8 2.5
      vertex 15 -4.9095 3.25701
      vertex 15 -4.88734 3.25679
    endloop
  endfacet
  facet normal -1 0 0
    outer loop
      vertex 15 -4.8 2.5
      vertex 15 -4.92613 3.25727
      vertex 15 -4.9095 3.25701
    endloop
  endfacet
  facet normal -1 0 0
    outer loop
      vertex 15 -4.8 2.5
      vertex 15 -4.92616 3.25727
      vertex 15 -4.92613 3.25727
    endloop
  endfacet
  facet normal -1 0 0
    outer loop
      vertex 15 -4.8 2.5
      vertex 15 -4.92617 3.25727
      vertex 15 -4.92616 3.25727
    endloop
  endfacet
  facet normal -1 0 0
    outer loop
      vertex 15 -4.8 2.5
      vertex 15 -4.93648 3.25756
      vertex 15 -4.92617 3.25727
    endloop
  endfacet
  facet normal -1 0 0
    outer loop
      vertex 15 -4.8 2.5
      vertex 15 -4.93995 3.25786
      vertex 15 -4.93648 3.25756
    endloop
  endfacet
  facet normal -1 0 0
    outer loop
      vertex 15 -5.24504 2.55014
      vertex 15 -4.93995 3.25786
      vertex 15 -4.8 2.5
    endloop
  endfacet
  facet normal -1 -0 0
    outer loop
      vertex 15 -4.93995 3.25786
      vertex 15 -5.24504 2.55014
      vertex 15 -5.21285 3.32015
    endloop
  endfacet
  facet normal -1 0 0
    outer loop
      vertex 15 -5.66777 2.69806
      vertex 15 -5.21285 3.32015
      vertex 15 -5.24504 2.55014
    endloop
  endfacet
  facet normal -1 -0 0
    outer loop
      vertex 15 -5.21285 3.32015
      vertex 15 -5.66777 2.69806
      vertex 15 -5.46504 3.4416
    endloop
  endfacet
  facet normal -1 0 0
    outer loop
      vertex 15 -6.04698 2.93634
      vertex 15 -5.46504 3.4416
      vertex 15 -5.66777 2.69806
    endloop
  endfacet
  facet normal -1 -0 0
    outer loop
      vertex 15 -5.46504 3.4416
      vertex 15 -6.04698 2.93634
      vertex 15 -5.68388 3.61612
    endloop
  endfacet
  facet normal -1 0 0
    outer loop
      vertex 15 -6.36366 3.25302
      vertex 15 -5.68388 3.61612
      vertex 15 -6.04698 2.93634
    endloop
  endfacet
  facet normal -1 -0 0
    outer loop
      vertex 15 -5.68388 3.61612
      vertex 15 -6.36366 3.25302
      vertex 15 -5.85841 3.83496
    endloop
  endfacet
  facet normal -1 0 0
    outer loop
      vertex 15 -6.60194 3.63223
      vertex 15 -5.85841 3.83496
      vertex 15 -6.36366 3.25302
    endloop
  endfacet
  facet normal -1 -0 0
    outer loop
      vertex 15 -5.85841 3.83496
      vertex 15 -6.60194 3.63223
      vertex 15 -5.97985 4.08715
    endloop
  endfacet
  facet normal -1 0 0
    outer loop
      vertex 15 -6.74986 4.05496
      vertex 15 -5.97985 4.08715
      vertex 15 -6.60194 3.63223
    endloop
  endfacet
  facet normal -1 -0 0
    outer loop
      vertex 15 -5.97985 4.08715
      vertex 15 -6.74986 4.05496
      vertex 15 -6.04214 4.36004
    endloop
  endfacet
  facet normal -1 0 0
    outer loop
      vertex 15 -6.8 4.5
      vertex 15 -6.04214 4.36004
      vertex 15 -6.74986 4.05496
    endloop
  endfacet
  facet normal -1 0 0
    outer loop
      vertex 15 -6.04214 4.36004
      vertex 15 -6.8 4.5
      vertex 15 -6.04214 4.52
    endloop
  endfacet
  facet normal -1 -0 0
    outer loop
      vertex 15 -6.04214 4.52
      vertex 15 -6.8 4.5
      vertex 15 -6.79775 4.52
    endloop
  endfacet
  facet normal -1 0 0
    outer loop
      vertex 15 -3.55786 4.36004
      vertex 15 -2.8 4.5
      vertex 15 -2.85014 4.05496
    endloop
  endfacet
  facet normal -1 0 0
    outer loop
      vertex 15 -3.62015 4.08715
      vertex 15 -2.85014 4.05496
      vertex 15 -2.99806 3.63223
    endloop
  endfacet
  facet normal -1 0 0
    outer loop
      vertex 15 -3.62015 4.08715
      vertex 15 -2.99806 3.63223
      vertex 15 -3.23634 3.25302
    endloop
  endfacet
  facet normal -1 0 0
    outer loop
      vertex 15 -3.91612 3.61612
      vertex 15 -3.23634 3.25302
      vertex 15 -3.55302 2.93634
    endloop
  endfacet
  facet normal -1 0 0
    outer loop
      vertex 15 -3.55786 4.52
      vertex 15 -2.8 4.5
      vertex 15 -3.55786 4.36004
    endloop
  endfacet
  facet normal -1 0 0
    outer loop
      vertex 15 -2.8 4.5
      vertex 15 -3.55786 4.52
      vertex 15 -2.80225 4.52
    endloop
  endfacet
  facet normal 0 0.993713 0.111956
    outer loop
      vertex 15 -6.74986 4.05496
      vertex 5 -6.8 4.5
      vertex 15 -6.8 4.5
    endloop
  endfacet
  facet normal 0 0.993713 0.111956
    outer loop
      vertex 5 -6.8 4.5
      vertex 15 -6.74986 4.05496
      vertex 5 -6.74986 4.05496
    endloop
  endfacet
  facet normal -0 0.111956 0.993713
    outer loop
      vertex 5 -4.8 2.5
      vertex 15 -5.24504 2.55014
      vertex 15 -4.8 2.5
    endloop
  endfacet
  facet normal 0 0.111956 0.993713
    outer loop
      vertex 15 -5.24504 2.55014
      vertex 5 -4.8 2.5
      vertex 5 -5.24504 2.55014
    endloop
  endfacet
  facet normal 0 0.993731 -0.111795
    outer loop
      vertex 15 -6.8 4.5
      vertex 5 -6.79775 4.52
      vertex 15 -6.79775 4.52
    endloop
  endfacet
  facet normal 0 0.993731 -0.111795
    outer loop
      vertex 5 -6.79775 4.52
      vertex 15 -6.8 4.5
      vertex 5 -6.8 4.5
    endloop
  endfacet
  facet normal 0 -0.33028 0.943883
    outer loop
      vertex 85 -3.93223 2.69806
      vertex 95 -4.35496 2.55014
      vertex 95 -3.93223 2.69806
    endloop
  endfacet
  facet normal 0 -0.33028 0.943883
    outer loop
      vertex 95 -4.35496 2.55014
      vertex 85 -3.93223 2.69806
      vertex 85 -4.35496 2.55014
    endloop
  endfacet
  facet normal 0 -0.532043 0.846718
    outer loop
      vertex 85 -3.55302 2.93634
      vertex 95 -3.93223 2.69806
      vertex 95 -3.55302 2.93634
    endloop
  endfacet
  facet normal 0 -0.532043 0.846718
    outer loop
      vertex 95 -3.93223 2.69806
      vertex 85 -3.55302 2.93634
      vertex 85 -3.93223 2.69806
    endloop
  endfacet
  facet normal 0 -0.993713 0.111956
    outer loop
      vertex 85 -2.85014 4.05496
      vertex 95 -2.8 4.5
      vertex 85 -2.8 4.5
    endloop
  endfacet
  facet normal 0 -0.993713 0.111956
    outer loop
      vertex 95 -2.8 4.5
      vertex 85 -2.85014 4.05496
      vertex 95 -2.85014 4.05496
    endloop
  endfacet
  facet normal 0 -0.846718 0.532043
    outer loop
      vertex 85 -3.23634 3.25302
      vertex 95 -2.99806 3.63223
      vertex 85 -2.99806 3.63223
    endloop
  endfacet
  facet normal 0 -0.846718 0.532043
    outer loop
      vertex 95 -2.99806 3.63223
      vertex 85 -3.23634 3.25302
      vertex 95 -3.23634 3.25302
    endloop
  endfacet
  facet normal 0 -0.111956 0.993713
    outer loop
      vertex 85 -4.35496 2.55014
      vertex 95 -4.8 2.5
      vertex 95 -4.35496 2.55014
    endloop
  endfacet
  facet normal 0 -0.111956 0.993713
    outer loop
      vertex 95 -4.8 2.5
      vertex 85 -4.35496 2.55014
      vertex 85 -4.8 2.5
    endloop
  endfacet
  facet normal 0 0.707107 0.707107
    outer loop
      vertex 95 -6.04698 2.93634
      vertex 85 -6.36366 3.25302
      vertex 95 -6.36366 3.25302
    endloop
  endfacet
  facet normal 0 0.707107 0.707107
    outer loop
      vertex 85 -6.36366 3.25302
      vertex 95 -6.04698 2.93634
      vertex 85 -6.04698 2.93634
    endloop
  endfacet
  facet normal 0 0.846718 0.532043
    outer loop
      vertex 95 -6.36366 3.25302
      vertex 85 -6.60194 3.63223
      vertex 95 -6.60194 3.63223
    endloop
  endfacet
  facet normal 0 0.846718 0.532043
    outer loop
      vertex 85 -6.60194 3.63223
      vertex 95 -6.36366 3.25302
      vertex 85 -6.36366 3.25302
    endloop
  endfacet
  facet normal 0 -0.707107 0.707107
    outer loop
      vertex 85 -3.55302 2.93634
      vertex 95 -3.23634 3.25302
      vertex 85 -3.23634 3.25302
    endloop
  endfacet
  facet normal 0 -0.707107 0.707107
    outer loop
      vertex 95 -3.23634 3.25302
      vertex 85 -3.55302 2.93634
      vertex 95 -3.55302 2.93634
    endloop
  endfacet
  facet normal 0 0.943883 0.33028
    outer loop
      vertex 95 -6.60194 3.63223
      vertex 85 -6.74986 4.05496
      vertex 95 -6.74986 4.05496
    endloop
  endfacet
  facet normal 0 0.943883 0.33028
    outer loop
      vertex 85 -6.74986 4.05496
      vertex 95 -6.60194 3.63223
      vertex 85 -6.60194 3.63223
    endloop
  endfacet
  facet normal 0 -0.943883 0.33028
    outer loop
      vertex 85 -2.99806 3.63223
      vertex 95 -2.85014 4.05496
      vertex 85 -2.85014 4.05496
    endloop
  endfacet
  facet normal 0 -0.943883 0.33028
    outer loop
      vertex 95 -2.85014 4.05496
      vertex 85 -2.99806 3.63223
      vertex 95 -2.99806 3.63223
    endloop
  endfacet
  facet normal -0 0.33028 0.943883
    outer loop
      vertex 85 -5.24504 2.55014
      vertex 95 -5.66777 2.69806
      vertex 95 -5.24504 2.55014
    endloop
  endfacet
  facet normal 0 0.33028 0.943883
    outer loop
      vertex 95 -5.66777 2.69806
      vertex 85 -5.24504 2.55014
      vertex 85 -5.66777 2.69806
    endloop
  endfacet
  facet normal -0 0.532043 0.846718
    outer loop
      vertex 85 -5.66777 2.69806
      vertex 95 -6.04698 2.93634
      vertex 95 -5.66777 2.69806
    endloop
  endfacet
  facet normal 0 0.532043 0.846718
    outer loop
      vertex 95 -6.04698 2.93634
      vertex 85 -5.66777 2.69806
      vertex 85 -6.04698 2.93634
    endloop
  endfacet
  facet normal 0 -0.993731 -0.111795
    outer loop
      vertex 85 -2.8 4.5
      vertex 95 -2.80225 4.52
      vertex 85 -2.80225 4.52
    endloop
  endfacet
  facet normal 0 -0.993731 -0.111795
    outer loop
      vertex 95 -2.80225 4.52
      vertex 85 -2.8 4.5
      vertex 95 -2.8 4.5
    endloop
  endfacet
  facet normal 1 -0 0
    outer loop
      vertex 85 -6.79775 4.52
      vertex 85 -6.05 4.5
      vertex 85 -6.04775 4.52
    endloop
  endfacet
  facet normal 1 0 0
    outer loop
      vertex 85 -6.05 4.5
      vertex 85 -6.60194 3.63223
      vertex 85 -6.36366 3.25302
    endloop
  endfacet
  facet normal 1 0 0
    outer loop
      vertex 85 -6.05 4.5
      vertex 85 -6.74986 4.05496
      vertex 85 -6.60194 3.63223
    endloop
  endfacet
  facet normal 1 0 0
    outer loop
      vertex 85 -6.05 4.5
      vertex 85 -6.79775 4.52
      vertex 85 -6.8 4.5
    endloop
  endfacet
  facet normal 1 0 0
    outer loop
      vertex 85 -6.05 4.5
      vertex 85 -6.8 4.5
      vertex 85 -6.74986 4.05496
    endloop
  endfacet
  facet normal 1 0 0
    outer loop
      vertex 85 -3.55 4.5
      vertex 85 -2.8 4.5
      vertex 85 -2.80225 4.52
    endloop
  endfacet
  facet normal 1 0 0
    outer loop
      vertex 85 -2.8 4.5
      vertex 85 -3.55 4.5
      vertex 85 -2.85014 4.05496
    endloop
  endfacet
  facet normal 1 0 0
    outer loop
      vertex 85 -2.85014 4.05496
      vertex 85 -3.58134 4.22185
      vertex 85 -2.99806 3.63223
    endloop
  endfacet
  facet normal 1 0 0
    outer loop
      vertex 85 -2.85014 4.05496
      vertex 85 -3.55 4.5
      vertex 85 -3.58134 4.22185
    endloop
  endfacet
  facet normal 1 0 -0
    outer loop
      vertex 85 -3.55 4.5
      vertex 85 -2.80225 4.52
      vertex 85 -3.55225 4.52
    endloop
  endfacet
  facet normal 1 -0 0
    outer loop
      vertex 85 -3.67379 3.95765
      vertex 85 -2.99806 3.63223
      vertex 85 -3.58134 4.22185
    endloop
  endfacet
  facet normal 1 0 0
    outer loop
      vertex 85 -2.99806 3.63223
      vertex 85 -3.67379 3.95765
      vertex 85 -3.23634 3.25302
    endloop
  endfacet
  facet normal 1 -0 0
    outer loop
      vertex 85 -3.82271 3.72064
      vertex 85 -3.23634 3.25302
      vertex 85 -3.67379 3.95765
    endloop
  endfacet
  facet normal 1 0 0
    outer loop
      vertex 85 -3.23634 3.25302
      vertex 85 -3.82271 3.72064
      vertex 85 -3.55302 2.93634
    endloop
  endfacet
  facet normal 1 -0 0
    outer loop
      vertex 85 -4.02064 3.52271
      vertex 85 -3.55302 2.93634
      vertex 85 -3.82271 3.72064
    endloop
  endfacet
  facet normal 1 0 0
    outer loop
      vertex 85 -3.55302 2.93634
      vertex 85 -4.02064 3.52271
      vertex 85 -3.93223 2.69806
    endloop
  endfacet
  facet normal 1 -0 0
    outer loop
      vertex 85 -4.25764 3.37379
      vertex 85 -3.93223 2.69806
      vertex 85 -4.02064 3.52271
    endloop
  endfacet
  facet normal 1 0 0
    outer loop
      vertex 85 -4.25764 3.37379
      vertex 85 -4.35496 2.55014
      vertex 85 -3.93223 2.69806
    endloop
  endfacet
  facet normal 1 -0 0
    outer loop
      vertex 85 -4.52185 3.28134
      vertex 85 -4.35496 2.55014
      vertex 85 -4.25764 3.37379
    endloop
  endfacet
  facet normal 1 -0 0
    outer loop
      vertex 85 -4.8 3.25
      vertex 85 -4.35496 2.55014
      vertex 85 -4.52185 3.28134
    endloop
  endfacet
  facet normal 1 0 0
    outer loop
      vertex 85 -4.8 3.25
      vertex 85 -4.8 2.5
      vertex 85 -4.35496 2.55014
    endloop
  endfacet
  facet normal 1 0 0
    outer loop
      vertex 85 -5.07815 3.28134
      vertex 85 -4.8 2.5
      vertex 85 -4.8 3.25
    endloop
  endfacet
  facet normal 1 0 0
    outer loop
      vertex 85 -5.07815 3.28134
      vertex 85 -5.24504 2.55014
      vertex 85 -4.8 2.5
    endloop
  endfacet
  facet normal 1 0 0
    outer loop
      vertex 85 -5.34235 3.37379
      vertex 85 -5.24504 2.55014
      vertex 85 -5.07815 3.28134
    endloop
  endfacet
  facet normal 1 0 0
    outer loop
      vertex 85 -5.66777 2.69806
      vertex 85 -5.34235 3.37379
      vertex 85 -5.57936 3.52271
    endloop
  endfacet
  facet normal 1 0 0
    outer loop
      vertex 85 -5.34235 3.37379
      vertex 85 -5.66777 2.69806
      vertex 85 -5.24504 2.55014
    endloop
  endfacet
  facet normal 1 0 0
    outer loop
      vertex 85 -6.04698 2.93634
      vertex 85 -5.57936 3.52271
      vertex 85 -5.77729 3.72064
    endloop
  endfacet
  facet normal 1 0 0
    outer loop
      vertex 85 -6.36366 3.25302
      vertex 85 -5.77729 3.72064
      vertex 85 -5.92621 3.95765
    endloop
  endfacet
  facet normal 1 0 0
    outer loop
      vertex 85 -6.36366 3.25302
      vertex 85 -5.92621 3.95765
      vertex 85 -6.01866 4.22185
    endloop
  endfacet
  facet normal 1 0 0
    outer loop
      vertex 85 -5.57936 3.52271
      vertex 85 -6.04698 2.93634
      vertex 85 -5.66777 2.69806
    endloop
  endfacet
  facet normal 1 0 0
    outer loop
      vertex 85 -6.36366 3.25302
      vertex 85 -6.01866 4.22185
      vertex 85 -6.05 4.5
    endloop
  endfacet
  facet normal 1 0 0
    outer loop
      vertex 85 -5.77729 3.72064
      vertex 85 -6.36366 3.25302
      vertex 85 -6.04698 2.93634
    endloop
  endfacet
  facet normal 0 0.993713 0.111956
    outer loop
      vertex 95 -6.74986 4.05496
      vertex 85 -6.8 4.5
      vertex 95 -6.8 4.5
    endloop
  endfacet
  facet normal 0 0.993713 0.111956
    outer loop
      vertex 85 -6.8 4.5
      vertex 95 -6.74986 4.05496
      vertex 85 -6.74986 4.05496
    endloop
  endfacet
  facet normal -0 0.111956 0.993713
    outer loop
      vertex 85 -4.8 2.5
      vertex 95 -5.24504 2.55014
      vertex 95 -4.8 2.5
    endloop
  endfacet
  facet normal 0 0.111956 0.993713
    outer loop
      vertex 95 -5.24504 2.55014
      vertex 85 -4.8 2.5
      vertex 85 -5.24504 2.55014
    endloop
  endfacet
  facet normal 0 0.993731 -0.111795
    outer loop
      vertex 95 -6.8 4.5
      vertex 85 -6.79775 4.52
      vertex 95 -6.79775 4.52
    endloop
  endfacet
  facet normal 0 0.993731 -0.111795
    outer loop
      vertex 85 -6.79775 4.52
      vertex 95 -6.8 4.5
      vertex 85 -6.8 4.5
    endloop
  endfacet
  facet normal 0.00975911 0.781792 0.623463
    outer loop
      vertex 71 -6.3241 3.54234
      vertex 71 -6.07279 3.22721
      vertex 15 -5.85841 3.83496
    endloop
  endfacet
  facet normal 0.00975927 0.781775 0.623484
    outer loop
      vertex 71 -6.07279 3.22721
      vertex 15 -5.68388 3.61612
      vertex 15 -5.85841 3.83496
    endloop
  endfacet
  facet normal 0.00978792 -0.0281156 0.999557
    outer loop
      vertex 70.9552 -4.60352 2.71132
      vertex 15 -4.66352 3.25756
      vertex 15 -4.67383 3.25727
    endloop
  endfacet
  facet normal -0.100992 0.896361 0.431668
    outer loop
      vertex 71.3781 -6.45639 3.9055
      vertex 71 -6.3241 3.54234
      vertex 71 -6.49899 3.9055
    endloop
  endfacet
  facet normal -0.0488073 0.433369 0.899894
    outer loop
      vertex 71.1323 -5.3796 2.80101
      vertex 71 -5.3945 2.80101
      vertex 71 -5.75766 2.9759
    endloop
  endfacet
  facet normal 0.00975925 0.623463 0.781792
    outer loop
      vertex 71 -6.07279 3.22721
      vertex 71 -5.75766 2.9759
      vertex 15 -5.68388 3.61612
    endloop
  endfacet
  facet normal 0.00976987 -0 0.999952
    outer loop
      vertex 15 -4.80011 3.25649
      vertex 70.7985 -4.8 2.71132
      vertex 15 -4.8 3.25649
    endloop
  endfacet
  facet normal 0.00976986 0.00108917 0.999952
    outer loop
      vertex 70.7985 -4.8 2.71132
      vertex 15 -4.80011 3.25649
      vertex 70.8035 -4.84485 2.71132
    endloop
  endfacet
  facet normal 0.00975924 0.433868 0.900924
    outer loop
      vertex 71 -5.3945 2.80101
      vertex 15 -5.21285 3.32015
      vertex 15 -5.46504 3.4416
    endloop
  endfacet
  facet normal 0.00975929 0.974878 0.222526
    outer loop
      vertex 71 -6.49899 3.9055
      vertex 15 -5.97985 4.08715
      vertex 15 -6.04214 4.36004
    endloop
  endfacet
  facet normal -0.0877541 -0.778814 0.621086
    outer loop
      vertex 71.2832 -3.55912 3.22721
      vertex 71.3391 -3.31411 3.54234
      vertex 71 -3.52721 3.22721
    endloop
  endfacet
  facet normal -0.0251223 -0.222426 0.974626
    outer loop
      vertex 71.0448 -4.60352 2.71132
      vertex 71.1323 -4.2204 2.80101
      vertex 71 -4.59846 2.71132
    endloop
  endfacet
  facet normal -0.0700763 0.62196 0.779907
    outer loop
      vertex 71.2131 -5.73365 2.9759
      vertex 71 -5.75766 2.9759
      vertex 71 -6.07279 3.22721
    endloop
  endfacet
  facet normal 0.00975926 0.433866 0.900925
    outer loop
      vertex 71 -5.75766 2.9759
      vertex 71 -5.3945 2.80101
      vertex 15 -5.46504 3.4416
    endloop
  endfacet
  facet normal 0.00975829 -0.781776 0.623483
    outer loop
      vertex 67.4693 -3.38331 3.46292
      vertex 71 -3.2759 3.54234
      vertex 67.4719 -3.31623 3.54699
    endloop
  endfacet
  facet normal 0.00975846 -0.781797 0.623456
    outer loop
      vertex 71 -3.52721 3.22721
      vertex 67.4693 -3.38331 3.46292
      vertex 67.1165 -3.48451 3.34154
    endloop
  endfacet
  facet normal 0.00975945 -0.781777 0.623482
    outer loop
      vertex 71 -3.52721 3.22721
      vertex 67.1165 -3.48451 3.34154
      vertex 66.8675 -3.55591 3.25591
    endloop
  endfacet
  facet normal 0.00975919 -0.781792 0.623463
    outer loop
      vertex 67.4693 -3.38331 3.46292
      vertex 71 -3.52721 3.22721
      vertex 71 -3.2759 3.54234
    endloop
  endfacet
  facet normal 0.00975943 -0.781803 0.623449
    outer loop
      vertex 15 -3.91612 3.61612
      vertex 54.7172 -3.63887 3.34206
      vertex 53.1071 -3.48046 3.56591
    endloop
  endfacet
  facet normal 0.00976052 -0.781151 0.624266
    outer loop
      vertex 54.7172 -3.63887 3.34206
      vertex 15 -3.91612 3.61612
      vertex 54.7326 -3.64018 3.34018
    endloop
  endfacet
  facet normal 0.00975926 0.623462 0.781793
    outer loop
      vertex 71 -5.75766 2.9759
      vertex 15 -5.46504 3.4416
      vertex 15 -5.68388 3.61612
    endloop
  endfacet
  facet normal -0.0739642 -0.211278 0.974623
    outer loop
      vertex 71.2579 -4.26437 2.80101
      vertex 71.1323 -4.2204 2.80101
      vertex 71.0874 -4.61842 2.71132
    endloop
  endfacet
  facet normal 0.00975723 -0.974912 0.222376
    outer loop
      vertex 71 -3.10101 3.9055
      vertex 67.8506 -3.1267 3.93106
      vertex 67.8237 -3.13045 3.9158
    endloop
  endfacet
  facet normal 0.00975924 -0.974878 0.222526
    outer loop
      vertex 15 -3.62015 4.08715
      vertex 51.1265 -3.26314 4.06681
      vertex 15 -3.55786 4.36004
    endloop
  endfacet
  facet normal 0.00975932 -0.974889 0.222478
    outer loop
      vertex 15 -3.62015 4.08715
      vertex 51.2924 -3.2815 3.97908
      vertex 51.1265 -3.26314 4.06681
    endloop
  endfacet
  facet normal 0.00975941 -0.974866 0.222576
    outer loop
      vertex 51.2924 -3.2815 3.97908
      vertex 15 -3.62015 4.08715
      vertex 51.3123 -3.28352 3.96936
    endloop
  endfacet
  facet normal 0.00977386 -0.0097708 0.999904
    outer loop
      vertex 15 -4.6905 3.25701
      vertex 70.8424 -4.67434 2.71132
      vertex 70.8743 -4.64243 2.71132
    endloop
  endfacet
  facet normal 0.0097715 0 0.999952
    outer loop
      vertex 70.8424 -4.67434 2.71132
      vertex 15 -4.6905 3.25701
      vertex 15 -4.69055 3.25701
    endloop
  endfacet
  facet normal -0.0739006 -0.211286 0.974627
    outer loop
      vertex 71.0874 -4.61842 2.71132
      vertex 71.1323 -4.2204 2.80101
      vertex 71.0448 -4.60352 2.71132
    endloop
  endfacet
  facet normal 0.00977002 0.00128735 0.999951
    outer loop
      vertex 70.8035 -4.84485 2.71132
      vertex 15 -4.80011 3.25649
      vertex 15 -4.83118 3.25653
    endloop
  endfacet
  facet normal 0.00976971 -0 0.999952
    outer loop
      vertex 15 -4.83128 3.25653
      vertex 70.8035 -4.84485 2.71132
      vertex 15 -4.83118 3.25653
    endloop
  endfacet
  facet normal 0.00977048 0.00341818 0.999946
    outer loop
      vertex 70.8035 -4.84485 2.71132
      vertex 15 -4.83128 3.25653
      vertex 70.8184 -4.88744 2.71132
    endloop
  endfacet
  facet normal -0.0700805 -0.621962 0.779905
    outer loop
      vertex 71.2131 -3.86635 2.9759
      vertex 71.2832 -3.55912 3.22721
      vertex 71 -3.52721 3.22721
    endloop
  endfacet
  facet normal 0.00981763 0.0861299 0.996236
    outer loop
      vertex 71 -5.00154 2.71132
      vertex 15 -4.93648 3.25756
      vertex 15 -4.93995 3.25786
    endloop
  endfacet
  facet normal -0.101002 0.896356 0.431677
    outer loop
      vertex 71.3781 -6.45639 3.9055
      vertex 71.3391 -6.28589 3.54234
      vertex 71 -6.3241 3.54234
    endloop
  endfacet
  facet normal -0.0877571 0.778812 0.621088
    outer loop
      vertex 71.3391 -6.28589 3.54234
      vertex 71 -6.07279 3.22721
      vertex 71 -6.3241 3.54234
    endloop
  endfacet
  facet normal 0.00975928 0.900938 0.433839
    outer loop
      vertex 71 -6.49899 3.9055
      vertex 15 -5.85841 3.83496
      vertex 15 -5.97985 4.08715
    endloop
  endfacet
  facet normal 0.0097591 0.900925 0.433866
    outer loop
      vertex 71 -6.49899 3.9055
      vertex 71 -6.3241 3.54234
      vertex 15 -5.85841 3.83496
    endloop
  endfacet
  facet normal 0.00975721 -0.999952 0
    outer loop
      vertex 68.0659 -3.03995 4.33727
      vertex 71 -3.01132 4.52
      vertex 68.0659 -3.03995 4.52
    endloop
  endfacet
  facet normal 0.00975825 -0.999952 7.8194e-05
    outer loop
      vertex 71 -3.01132 4.29846
      vertex 68.0659 -3.03995 4.33727
      vertex 68.0088 -3.04051 4.30175
    endloop
  endfacet
  facet normal 0.00975721 -0.999952 0
    outer loop
      vertex 68.0659 -3.03995 4.33727
      vertex 71 -3.01132 4.29846
      vertex 71 -3.01132 4.52
    endloop
  endfacet
  facet normal 0.0097591 -0.999952 0
    outer loop
      vertex 15 -3.55786 4.36004
      vertex 50.6645 -3.20979 4.52
      vertex 15 -3.55786 4.52
    endloop
  endfacet
  facet normal 0.0097591 -0.999952 0
    outer loop
      vertex 50.6645 -3.20979 4.52
      vertex 15 -3.55786 4.36004
      vertex 50.6645 -3.20979 4.32083
    endloop
  endfacet
  facet normal -0.101002 -0.89636 0.431668
    outer loop
      vertex 71.3391 -3.31411 3.54234
      vertex 71 -3.10101 3.9055
      vertex 71 -3.2759 3.54234
    endloop
  endfacet
  facet normal -0.0877571 -0.778812 0.621088
    outer loop
      vertex 71.3391 -3.31411 3.54234
      vertex 71 -3.2759 3.54234
      vertex 71 -3.52721 3.22721
    endloop
  endfacet
  facet normal 0.00976049 -0.900926 0.433862
    outer loop
      vertex 67.8206 -3.22288 3.72396
      vertex 71 -3.10101 3.9055
      vertex 67.8235 -3.13735 3.9015
    endloop
  endfacet
  facet normal 0.00975508 -0.900963 0.433787
    outer loop
      vertex 71 -3.2759 3.54234
      vertex 67.8206 -3.22288 3.72396
      vertex 67.6553 -3.26195 3.64653
    endloop
  endfacet
  facet normal 0.0097584 -0.900915 0.433887
    outer loop
      vertex 71 -3.2759 3.54234
      vertex 67.6553 -3.26195 3.64653
      vertex 67.4723 -3.30523 3.56078
    endloop
  endfacet
  facet normal 0.00976023 -0.900925 0.433866
    outer loop
      vertex 67.8206 -3.22288 3.72396
      vertex 71 -3.2759 3.54234
      vertex 71 -3.10101 3.9055
    endloop
  endfacet
  facet normal 0.00975903 -0.900924 0.433868
    outer loop
      vertex 15 -3.74159 3.83496
      vertex 52.4733 -3.40665 3.68757
      vertex 51.6341 -3.32254 3.8811
    endloop
  endfacet
  facet normal 0.00975903 -0.900921 0.433873
    outer loop
      vertex 52.4733 -3.40665 3.68757
      vertex 15 -3.74159 3.83496
      vertex 52.6882 -3.42818 3.63803
    endloop
  endfacet
  facet normal 0.00975657 -0.900647 0.434442
    outer loop
      vertex 71 -3.10101 3.9055
      vertex 67.8237 -3.13045 3.9158
      vertex 67.8235 -3.13735 3.9015
    endloop
  endfacet
  facet normal 0.00975935 -0.900938 0.433839
    outer loop
      vertex 15 -3.74159 3.83496
      vertex 51.3123 -3.28352 3.96936
      vertex 15 -3.62015 4.08715
    endloop
  endfacet
  facet normal 0.0097587 -0.900905 0.433906
    outer loop
      vertex 51.3123 -3.28352 3.96936
      vertex 15 -3.74159 3.83496
      vertex 51.4777 -3.30686 3.91718
    endloop
  endfacet
  facet normal 0.00975921 -0.900936 0.433842
    outer loop
      vertex 51.4777 -3.30686 3.91718
      vertex 15 -3.74159 3.83496
      vertex 51.6341 -3.32254 3.8811
    endloop
  endfacet
  facet normal -0.0700805 0.621962 0.779905
    outer loop
      vertex 71.2832 -6.04088 3.22721
      vertex 71.2131 -5.73365 2.9759
      vertex 71 -6.07279 3.22721
    endloop
  endfacet
  facet normal 0.00975922 0.222509 0.974882
    outer loop
      vertex 71 -5.3945 2.80101
      vertex 71 -5.00154 2.71132
      vertex 15 -4.93995 3.25786
    endloop
  endfacet
  facet normal 0.00978779 -0.0279839 0.99956
    outer loop
      vertex 15 -4.67383 3.25727
      vertex 70.9126 -4.61842 2.71132
      vertex 70.9552 -4.60352 2.71132
    endloop
  endfacet
  facet normal 0.00976388 0 0.999952
    outer loop
      vertex 70.9126 -4.61842 2.71132
      vertex 15 -4.67383 3.25727
      vertex 15 -4.67384 3.25727
    endloop
  endfacet
  facet normal 0.00977045 -0.0033885 0.999947
    outer loop
      vertex 70.8184 -4.71256 2.71132
      vertex 15 -4.73921 3.25663
      vertex 15 -4.76872 3.25653
    endloop
  endfacet
  facet normal 0.00975928 0.222518 0.97488
    outer loop
      vertex 71 -5.3945 2.80101
      vertex 15 -4.93995 3.25786
      vertex 15 -5.21285 3.32015
    endloop
  endfacet
  facet normal 0.00975918 0.999952 0
    outer loop
      vertex 71 -6.58868 4.52
      vertex 15 -6.04214 4.36004
      vertex 15 -6.04214 4.52
    endloop
  endfacet
  facet normal 0.00975918 0.999952 0
    outer loop
      vertex 15 -6.04214 4.36004
      vertex 71 -6.58868 4.52
      vertex 71 -6.58868 4.29846
    endloop
  endfacet
  facet normal -0.0251249 0.222449 0.97462
    outer loop
      vertex 71.0448 -4.99648 2.71132
      vertex 71 -5.00154 2.71132
      vertex 71 -5.3945 2.80101
    endloop
  endfacet
  facet normal 0.00975905 -0.781854 0.623386
    outer loop
      vertex 71 -3.2759 3.54234
      vertex 67.4723 -3.30523 3.56078
      vertex 67.4719 -3.31623 3.54699
    endloop
  endfacet
  facet normal 0.00975899 -0.781775 0.623484
    outer loop
      vertex 15 -3.91612 3.61612
      vertex 52.6882 -3.42818 3.63803
      vertex 15 -3.74159 3.83496
    endloop
  endfacet
  facet normal 0.00975902 -0.781777 0.623481
    outer loop
      vertex 15 -3.91612 3.61612
      vertex 53.0692 -3.47673 3.57119
      vertex 52.6882 -3.42818 3.63803
    endloop
  endfacet
  facet normal 0.00976472 -0.782344 0.62277
    outer loop
      vertex 53.0692 -3.47673 3.57119
      vertex 15 -3.91612 3.61612
      vertex 53.1071 -3.48046 3.56591
    endloop
  endfacet
  facet normal 0.00977046 0.00338965 0.999947
    outer loop
      vertex 70.8184 -4.88744 2.71132
      vertex 15 -4.83128 3.25653
      vertex 15 -4.86078 3.25663
    endloop
  endfacet
  facet normal 0.00975924 -0.433868 0.900924
    outer loop
      vertex 71 -4.2055 2.80101
      vertex 15 -4.13496 3.4416
      vertex 15 -4.38715 3.32015
    endloop
  endfacet
  facet normal 0.00975877 -0.433866 0.900925
    outer loop
      vertex 65.2868 -3.87219 3.02341
      vertex 71 -4.2055 2.80101
      vertex 71 -3.84234 2.9759
    endloop
  endfacet
  facet normal 0.0097573 -0.433885 0.900915
    outer loop
      vertex 65.0524 -3.92744 2.99934
      vertex 71 -4.2055 2.80101
      vertex 65.2868 -3.87219 3.02341
    endloop
  endfacet
  facet normal 0.00976631 -0.433741 0.900984
    outer loop
      vertex 64.922 -3.96087 2.98466
      vertex 71 -4.2055 2.80101
      vertex 65.0524 -3.92744 2.99934
    endloop
  endfacet
  facet normal 0.00973632 -0.434289 0.900721
    outer loop
      vertex 64.8908 -3.96887 2.98114
      vertex 71 -4.2055 2.80101
      vertex 64.922 -3.96087 2.98466
    endloop
  endfacet
  facet normal 0.009557 -0.437672 0.899084
    outer loop
      vertex 64.8896 -3.96904 2.98107
      vertex 71 -4.2055 2.80101
      vertex 64.8908 -3.96887 2.98114
    endloop
  endfacet
  facet normal 0.0097729 -0.433594 0.901055
    outer loop
      vertex 64.8651 -3.97246 2.97969
      vertex 71 -4.2055 2.80101
      vertex 64.8896 -3.96904 2.98107
    endloop
  endfacet
  facet normal 0.0097385 -0.434256 0.900737
    outer loop
      vertex 64.8064 -3.97807 2.97762
      vertex 71 -4.2055 2.80101
      vertex 64.8651 -3.97246 2.97969
    endloop
  endfacet
  facet normal 0.00990724 -0.430907 0.902342
    outer loop
      vertex 64.8003 -3.97865 2.97741
      vertex 71 -4.2055 2.80101
      vertex 64.8064 -3.97807 2.97762
    endloop
  endfacet
  facet normal 0.00974566 -0.434124 0.9008
    outer loop
      vertex 64.7128 -3.98603 2.9748
      vertex 71 -4.2055 2.80101
      vertex 64.8003 -3.97865 2.97741
    endloop
  endfacet
  facet normal 0.00990094 -0.430899 0.902346
    outer loop
      vertex 64.6996 -3.98715 2.97441
      vertex 71 -4.2055 2.80101
      vertex 64.7128 -3.98603 2.9748
    endloop
  endfacet
  facet normal 0.00972632 -0.434548 0.900596
    outer loop
      vertex 64.6807 -3.98863 2.9739
      vertex 71 -4.2055 2.80101
      vertex 64.6996 -3.98715 2.97441
    endloop
  endfacet
  facet normal 0.0097574 -0.433894 0.900911
    outer loop
      vertex 64.5675 -3.99755 2.97083
      vertex 71 -4.2055 2.80101
      vertex 64.6807 -3.98863 2.9739
    endloop
  endfacet
  facet normal 0.00975416 -0.433966 0.900876
    outer loop
      vertex 64.4458 -4.0067 2.96774
      vertex 71 -4.2055 2.80101
      vertex 64.5675 -3.99755 2.97083
    endloop
  endfacet
  facet normal 0.00983062 -0.432169 0.901739
    outer loop
      vertex 64.4105 -4.00936 2.96685
      vertex 71 -4.2055 2.80101
      vertex 64.4458 -4.0067 2.96774
    endloop
  endfacet
  facet normal 0.00973027 -0.434566 0.900587
    outer loop
      vertex 64.367 -4.01251 2.9658
      vertex 71 -4.2055 2.80101
      vertex 64.4105 -4.00936 2.96685
    endloop
  endfacet
  facet normal 0.00976408 -0.433743 0.900984
    outer loop
      vertex 64.2361 -4.022 2.96265
      vertex 71 -4.2055 2.80101
      vertex 64.367 -4.01251 2.9658
    endloop
  endfacet
  facet normal 0.0097451 -0.434234 0.900747
    outer loop
      vertex 64.1131 -4.03061 2.95983
      vertex 71 -4.2055 2.80101
      vertex 64.2361 -4.022 2.96265
    endloop
  endfacet
  facet normal 0.00975943 -0.433841 0.900936
    outer loop
      vertex 64.0529 -4.03483 2.95845
      vertex 71 -4.2055 2.80101
      vertex 64.1131 -4.03061 2.95983
    endloop
  endfacet
  facet normal 0.00978108 -0.433231 0.90123
    outer loop
      vertex 63.9863 -4.03935 2.957
      vertex 71 -4.2055 2.80101
      vertex 64.0529 -4.03483 2.95845
    endloop
  endfacet
  facet normal 0.00974118 -0.434391 0.900672
    outer loop
      vertex 63.8702 -4.04722 2.95446
      vertex 71 -4.2055 2.80101
      vertex 63.9863 -4.03935 2.957
    endloop
  endfacet
  facet normal 0.00976521 -0.433653 0.901027
    outer loop
      vertex 63.7707 -4.05372 2.95241
      vertex 71 -4.2055 2.80101
      vertex 63.8702 -4.04722 2.95446
    endloop
  endfacet
  facet normal 0.00975952 -0.433836 0.900939
    outer loop
      vertex 63.6972 -4.05853 2.95089
      vertex 71 -4.2055 2.80101
      vertex 63.7707 -4.05372 2.95241
    endloop
  endfacet
  facet normal 0.00974736 -0.434241 0.900744
    outer loop
      vertex 63.626 -4.06297 2.94952
      vertex 71 -4.2055 2.80101
      vertex 63.6972 -4.05853 2.95089
    endloop
  endfacet
  facet normal 0.00977111 -0.433423 0.901138
    outer loop
      vertex 63.5429 -4.06817 2.94792
      vertex 71 -4.2055 2.80101
      vertex 63.626 -4.06297 2.94952
    endloop
  endfacet
  facet normal 0.00976535 -0.43363 0.901038
    outer loop
      vertex 63.4788 -4.07192 2.94681
      vertex 71 -4.2055 2.80101
      vertex 63.5429 -4.06817 2.94792
    endloop
  endfacet
  facet normal 0.00975853 -0.433881 0.900917
    outer loop
      vertex 63.4154 -4.07563 2.94571
      vertex 71 -4.2055 2.80101
      vertex 63.4788 -4.07192 2.94681
    endloop
  endfacet
  facet normal 0.00975771 -0.433913 0.900902
    outer loop
      vertex 63.3666 -4.07816 2.94502
      vertex 71 -4.2055 2.80101
      vertex 63.4154 -4.07563 2.94571
    endloop
  endfacet
  facet normal 0.00977165 -0.433371 0.901162
    outer loop
      vertex 63.3214 -4.08051 2.94438
      vertex 71 -4.2055 2.80101
      vertex 63.3666 -4.07816 2.94502
    endloop
  endfacet
  facet normal 0.00981757 -0.431551 0.902035
    outer loop
      vertex 63.2953 -4.08148 2.9442
      vertex 71 -4.2055 2.80101
      vertex 63.3214 -4.08051 2.94438
    endloop
  endfacet
  facet normal 0.00970526 -0.436036 0.899877
    outer loop
      vertex 63.2658 -4.08257 2.94399
      vertex 71 -4.2055 2.80101
      vertex 63.2953 -4.08148 2.9442
    endloop
  endfacet
  facet normal 0.00975952 -0.43385 0.900932
    outer loop
      vertex 61.6667 -4.08704 2.95916
      vertex 71 -4.2055 2.80101
      vertex 63.2658 -4.08257 2.94399
    endloop
  endfacet
  facet normal 0.00893775 -0.472422 0.881327
    outer loop
      vertex 61.2198 -4.08141 2.96671
      vertex 71 -4.2055 2.80101
      vertex 61.6667 -4.08704 2.95916
    endloop
  endfacet
  facet normal 0.0114563 -0.348556 0.937218
    outer loop
      vertex 60.9106 -4.07751 2.97194
      vertex 71 -4.2055 2.80101
      vertex 61.2198 -4.08141 2.96671
    endloop
  endfacet
  facet normal 0.0402421 0.577835 0.815161
    outer loop
      vertex 60.8606 -4.07589 2.97326
      vertex 60.9106 -4.07751 2.97194
      vertex 60.8715 -4.07624 2.97297
    endloop
  endfacet
  facet normal 0.00975928 -0.433862 0.900926
    outer loop
      vertex 60.9106 -4.07751 2.97194
      vertex 15 -4.13496 3.4416
      vertex 71 -4.2055 2.80101
    endloop
  endfacet
  facet normal 0.00976211 -0.433091 0.901297
    outer loop
      vertex 60.8606 -4.07589 2.97326
      vertex 15 -4.13496 3.4416
      vertex 60.9106 -4.07751 2.97194
    endloop
  endfacet
  facet normal 0.00975919 -0.433897 0.90091
    outer loop
      vertex 58.1408 -3.92912 3.07341
      vertex 15 -4.13496 3.4416
      vertex 60.8606 -4.07589 2.97326
    endloop
  endfacet
  facet normal 0.00975888 -0.43343 0.901134
    outer loop
      vertex 58.0346 -3.92149 3.07823
      vertex 15 -4.13496 3.4416
      vertex 58.1408 -3.92912 3.07341
    endloop
  endfacet
  facet normal 0.00975929 -0.433882 0.900917
    outer loop
      vertex 57.9468 -3.91518 3.08222
      vertex 15 -4.13496 3.4416
      vertex 58.0346 -3.92149 3.07823
    endloop
  endfacet
  facet normal 0.00975934 -0.433936 0.900891
    outer loop
      vertex 15 -4.13496 3.4416
      vertex 57.9468 -3.91518 3.08222
      vertex 57.9038 -3.91077 3.08481
    endloop
  endfacet
  facet normal 0.00977389 0.00992683 0.999903
    outer loop
      vertex 15 -4.9095 3.25701
      vertex 70.8424 -4.92566 2.71132
      vertex 15 -4.88734 3.25679
    endloop
  endfacet
  facet normal 0.00977386 0.0097708 0.999904
    outer loop
      vertex 70.8424 -4.92566 2.71132
      vertex 15 -4.9095 3.25701
      vertex 70.8743 -4.95757 2.71132
    endloop
  endfacet
  facet normal 0.00981765 -0.0858842 0.996257
    outer loop
      vertex 70.9552 -4.60352 2.71132
      vertex 15 -4.66004 3.25786
      vertex 15 -4.66352 3.25756
    endloop
  endfacet
  facet normal 0.00981788 0.0869251 0.996166
    outer loop
      vertex 70.9552 -4.99648 2.71132
      vertex 15 -4.93648 3.25756
      vertex 71 -5.00154 2.71132
    endloop
  endfacet
  facet normal -0.025052 0.222442 0.974624
    outer loop
      vertex 71.1323 -5.3796 2.80101
      vertex 71.0448 -4.99648 2.71132
      vertex 71 -5.3945 2.80101
    endloop
  endfacet
  facet normal 0.00976889 -0 0.999952
    outer loop
      vertex 15 -4.86087 3.25663
      vertex 70.8184 -4.88744 2.71132
      vertex 15 -4.86078 3.25663
    endloop
  endfacet
  facet normal 0.00977163 0.00613603 0.999933
    outer loop
      vertex 70.8184 -4.88744 2.71132
      vertex 15 -4.86087 3.25663
      vertex 70.8424 -4.92566 2.71132
    endloop
  endfacet
  facet normal -0.0700763 -0.62196 0.779907
    outer loop
      vertex 71.2131 -3.86635 2.9759
      vertex 71 -3.52721 3.22721
      vertex 71 -3.84234 2.9759
    endloop
  endfacet
  facet normal -0.0488277 -0.433369 0.899893
    outer loop
      vertex 71.2131 -3.86635 2.9759
      vertex 71 -3.84234 2.9759
      vertex 71 -4.2055 2.80101
    endloop
  endfacet
  facet normal -0.100991 -0.896357 0.431676
    outer loop
      vertex 71.3391 -3.31411 3.54234
      vertex 71.3781 -3.14361 3.9055
      vertex 71 -3.10101 3.9055
    endloop
  endfacet
  facet normal 0.00975918 0.974882 0.222509
    outer loop
      vertex 71 -6.58868 4.29846
      vertex 71 -6.49899 3.9055
      vertex 15 -6.04214 4.36004
    endloop
  endfacet
  facet normal -0.109187 0.969099 0.221189
    outer loop
      vertex 71.3781 -6.45639 3.9055
      vertex 71 -6.49899 3.9055
      vertex 71 -6.58868 4.29846
    endloop
  endfacet
  facet normal -0.0488284 0.433375 0.89989
    outer loop
      vertex 71.2131 -5.73365 2.9759
      vertex 71.1323 -5.3796 2.80101
      vertex 71 -5.75766 2.9759
    endloop
  endfacet
  facet normal -0.111955 -0.993713 0
    outer loop
      vertex 71 -3.01132 4.29846
      vertex 71.398 -3.05616 4.52
      vertex 71 -3.01132 4.52
    endloop
  endfacet
  facet normal -0.111955 -0.993713 -0
    outer loop
      vertex 71.398 -3.05616 4.52
      vertex 71 -3.01132 4.29846
      vertex 71.398 -3.05616 4.29846
    endloop
  endfacet
  facet normal 0.00975929 -0.222526 0.974878
    outer loop
      vertex 71 -4.2055 2.80101
      vertex 15 -4.38715 3.32015
      vertex 15 -4.66004 3.25786
    endloop
  endfacet
  facet normal -0.0488084 -0.433379 0.899889
    outer loop
      vertex 71.1323 -4.2204 2.80101
      vertex 71.2131 -3.86635 2.9759
      vertex 71 -4.2055 2.80101
    endloop
  endfacet
  facet normal -0.0877541 0.778814 0.621086
    outer loop
      vertex 71.3391 -6.28589 3.54234
      vertex 71.2832 -6.04088 3.22721
      vertex 71 -6.07279 3.22721
    endloop
  endfacet
  facet normal 0.00977153 0.00604418 0.999934
    outer loop
      vertex 70.8424 -4.92566 2.71132
      vertex 15 -4.86087 3.25663
      vertex 15 -4.88734 3.25679
    endloop
  endfacet
  facet normal 0.00976388 -0 0.999952
    outer loop
      vertex 15 -4.92617 3.25727
      vertex 70.9126 -4.98158 2.71132
      vertex 15 -4.92616 3.25727
    endloop
  endfacet
  facet normal 0.00978779 0.0279839 0.99956
    outer loop
      vertex 70.9126 -4.98158 2.71132
      vertex 15 -4.92617 3.25727
      vertex 70.9552 -4.99648 2.71132
    endloop
  endfacet
  facet normal 0.00975885 -0.623343 0.781888
    outer loop
      vertex 71 -3.84234 2.9759
      vertex 65.4941 -3.84959 3.03884
      vertex 65.2868 -3.87219 3.02341
    endloop
  endfacet
  facet normal 0.00975944 -0.623462 0.781793
    outer loop
      vertex 15 -4.13496 3.4416
      vertex 57.2815 -3.86041 3.13273
      vertex 15 -3.91612 3.61612
    endloop
  endfacet
  facet normal 0.00975939 -0.62338 0.781858
    outer loop
      vertex 57.2815 -3.86041 3.13273
      vertex 15 -4.13496 3.4416
      vertex 57.9038 -3.91077 3.08481
    endloop
  endfacet
  facet normal 0.0097596 -0.623592 0.781689
    outer loop
      vertex 66.867 -3.56824 3.24608
      vertex 71 -3.52721 3.22721
      vertex 66.8675 -3.55591 3.25591
    endloop
  endfacet
  facet normal 0.0097588 -0.623463 0.781792
    outer loop
      vertex 71 -3.52721 3.22721
      vertex 66.867 -3.56824 3.24608
      vertex 71 -3.84234 2.9759
    endloop
  endfacet
  facet normal 0.0097593 -0.623459 0.781795
    outer loop
      vertex 66.5627 -3.655 3.18069
      vertex 71 -3.84234 2.9759
      vertex 66.867 -3.56824 3.24608
    endloop
  endfacet
  facet normal 0.00975789 -0.623477 0.781781
    outer loop
      vertex 66.1194 -3.78141 3.08541
      vertex 71 -3.84234 2.9759
      vertex 66.5627 -3.655 3.18069
    endloop
  endfacet
  facet normal 0.00975777 -0.623481 0.781778
    outer loop
      vertex 71 -3.84234 2.9759
      vertex 66.1194 -3.78141 3.08541
      vertex 65.4941 -3.84959 3.03884
    endloop
  endfacet
  facet normal 0.00975905 -0.623513 0.781752
    outer loop
      vertex 56.5551 -3.80163 3.18868
      vertex 15 -3.91612 3.61612
      vertex 57.2815 -3.86041 3.13273
    endloop
  endfacet
  facet normal 0.00975933 -0.623461 0.781794
    outer loop
      vertex 55.2931 -3.6995 3.28588
      vertex 15 -3.91612 3.61612
      vertex 56.5551 -3.80163 3.18868
    endloop
  endfacet
  facet normal 0.00975936 -0.623437 0.781812
    outer loop
      vertex 15 -3.91612 3.61612
      vertex 55.2931 -3.6995 3.28588
      vertex 54.7326 -3.64018 3.34018
    endloop
  endfacet
  facet normal -0.109187 -0.969098 0.221194
    outer loop
      vertex 71.3781 -3.14361 3.9055
      vertex 71.398 -3.05616 4.29846
      vertex 71 -3.10101 3.9055
    endloop
  endfacet
  facet normal -0.111955 0.993713 0
    outer loop
      vertex 71.398 -6.54384 4.29846
      vertex 71 -6.58868 4.52
      vertex 71.398 -6.54384 4.52
    endloop
  endfacet
  facet normal -0.111955 0.993713 0
    outer loop
      vertex 71 -6.58868 4.52
      vertex 71.398 -6.54384 4.29846
      vertex 71 -6.58868 4.29846
    endloop
  endfacet
  facet normal -0.109182 0.969099 0.221194
    outer loop
      vertex 71.398 -6.54384 4.29846
      vertex 71.3781 -6.45639 3.9055
      vertex 71 -6.58868 4.29846
    endloop
  endfacet
  facet normal -0.0739619 0.211272 0.974625
    outer loop
      vertex 71.1323 -5.3796 2.80101
      vertex 71.2579 -5.33563 2.80101
      vertex 71.0448 -4.99648 2.71132
    endloop
  endfacet
  facet normal -0.118916 -0.189691 0.974616
    outer loop
      vertex 71.1257 -4.64243 2.71132
      vertex 71.3707 -4.3352 2.80101
      vertex 71.0874 -4.61842 2.71132
    endloop
  endfacet
  facet normal -0.0250529 -0.22245 0.974622
    outer loop
      vertex 71.1323 -4.2204 2.80101
      vertex 71 -4.2055 2.80101
      vertex 71 -4.59846 2.71132
    endloop
  endfacet
  facet normal 0.00977048 -0.00341818 0.999946
    outer loop
      vertex 15 -4.76872 3.25653
      vertex 70.8035 -4.75515 2.71132
      vertex 70.8184 -4.71256 2.71132
    endloop
  endfacet
  facet normal 0.00976971 0 0.999952
    outer loop
      vertex 70.8035 -4.75515 2.71132
      vertex 15 -4.76872 3.25653
      vertex 15 -4.76882 3.25653
    endloop
  endfacet
  facet normal 0.00977002 -0.00128735 0.999951
    outer loop
      vertex 70.8035 -4.75515 2.71132
      vertex 15 -4.76882 3.25653
      vertex 15 -4.79989 3.25649
    endloop
  endfacet
  facet normal 0.00975918 -0.222509 0.974882
    outer loop
      vertex 71 -4.59846 2.71132
      vertex 71 -4.2055 2.80101
      vertex 15 -4.66004 3.25786
    endloop
  endfacet
  facet normal -0.119037 -0.189573 0.974624
    outer loop
      vertex 71.3707 -4.3352 2.80101
      vertex 71.2579 -4.26437 2.80101
      vertex 71.0874 -4.61842 2.71132
    endloop
  endfacet
  facet normal 0.00975825 -0.974883 0.222506
    outer loop
      vertex 68.0072 -3.09046 4.08297
      vertex 71 -3.01132 4.29846
      vertex 68.0088 -3.04051 4.30175
    endloop
  endfacet
  facet normal 0.00976477 -0.974856 0.222622
    outer loop
      vertex 71 -3.10101 3.9055
      vertex 68.0072 -3.09046 4.08297
      vertex 68.0068 -3.10494 4.01958
    endloop
  endfacet
  facet normal 0.00975657 -0.974905 0.222405
    outer loop
      vertex 71 -3.10101 3.9055
      vertex 68.0068 -3.10494 4.01958
      vertex 67.883 -3.12218 3.94944
    endloop
  endfacet
  facet normal 0.00975825 -0.974875 0.222539
    outer loop
      vertex 71 -3.10101 3.9055
      vertex 67.883 -3.12218 3.94944
      vertex 67.8506 -3.1267 3.93106
    endloop
  endfacet
  facet normal 0.00975798 -0.974882 0.222509
    outer loop
      vertex 68.0072 -3.09046 4.08297
      vertex 71 -3.10101 3.9055
      vertex 71 -3.01132 4.29846
    endloop
  endfacet
  facet normal 0.0097592 -0.974911 0.222381
    outer loop
      vertex 15 -3.55786 4.36004
      vertex 50.6823 -3.21398 4.30168
      vertex 50.6645 -3.20979 4.32083
    endloop
  endfacet
  facet normal 0.00975912 -0.974882 0.222507
    outer loop
      vertex 50.6823 -3.21398 4.30168
      vertex 15 -3.55786 4.36004
      vertex 51.1265 -3.26314 4.06681
    endloop
  endfacet
  facet normal -0.109182 -0.9691 0.221189
    outer loop
      vertex 71.398 -3.05616 4.29846
      vertex 71 -3.01132 4.29846
      vertex 71 -3.10101 3.9055
    endloop
  endfacet
  facet normal 0 0 1
    outer loop
      vertex 71.1965 -4.75515 2.71132
      vertex 71.1965 -4.84485 2.71132
      vertex 71.2015 -4.8 2.71132
    endloop
  endfacet
  facet normal 0 0 1
    outer loop
      vertex 71.1816 -4.71256 2.71132
      vertex 71.1965 -4.84485 2.71132
      vertex 71.1965 -4.75515 2.71132
    endloop
  endfacet
  facet normal 0 0 1
    outer loop
      vertex 71.1816 -4.71256 2.71132
      vertex 71.1816 -4.88744 2.71132
      vertex 71.1965 -4.84485 2.71132
    endloop
  endfacet
  facet normal 0 0 1
    outer loop
      vertex 71.1576 -4.67434 2.71132
      vertex 71.1816 -4.88744 2.71132
      vertex 71.1816 -4.71256 2.71132
    endloop
  endfacet
  facet normal 0 0 1
    outer loop
      vertex 71.1576 -4.67434 2.71132
      vertex 71.1576 -4.92566 2.71132
      vertex 71.1816 -4.88744 2.71132
    endloop
  endfacet
  facet normal 0 0 1
    outer loop
      vertex 71.1257 -4.64243 2.71132
      vertex 71.1576 -4.92566 2.71132
      vertex 71.1576 -4.67434 2.71132
    endloop
  endfacet
  facet normal 0 0 1
    outer loop
      vertex 71.1257 -4.64243 2.71132
      vertex 71.1257 -4.95757 2.71132
      vertex 71.1576 -4.92566 2.71132
    endloop
  endfacet
  facet normal 0 0 1
    outer loop
      vertex 71.0874 -4.61842 2.71132
      vertex 71.1257 -4.95757 2.71132
      vertex 71.1257 -4.64243 2.71132
    endloop
  endfacet
  facet normal 0 0 1
    outer loop
      vertex 71.0874 -4.61842 2.71132
      vertex 71.0874 -4.98158 2.71132
      vertex 71.1257 -4.95757 2.71132
    endloop
  endfacet
  facet normal 0 0 1
    outer loop
      vertex 71.0448 -4.60352 2.71132
      vertex 71.0874 -4.98158 2.71132
      vertex 71.0874 -4.61842 2.71132
    endloop
  endfacet
  facet normal 0 0 1
    outer loop
      vertex 71.0448 -4.60352 2.71132
      vertex 71.0448 -4.99648 2.71132
      vertex 71.0874 -4.98158 2.71132
    endloop
  endfacet
  facet normal 0 0 1
    outer loop
      vertex 71 -4.59846 2.71132
      vertex 71.0448 -4.99648 2.71132
      vertex 71.0448 -4.60352 2.71132
    endloop
  endfacet
  facet normal 0 0 1
    outer loop
      vertex 71 -4.59846 2.71132
      vertex 71 -5.00154 2.71132
      vertex 71.0448 -4.99648 2.71132
    endloop
  endfacet
  facet normal -0 0 1
    outer loop
      vertex 70.9552 -4.60352 2.71132
      vertex 71 -5.00154 2.71132
      vertex 71 -4.59846 2.71132
    endloop
  endfacet
  facet normal 0 0 1
    outer loop
      vertex 70.9552 -4.60352 2.71132
      vertex 70.9552 -4.99648 2.71132
      vertex 71 -5.00154 2.71132
    endloop
  endfacet
  facet normal -0 0 1
    outer loop
      vertex 70.9126 -4.61842 2.71132
      vertex 70.9552 -4.99648 2.71132
      vertex 70.9552 -4.60352 2.71132
    endloop
  endfacet
  facet normal 0 0 1
    outer loop
      vertex 70.9126 -4.61842 2.71132
      vertex 70.9126 -4.98158 2.71132
      vertex 70.9552 -4.99648 2.71132
    endloop
  endfacet
  facet normal -0 0 1
    outer loop
      vertex 70.8743 -4.64243 2.71132
      vertex 70.9126 -4.98158 2.71132
      vertex 70.9126 -4.61842 2.71132
    endloop
  endfacet
  facet normal 0 0 1
    outer loop
      vertex 70.8743 -4.64243 2.71132
      vertex 70.8743 -4.95757 2.71132
      vertex 70.9126 -4.98158 2.71132
    endloop
  endfacet
  facet normal -0 0 1
    outer loop
      vertex 70.8424 -4.67434 2.71132
      vertex 70.8743 -4.95757 2.71132
      vertex 70.8743 -4.64243 2.71132
    endloop
  endfacet
  facet normal 0 0 1
    outer loop
      vertex 70.8424 -4.67434 2.71132
      vertex 70.8424 -4.92566 2.71132
      vertex 70.8743 -4.95757 2.71132
    endloop
  endfacet
  facet normal -0 0 1
    outer loop
      vertex 70.8184 -4.71256 2.71132
      vertex 70.8424 -4.92566 2.71132
      vertex 70.8424 -4.67434 2.71132
    endloop
  endfacet
  facet normal 0 0 1
    outer loop
      vertex 70.8184 -4.71256 2.71132
      vertex 70.8184 -4.88744 2.71132
      vertex 70.8424 -4.92566 2.71132
    endloop
  endfacet
  facet normal -0 0 1
    outer loop
      vertex 70.8035 -4.75515 2.71132
      vertex 70.8184 -4.88744 2.71132
      vertex 70.8184 -4.71256 2.71132
    endloop
  endfacet
  facet normal 0 0 1
    outer loop
      vertex 70.8035 -4.75515 2.71132
      vertex 70.8035 -4.84485 2.71132
      vertex 70.8184 -4.88744 2.71132
    endloop
  endfacet
  facet normal 0 -0 1
    outer loop
      vertex 70.8035 -4.84485 2.71132
      vertex 70.8035 -4.75515 2.71132
      vertex 70.7985 -4.8 2.71132
    endloop
  endfacet
  facet normal 0.00978792 0.0281156 0.999557
    outer loop
      vertex 70.9552 -4.99648 2.71132
      vertex 15 -4.92617 3.25727
      vertex 15 -4.93648 3.25756
    endloop
  endfacet
  facet normal 0.0097716 -0.00604418 0.999934
    outer loop
      vertex 70.8184 -4.71256 2.71132
      vertex 15 -4.71274 3.25679
      vertex 15 -4.73921 3.25663
    endloop
  endfacet
  facet normal 0.0097739 -0.00994928 0.999903
    outer loop
      vertex 70.8424 -4.67434 2.71132
      vertex 15 -4.69055 3.25701
      vertex 15 -4.71266 3.25679
    endloop
  endfacet
  facet normal -0.0739073 0.211305 0.974622
    outer loop
      vertex 71.2579 -5.33563 2.80101
      vertex 71.0874 -4.98158 2.71132
      vertex 71.0448 -4.99648 2.71132
    endloop
  endfacet
  facet normal 0.00981782 -0.0869245 0.996167
    outer loop
      vertex 70.9552 -4.60352 2.71132
      vertex 71 -4.59846 2.71132
      vertex 15 -4.66004 3.25786
    endloop
  endfacet
  facet normal 0.00977817 0.0156317 0.99983
    outer loop
      vertex 70.8743 -4.95757 2.71132
      vertex 15 -4.9095 3.25701
      vertex 15 -4.92613 3.25727
    endloop
  endfacet
  facet normal 0.00977057 -0 0.999952
    outer loop
      vertex 15 -4.92616 3.25727
      vertex 70.8743 -4.95757 2.71132
      vertex 15 -4.92613 3.25727
    endloop
  endfacet
  facet normal 0.00977815 0.0155978 0.999831
    outer loop
      vertex 70.8743 -4.95757 2.71132
      vertex 15 -4.92616 3.25727
      vertex 70.9126 -4.98158 2.71132
    endloop
  endfacet
  facet normal 0.00977159 -0.006136 0.999933
    outer loop
      vertex 15 -4.71266 3.25679
      vertex 70.8184 -4.71256 2.71132
      vertex 70.8424 -4.67434 2.71132
    endloop
  endfacet
  facet normal 0.00977176 0 0.999952
    outer loop
      vertex 70.8184 -4.71256 2.71132
      vertex 15 -4.71266 3.25679
      vertex 15 -4.71274 3.25679
    endloop
  endfacet
  facet normal 0.00977817 -0.0156317 0.99983
    outer loop
      vertex 70.8743 -4.64243 2.71132
      vertex 15 -4.67387 3.25727
      vertex 15 -4.6905 3.25701
    endloop
  endfacet
  facet normal 0.00977815 -0.0155978 0.999831
    outer loop
      vertex 15 -4.67384 3.25727
      vertex 70.8743 -4.64243 2.71132
      vertex 70.9126 -4.61842 2.71132
    endloop
  endfacet
  facet normal 0.00977057 0 0.999952
    outer loop
      vertex 70.8743 -4.64243 2.71132
      vertex 15 -4.67384 3.25727
      vertex 15 -4.67387 3.25727
    endloop
  endfacet
  facet normal 0.00976986 -0.00108917 0.999952
    outer loop
      vertex 15 -4.79989 3.25649
      vertex 70.7985 -4.8 2.71132
      vertex 70.8035 -4.75515 2.71132
    endloop
  endfacet
  facet normal 0.00976987 0 0.999952
    outer loop
      vertex 70.7985 -4.8 2.71132
      vertex 15 -4.79989 3.25649
      vertex 15 -4.8 3.25649
    endloop
  endfacet
  facet normal -0.119047 0.189588 0.97462
    outer loop
      vertex 71.2579 -5.33563 2.80101
      vertex 71.3707 -5.2648 2.80101
      vertex 71.1257 -4.95757 2.71132
    endloop
  endfacet
  facet normal -0.118888 0.189646 0.974628
    outer loop
      vertex 71.2579 -5.33563 2.80101
      vertex 71.1257 -4.95757 2.71132
      vertex 71.0874 -4.98158 2.71132
    endloop
  endfacet
  facet normal -0.136522 -0.413465 0.900227
    outer loop
      vertex 75.14 -4.15177 3.44031
      vertex 71.1323 -4.2204 2.80101
      vertex 75.022 -4.25764 3.37379
    endloop
  endfacet
  facet normal -0.136751 -0.413574 0.900142
    outer loop
      vertex 75.022 -4.25764 3.37379
      vertex 75.0919 -4.3975 3.32015
      vertex 75.0993 -4.36484 3.33628
    endloop
  endfacet
  facet normal -0.136521 -0.413488 0.900217
    outer loop
      vertex 75.0919 -4.3975 3.32015
      vertex 75.022 -4.25764 3.37379
      vertex 71.1323 -4.2204 2.80101
    endloop
  endfacet
  facet normal -0.137292 -0.00107973 0.99053
    outer loop
      vertex 71.1965 -4.75515 2.71132
      vertex 75.0833 -4.8 3.25
      vertex 75.0838 -4.79936 3.25007
    endloop
  endfacet
  facet normal -0.137437 -0.0153219 0.990392
    outer loop
      vertex 75.0833 -4.8 3.25
      vertex 71.1965 -4.75515 2.71132
      vertex 71.2015 -4.8 2.71132
    endloop
  endfacet
  facet normal -0.136626 -0.419743 0.897301
    outer loop
      vertex 71.2131 -3.86635 2.9759
      vertex 75.14 -4.15177 3.44031
      vertex 75.1407 -4.1511 3.44073
    endloop
  endfacet
  facet normal -0.136517 -0.413518 0.900203
    outer loop
      vertex 75.14 -4.15177 3.44031
      vertex 71.2131 -3.86635 2.9759
      vertex 71.1323 -4.2204 2.80101
    endloop
  endfacet
  facet normal -0.136108 -0.990694 0.000250185
    outer loop
      vertex 71.398 -3.05616 4.52
      vertex 75 -3.55103 4.50914
      vertex 75.0089 -3.55225 4.52
    endloop
  endfacet
  facet normal -0.136109 -0.990694 0
    outer loop
      vertex 71.398 -3.05616 4.52
      vertex 75 -3.55103 4.49086
      vertex 75 -3.55103 4.50914
    endloop
  endfacet
  facet normal -0.136109 -0.990694 0
    outer loop
      vertex 71.398 -3.05616 4.29846
      vertex 75 -3.55103 4.49086
      vertex 71.398 -3.05616 4.52
    endloop
  endfacet
  facet normal -0.136108 -0.990694 -2.80037e-05
    outer loop
      vertex 75 -3.55103 4.49086
      vertex 71.398 -3.05616 4.29846
      vertex 75.1095 -3.56607 4.35739
    endloop
  endfacet
  facet normal -0.13693 0.0860702 0.986834
    outer loop
      vertex 75.1188 -4.86084 3.25686
      vertex 75.1094 -4.88726 3.25786
      vertex 75.1204 -4.86976 3.25786
    endloop
  endfacet
  facet normal -0.137309 0.0862028 0.98677
    outer loop
      vertex 75.1094 -4.88726 3.25786
      vertex 75.1188 -4.86084 3.25686
      vertex 71.1576 -4.92566 2.71132
    endloop
  endfacet
  facet normal -0.136617 -0.607527 0.782462
    outer loop
      vertex 71.2832 -3.55912 3.22721
      vertex 75.1349 -3.93716 3.60619
      vertex 75.1404 -3.93282 3.61052
    endloop
  endfacet
  facet normal -0.136634 -0.608345 0.781823
    outer loop
      vertex 75.1349 -3.93716 3.60619
      vertex 71.2832 -3.55912 3.22721
      vertex 71.2131 -3.86635 2.9759
    endloop
  endfacet
  facet normal -0.13634 0.891049 0.432946
    outer loop
      vertex 75.0086 -5.92621 3.95765
      vertex 71.3391 -6.28589 3.54234
      vertex 75.1041 -5.96383 4.06515
    endloop
  endfacet
  facet normal -0.136344 0.891018 0.43301
    outer loop
      vertex 71.3391 -6.28589 3.54234
      vertex 75.0086 -5.92621 3.95765
      vertex 75.1301 -5.84415 3.82705
    endloop
  endfacet
  facet normal -0.136343 -0.891035 0.432974
    outer loop
      vertex 71.3391 -3.31411 3.54234
      vertex 75.1208 -3.74956 3.83706
      vertex 71.3781 -3.14361 3.9055
    endloop
  endfacet
  facet normal -0.136347 -0.890941 0.433166
    outer loop
      vertex 75.1208 -3.74956 3.83706
      vertex 71.3391 -3.31411 3.54234
      vertex 75.1301 -3.75585 3.82705
    endloop
  endfacet
  facet normal -0.136343 0.891036 0.432973
    outer loop
      vertex 75.1041 -5.96383 4.06515
      vertex 71.3781 -6.45639 3.9055
      vertex 75.1176 -5.96916 4.08037
    endloop
  endfacet
  facet normal -0.136343 0.891035 0.432974
    outer loop
      vertex 71.3781 -6.45639 3.9055
      vertex 75.1041 -5.96383 4.06515
      vertex 71.3391 -6.28589 3.54234
    endloop
  endfacet
  facet normal -0.137407 0.0479769 0.989352
    outer loop
      vertex 75.1188 -4.86077 3.25685
      vertex 75.1053 -4.83159 3.25356
      vertex 71.1816 -4.88744 2.71132
    endloop
  endfacet
  facet normal -0.136376 0.416826 0.898698
    outer loop
      vertex 71.2579 -5.33563 2.80101
      vertex 75.1382 -5.17406 3.3149
      vertex 75.1385 -5.17366 3.31476
    endloop
  endfacet
  facet normal -0.136821 0.390829 0.910237
    outer loop
      vertex 75.1382 -5.17406 3.3149
      vertex 71.2579 -5.33563 2.80101
      vertex 71.1323 -5.3796 2.80101
    endloop
  endfacet
  facet normal -0.13756 -0.0757289 0.987594
    outer loop
      vertex 71.1816 -4.71256 2.71132
      vertex 75.1052 -4.76875 3.25352
      vertex 75.1053 -4.76841 3.25356
    endloop
  endfacet
  facet normal -0.137406 -0.0480711 0.989348
    outer loop
      vertex 75.1052 -4.76875 3.25352
      vertex 71.1816 -4.71256 2.71132
      vertex 71.1965 -4.75515 2.71132
    endloop
  endfacet
  facet normal -0.136174 -0.965542 0.221777
    outer loop
      vertex 71.398 -3.05616 4.29846
      vertex 75 -3.58093 4.22546
      vertex 75.1095 -3.56607 4.35739
    endloop
  endfacet
  facet normal -0.136143 -0.96541 0.22237
    outer loop
      vertex 71.398 -3.05616 4.29846
      vertex 75 -3.58257 4.21834
      vertex 75 -3.58093 4.22546
    endloop
  endfacet
  facet normal -0.136177 -0.96555 0.221742
    outer loop
      vertex 75 -3.58257 4.21834
      vertex 71.398 -3.05616 4.29846
      vertex 75.1045 -3.62545 4.0958
    endloop
  endfacet
  facet normal -0.136635 -0.175652 0.974924
    outer loop
      vertex 75.0873 -4.69058 3.25786
      vertex 71.3707 -4.3352 2.80101
      vertex 71.1257 -4.64243 2.71132
    endloop
  endfacet
  facet normal -0.136542 0.770484 0.622664
    outer loop
      vertex 75.1201 -5.83797 3.81721
      vertex 71.3391 -6.28589 3.54234
      vertex 75.1301 -5.84415 3.82705
    endloop
  endfacet
  facet normal -0.136534 0.770188 0.623032
    outer loop
      vertex 71.3391 -6.28589 3.54234
      vertex 75.1201 -5.83797 3.81721
      vertex 71.2832 -6.04088 3.22721
    endloop
  endfacet
  facet normal -0.137437 -0.0155403 0.990389
    outer loop
      vertex 75.0838 -4.79936 3.25007
      vertex 75.1052 -4.76875 3.25352
      vertex 71.1965 -4.75515 2.71132
    endloop
  endfacet
  facet normal -0.13693 -0.390938 0.910174
    outer loop
      vertex 75.0919 -4.3975 3.32015
      vertex 75.1382 -4.42594 3.3149
      vertex 75.1303 -4.41095 3.32015
    endloop
  endfacet
  facet normal -0.136822 -0.390777 0.91026
    outer loop
      vertex 75.1382 -4.42594 3.3149
      vertex 75.0919 -4.3975 3.32015
      vertex 71.1323 -4.2204 2.80101
    endloop
  endfacet
  facet normal -0.137127 -0.198442 0.970473
    outer loop
      vertex 75.1385 -4.42634 3.31476
      vertex 71.3707 -4.3352 2.80101
      vertex 75.1378 -4.42703 3.31452
    endloop
  endfacet
  facet normal -0.137027 -0.218222 0.966231
    outer loop
      vertex 71.3707 -4.3352 2.80101
      vertex 75.1385 -4.42634 3.31476
      vertex 71.2579 -4.26437 2.80101
    endloop
  endfacet
  facet normal -0.137127 0.198442 0.970473
    outer loop
      vertex 71.3707 -5.2648 2.80101
      vertex 75.1385 -5.17366 3.31476
      vertex 75.1378 -5.17297 3.31452
    endloop
  endfacet
  facet normal -0.137027 0.218222 0.966231
    outer loop
      vertex 75.1385 -5.17366 3.31476
      vertex 71.3707 -5.2648 2.80101
      vertex 71.2579 -5.33563 2.80101
    endloop
  endfacet
  facet normal -0.136376 -0.416826 0.898698
    outer loop
      vertex 75.1382 -4.42594 3.3149
      vertex 71.2579 -4.26437 2.80101
      vertex 75.1385 -4.42634 3.31476
    endloop
  endfacet
  facet normal -0.136821 -0.390829 0.910237
    outer loop
      vertex 71.2579 -4.26437 2.80101
      vertex 75.1382 -4.42594 3.3149
      vertex 71.1323 -4.2204 2.80101
    endloop
  endfacet
  facet normal -0.136532 -0.770226 0.622986
    outer loop
      vertex 75.0217 -3.82271 3.72064
      vertex 71.2832 -3.55912 3.22721
      vertex 75.1404 -3.93282 3.61052
    endloop
  endfacet
  facet normal -0.136537 -0.770165 0.62306
    outer loop
      vertex 71.2832 -3.55912 3.22721
      vertex 75.0217 -3.82271 3.72064
      vertex 75.1201 -3.76203 3.81721
    endloop
  endfacet
  facet normal -0.136542 -0.770484 0.622664
    outer loop
      vertex 71.3391 -3.31411 3.54234
      vertex 75.1201 -3.76203 3.81721
      vertex 75.1301 -3.75585 3.82705
    endloop
  endfacet
  facet normal -0.136534 -0.770188 0.623032
    outer loop
      vertex 75.1201 -3.76203 3.81721
      vertex 71.3391 -3.31411 3.54234
      vertex 71.2832 -3.55912 3.22721
    endloop
  endfacet
  facet normal -0.136341 -0.891001 0.433046
    outer loop
      vertex 71.3781 -3.14361 3.9055
      vertex 75.0085 -3.67379 3.95765
      vertex 75.1176 -3.63084 4.08037
    endloop
  endfacet
  facet normal -0.136349 -0.891067 0.432906
    outer loop
      vertex 75.0085 -3.67379 3.95765
      vertex 71.3781 -3.14361 3.9055
      vertex 75.1208 -3.74956 3.83706
    endloop
  endfacet
  facet normal -0.136537 0.770165 0.62306
    outer loop
      vertex 75.0217 -5.77729 3.72064
      vertex 71.2832 -6.04088 3.22721
      vertex 75.1201 -5.83797 3.81721
    endloop
  endfacet
  facet normal -0.136534 0.770195 0.623023
    outer loop
      vertex 71.2832 -6.04088 3.22721
      vertex 75.0217 -5.77729 3.72064
      vertex 75.1404 -5.66717 3.61052
    endloop
  endfacet
  facet normal -0.136633 0.608303 0.781856
    outer loop
      vertex 75.1349 -5.66284 3.60619
      vertex 71.2832 -6.04088 3.22721
      vertex 75.1404 -5.66717 3.61052
    endloop
  endfacet
  facet normal -0.136634 0.608345 0.781823
    outer loop
      vertex 71.2832 -6.04088 3.22721
      vertex 75.1349 -5.66284 3.60619
      vertex 71.2131 -5.73365 2.9759
    endloop
  endfacet
  facet normal -0.13693 0.390938 0.910174
    outer loop
      vertex 75.1382 -5.17406 3.3149
      vertex 75.0919 -5.2025 3.32015
      vertex 75.1303 -5.18905 3.32015
    endloop
  endfacet
  facet normal -0.136822 0.390777 0.91026
    outer loop
      vertex 75.0919 -5.2025 3.32015
      vertex 75.1382 -5.17406 3.3149
      vertex 71.1323 -5.3796 2.80101
    endloop
  endfacet
  facet normal -0.137437 0.0155403 0.990389
    outer loop
      vertex 75.1052 -4.83125 3.25352
      vertex 75.0838 -4.80064 3.25007
      vertex 71.1965 -4.84485 2.71132
    endloop
  endfacet
  facet normal -0.13701 -0.136967 0.981055
    outer loop
      vertex 71.1576 -4.67434 2.71132
      vertex 75.0873 -4.69058 3.25786
      vertex 71.1257 -4.64243 2.71132
    endloop
  endfacet
  facet normal -0.137015 -0.136644 0.981099
    outer loop
      vertex 75.1094 -4.71274 3.25786
      vertex 75.0873 -4.69058 3.25786
      vertex 71.1576 -4.67434 2.71132
    endloop
  endfacet
  facet normal -0.136632 -0.175523 0.974948
    outer loop
      vertex 75.099 -4.47143 3.29898
      vertex 71.3707 -4.3352 2.80101
      vertex 75.0379 -4.52185 3.28134
    endloop
  endfacet
  facet normal -0.137087 -0.175791 0.974836
    outer loop
      vertex 75.0379 -4.52185 3.28134
      vertex 75.0873 -4.69058 3.25786
      vertex 75.1071 -4.66565 3.26514
    endloop
  endfacet
  facet normal -0.136636 -0.175671 0.974921
    outer loop
      vertex 75.0873 -4.69058 3.25786
      vertex 75.0379 -4.52185 3.28134
      vertex 71.3707 -4.3352 2.80101
    endloop
  endfacet
  facet normal -0.137029 -0.218419 0.966186
    outer loop
      vertex 75.099 -4.47143 3.29898
      vertex 75.1378 -4.42703 3.31452
      vertex 71.3707 -4.3352 2.80101
    endloop
  endfacet
  facet normal -0.136174 -0.965544 0.22177
    outer loop
      vertex 71.3781 -3.14361 3.9055
      vertex 75.1045 -3.62545 4.0958
      vertex 71.398 -3.05616 4.29846
    endloop
  endfacet
  facet normal -0.136173 -0.965564 0.221681
    outer loop
      vertex 75.1045 -3.62545 4.0958
      vertex 71.3781 -3.14361 3.9055
      vertex 75.1176 -3.63084 4.08037
    endloop
  endfacet
  facet normal -0.136175 0.965534 0.221812
    outer loop
      vertex 71.3781 -6.45639 3.9055
      vertex 75.1045 -5.97455 4.09579
      vertex 75.1176 -5.96916 4.08037
    endloop
  endfacet
  facet normal -0.136174 0.965544 0.22177
    outer loop
      vertex 75.1045 -5.97455 4.09579
      vertex 71.3781 -6.45639 3.9055
      vertex 71.398 -6.54384 4.29846
    endloop
  endfacet
  facet normal -0.137437 0.0153219 0.990392
    outer loop
      vertex 71.1965 -4.84485 2.71132
      vertex 75.0833 -4.8 3.25
      vertex 71.2015 -4.8 2.71132
    endloop
  endfacet
  facet normal -0.137292 0.00107973 0.99053
    outer loop
      vertex 75.0833 -4.8 3.25
      vertex 71.1965 -4.84485 2.71132
      vertex 75.0838 -4.80064 3.25007
    endloop
  endfacet
  facet normal -0.136635 0.608339 0.781828
    outer loop
      vertex 75.1407 -5.44889 3.44073
      vertex 71.2131 -5.73365 2.9759
      vertex 75.0289 -5.57936 3.52271
    endloop
  endfacet
  facet normal -0.136635 0.608336 0.78183
    outer loop
      vertex 75.1349 -5.66284 3.60619
      vertex 75.0289 -5.57936 3.52271
      vertex 71.2131 -5.73365 2.9759
    endloop
  endfacet
  facet normal -0.136707 0.424564 0.895017
    outer loop
      vertex 75.14 -5.44823 3.44031
      vertex 71.2131 -5.73365 2.9759
      vertex 75.1407 -5.44889 3.44073
    endloop
  endfacet
  facet normal -0.136517 0.413518 0.900203
    outer loop
      vertex 71.2131 -5.73365 2.9759
      vertex 75.14 -5.44823 3.44031
      vertex 71.1323 -5.3796 2.80101
    endloop
  endfacet
  facet normal -0.137015 0.136644 0.981099
    outer loop
      vertex 71.1576 -4.92566 2.71132
      vertex 75.0873 -4.90942 3.25786
      vertex 75.1094 -4.88726 3.25786
    endloop
  endfacet
  facet normal -0.13701 0.136967 0.981055
    outer loop
      vertex 75.0873 -4.90942 3.25786
      vertex 71.1576 -4.92566 2.71132
      vertex 71.1257 -4.95757 2.71132
    endloop
  endfacet
  facet normal -0.137029 0.218419 0.966186
    outer loop
      vertex 75.1378 -5.17297 3.31452
      vertex 75.099 -5.12857 3.29898
      vertex 71.3707 -5.2648 2.80101
    endloop
  endfacet
  facet normal -0.137087 0.175791 0.974836
    outer loop
      vertex 75.0873 -4.90942 3.25786
      vertex 75.0379 -5.07815 3.28134
      vertex 75.1071 -4.93435 3.26514
    endloop
  endfacet
  facet normal -0.136636 0.175671 0.974921
    outer loop
      vertex 75.0379 -5.07815 3.28134
      vertex 75.0873 -4.90942 3.25786
      vertex 71.3707 -5.2648 2.80101
    endloop
  endfacet
  facet normal -0.136632 0.175523 0.974948
    outer loop
      vertex 75.099 -5.12857 3.29898
      vertex 75.0379 -5.07815 3.28134
      vertex 71.3707 -5.2648 2.80101
    endloop
  endfacet
  facet normal -0.136635 0.175652 0.974924
    outer loop
      vertex 71.3707 -5.2648 2.80101
      vertex 75.0873 -4.90942 3.25786
      vertex 71.1257 -4.95757 2.71132
    endloop
  endfacet
  facet normal -0.137446 -0.0863947 0.986734
    outer loop
      vertex 75.1094 -4.71274 3.25786
      vertex 75.1188 -4.73923 3.25685
      vertex 75.1204 -4.73024 3.25786
    endloop
  endfacet
  facet normal -0.137308 -0.0863465 0.986758
    outer loop
      vertex 75.1188 -4.73923 3.25685
      vertex 75.1094 -4.71274 3.25786
      vertex 71.1816 -4.71256 2.71132
    endloop
  endfacet
  facet normal -0.137309 -0.0862225 0.986768
    outer loop
      vertex 71.1816 -4.71256 2.71132
      vertex 75.1094 -4.71274 3.25786
      vertex 71.1576 -4.67434 2.71132
    endloop
  endfacet
  facet normal -0.13671 0.413584 0.900144
    outer loop
      vertex 75.0919 -5.2025 3.32015
      vertex 75.022 -5.34235 3.37379
      vertex 75.0993 -5.23516 3.33628
    endloop
  endfacet
  facet normal -0.13652 0.413513 0.900205
    outer loop
      vertex 75.022 -5.34235 3.37379
      vertex 75.0919 -5.2025 3.32015
      vertex 71.1323 -5.3796 2.80101
    endloop
  endfacet
  facet normal -0.136525 0.413432 0.900242
    outer loop
      vertex 75.14 -5.44823 3.44031
      vertex 75.022 -5.34235 3.37379
      vertex 71.1323 -5.3796 2.80101
    endloop
  endfacet
  facet normal -0.137407 -0.0479769 0.989352
    outer loop
      vertex 75.1053 -4.76841 3.25356
      vertex 75.1188 -4.73923 3.25685
      vertex 71.1816 -4.71256 2.71132
    endloop
  endfacet
  facet normal -0.137406 0.0480711 0.989348
    outer loop
      vertex 71.1816 -4.88744 2.71132
      vertex 75.1052 -4.83125 3.25352
      vertex 71.1965 -4.84485 2.71132
    endloop
  endfacet
  facet normal -0.13756 0.0757289 0.987594
    outer loop
      vertex 75.1052 -4.83125 3.25352
      vertex 71.1816 -4.88744 2.71132
      vertex 75.1053 -4.83159 3.25356
    endloop
  endfacet
  facet normal -0.136824 0.140091 0.980639
    outer loop
      vertex 71.1816 -4.88744 2.71132
      vertex 75.1188 -4.86084 3.25686
      vertex 75.1188 -4.86077 3.25685
    endloop
  endfacet
  facet normal -0.13731 0.0862226 0.986768
    outer loop
      vertex 75.1188 -4.86084 3.25686
      vertex 71.1816 -4.88744 2.71132
      vertex 71.1576 -4.92566 2.71132
    endloop
  endfacet
  facet normal -0.136635 -0.608336 0.78183
    outer loop
      vertex 75.1349 -3.93716 3.60619
      vertex 71.2131 -3.86635 2.9759
      vertex 75.0289 -4.02064 3.52271
    endloop
  endfacet
  facet normal -0.136633 -0.608369 0.781804
    outer loop
      vertex 75.1407 -4.1511 3.44073
      vertex 75.0289 -4.02064 3.52271
      vertex 71.2131 -3.86635 2.9759
    endloop
  endfacet
  facet normal -0.136108 0.990694 0.000249955
    outer loop
      vertex 75 -6.04897 4.50913
      vertex 71.398 -6.54384 4.52
      vertex 75.0089 -6.04775 4.52
    endloop
  endfacet
  facet normal -0.136109 0.990694 0
    outer loop
      vertex 75 -6.04897 4.49087
      vertex 71.398 -6.54384 4.52
      vertex 75 -6.04897 4.50913
    endloop
  endfacet
  facet normal -0.136108 0.990694 -2.80016e-05
    outer loop
      vertex 71.398 -6.54384 4.29846
      vertex 75 -6.04897 4.49087
      vertex 75.1095 -6.03393 4.35739
    endloop
  endfacet
  facet normal -0.136109 0.990694 0
    outer loop
      vertex 75 -6.04897 4.49087
      vertex 71.398 -6.54384 4.29846
      vertex 71.398 -6.54384 4.52
    endloop
  endfacet
  facet normal -0.136174 0.965542 0.221777
    outer loop
      vertex 75 -6.01907 4.22546
      vertex 71.398 -6.54384 4.29846
      vertex 75.1095 -6.03393 4.35739
    endloop
  endfacet
  facet normal -0.136143 0.96541 0.22237
    outer loop
      vertex 75 -6.01743 4.21834
      vertex 71.398 -6.54384 4.29846
      vertex 75 -6.01907 4.22546
    endloop
  endfacet
  facet normal -0.136178 0.965554 0.221725
    outer loop
      vertex 71.398 -6.54384 4.29846
      vertex 75 -6.01743 4.21834
      vertex 75.1045 -5.97455 4.09579
    endloop
  endfacet
  facet normal -7.01526e-09 0.111965 0.993712
    outer loop
      vertex 85 -4.8 3.25
      vertex 75.1204 -4.86976 3.25786
      vertex 85 -5.07815 3.28134
    endloop
  endfacet
  facet normal 2.27738e-06 0.111645 0.993748
    outer loop
      vertex 75.1188 -4.86077 3.25685
      vertex 75.1204 -4.86976 3.25786
      vertex 85 -4.8 3.25
    endloop
  endfacet
  facet normal 0.167313 0.139428 0.975995
    outer loop
      vertex 75.1204 -4.86976 3.25786
      vertex 75.1188 -4.86077 3.25685
      vertex 75.1188 -4.86084 3.25686
    endloop
  endfacet
  facet normal -1.72861e-07 0.112038 0.993704
    outer loop
      vertex 85 -4.8 3.25
      vertex 75.1053 -4.83159 3.25356
      vertex 75.1188 -4.86077 3.25685
    endloop
  endfacet
  facet normal -1.56905e-05 0.116837 0.993151
    outer loop
      vertex 85 -4.8 3.25
      vertex 75.1052 -4.83125 3.25352
      vertex 75.1053 -4.83159 3.25356
    endloop
  endfacet
  facet normal -2.13769e-07 0.111999 0.993708
    outer loop
      vertex 85 -4.8 3.25
      vertex 75.0838 -4.80064 3.25007
      vertex 75.1052 -4.83125 3.25352
    endloop
  endfacet
  facet normal 0 0.108727 0.994072
    outer loop
      vertex 75.0838 -4.80064 3.25007
      vertex 85 -4.8 3.25
      vertex 75.0833 -4.8 3.25
    endloop
  endfacet
  facet normal 1.33988e-06 0.112028 0.993705
    outer loop
      vertex 75.1192 -4.89504 3.26071
      vertex 85 -5.07815 3.28134
      vertex 75.1204 -4.86976 3.25786
    endloop
  endfacet
  facet normal 5.393e-07 0.111985 0.99371
    outer loop
      vertex 75.1071 -4.93435 3.26514
      vertex 85 -5.07815 3.28134
      vertex 75.1192 -4.89504 3.26071
    endloop
  endfacet
  facet normal 0 0.111948 0.993714
    outer loop
      vertex 85 -5.07815 3.28134
      vertex 75.1071 -4.93435 3.26514
      vertex 75.0379 -5.07815 3.28134
    endloop
  endfacet
  facet normal -4.19183e-07 -0.53204 0.846719
    outer loop
      vertex 85 -4.02064 3.52271
      vertex 75.1407 -4.1511 3.44073
      vertex 85 -4.25764 3.37379
    endloop
  endfacet
  facet normal 0 -0.532063 0.846705
    outer loop
      vertex 75.1407 -4.1511 3.44073
      vertex 85 -4.02064 3.52271
      vertex 75.0289 -4.02064 3.52271
    endloop
  endfacet
  facet normal 1.30638e-05 -0.531145 0.847281
    outer loop
      vertex 75.14 -4.15177 3.44031
      vertex 85 -4.25764 3.37379
      vertex 75.1407 -4.1511 3.44073
    endloop
  endfacet
  facet normal 0 -0.532018 0.846733
    outer loop
      vertex 85 -4.25764 3.37379
      vertex 75.14 -4.15177 3.44031
      vertex 75.022 -4.25764 3.37379
    endloop
  endfacet
  facet normal 0.000427555 -0.99371 -0.111983
    outer loop
      vertex 75 -3.55 4.5
      vertex 75.0089 -3.55225 4.52
      vertex 75 -3.55103 4.50914
    endloop
  endfacet
  facet normal -0 -0.993731 -0.111795
    outer loop
      vertex 85 -3.55 4.5
      vertex 75.0089 -3.55225 4.52
      vertex 75 -3.55 4.5
    endloop
  endfacet
  facet normal 0 -0.993731 -0.111795
    outer loop
      vertex 75.0089 -3.55225 4.52
      vertex 85 -3.55 4.5
      vertex 85 -3.55225 4.52
    endloop
  endfacet
  facet normal 0 -0.84673 0.532023
    outer loop
      vertex 75.1208 -3.74956 3.83706
      vertex 85 -3.67379 3.95765
      vertex 75.0085 -3.67379 3.95765
    endloop
  endfacet
  facet normal -4.52089e-07 -0.846713 0.53205
    outer loop
      vertex 75.1301 -3.75585 3.82705
      vertex 85 -3.67379 3.95765
      vertex 75.1208 -3.74956 3.83706
    endloop
  endfacet
  facet normal -2.48917e-06 -0.846835 0.531856
    outer loop
      vertex 85 -3.82271 3.72064
      vertex 75.1301 -3.75585 3.82705
      vertex 75.1201 -3.76203 3.81721
    endloop
  endfacet
  facet normal 0 -0.84672 0.532039
    outer loop
      vertex 85 -3.82271 3.72064
      vertex 75.1201 -3.76203 3.81721
      vertex 75.0217 -3.82271 3.72064
    endloop
  endfacet
  facet normal 3.207e-08 -0.846729 0.532024
    outer loop
      vertex 75.1301 -3.75585 3.82705
      vertex 85 -3.82271 3.72064
      vertex 85 -3.67379 3.95765
    endloop
  endfacet
  facet normal 1 -0 -0
    outer loop
      vertex 75 -6.01866 4.22185
      vertex 75 -6.01743 4.21834
      vertex 75 -6.01907 4.22546
    endloop
  endfacet
  facet normal 1 0 -0
    outer loop
      vertex 75 -3.58134 4.22185
      vertex 75 -3.58093 4.22546
      vertex 75 -3.58257 4.21834
    endloop
  endfacet
  facet normal 1 0 -0
    outer loop
      vertex 75 -6.04897 4.49087
      vertex 75 -6.04897 4.50913
      vertex 75 -6.05 4.5
    endloop
  endfacet
  facet normal 1 0 0
    outer loop
      vertex 75 -3.55 4.5
      vertex 75 -3.55103 4.50914
      vertex 75 -3.55103 4.49086
    endloop
  endfacet
  facet normal 0 0.993711 0.111976
    outer loop
      vertex 75.1095 -6.03393 4.35739
      vertex 75 -6.05 4.5
      vertex 85 -6.05 4.5
    endloop
  endfacet
  facet normal 0.000168178 0.993696 0.112104
    outer loop
      vertex 75 -6.05 4.5
      vertex 75.1095 -6.03393 4.35739
      vertex 75 -6.04897 4.49087
    endloop
  endfacet
  facet normal 1.7089e-07 0.993712 0.111965
    outer loop
      vertex 85 -6.01866 4.22185
      vertex 75.1095 -6.03393 4.35739
      vertex 85 -6.05 4.5
    endloop
  endfacet
  facet normal -0 0.993714 0.111952
    outer loop
      vertex 75 -6.01866 4.22185
      vertex 75.1095 -6.03393 4.35739
      vertex 85 -6.01866 4.22185
    endloop
  endfacet
  facet normal -0.00112282 0.993612 0.112848
    outer loop
      vertex 75.1095 -6.03393 4.35739
      vertex 75 -6.01866 4.22185
      vertex 75 -6.01907 4.22546
    endloop
  endfacet
  facet normal -7.01526e-09 -0.111965 0.993712
    outer loop
      vertex 85 -4.52185 3.28134
      vertex 75.1204 -4.73024 3.25786
      vertex 85 -4.8 3.25
    endloop
  endfacet
  facet normal 1.33988e-06 -0.112028 0.993705
    outer loop
      vertex 85 -4.52185 3.28134
      vertex 75.1192 -4.70496 3.26071
      vertex 75.1204 -4.73024 3.25786
    endloop
  endfacet
  facet normal -2.37847e-06 -0.111829 0.993727
    outer loop
      vertex 85 -4.52185 3.28134
      vertex 75.1103 -4.67608 3.26396
      vertex 75.1192 -4.70496 3.26071
    endloop
  endfacet
  facet normal 6.88371e-06 -0.112416 0.993661
    outer loop
      vertex 85 -4.52185 3.28134
      vertex 75.1071 -4.66565 3.26514
      vertex 75.1103 -4.67608 3.26396
    endloop
  endfacet
  facet normal 0 -0.111948 0.993714
    outer loop
      vertex 75.1071 -4.66565 3.26514
      vertex 85 -4.52185 3.28134
      vertex 75.0379 -4.52185 3.28134
    endloop
  endfacet
  facet normal 2.27738e-06 -0.111645 0.993748
    outer loop
      vertex 75.1188 -4.73923 3.25685
      vertex 85 -4.8 3.25
      vertex 75.1204 -4.73024 3.25786
    endloop
  endfacet
  facet normal -1.72861e-07 -0.112038 0.993704
    outer loop
      vertex 75.1053 -4.76841 3.25356
      vertex 85 -4.8 3.25
      vertex 75.1188 -4.73923 3.25685
    endloop
  endfacet
  facet normal -1.56905e-05 -0.116837 0.993151
    outer loop
      vertex 75.1052 -4.76875 3.25352
      vertex 85 -4.8 3.25
      vertex 75.1053 -4.76841 3.25356
    endloop
  endfacet
  facet normal -2.13769e-07 -0.111999 0.993708
    outer loop
      vertex 75.0838 -4.79936 3.25007
      vertex 85 -4.8 3.25
      vertex 75.1052 -4.76875 3.25352
    endloop
  endfacet
  facet normal 0 -0.108727 0.994072
    outer loop
      vertex 85 -4.8 3.25
      vertex 75.0838 -4.79936 3.25007
      vertex 75.0833 -4.8 3.25
    endloop
  endfacet
  facet normal 0 0.707107 0.707107
    outer loop
      vertex 85 -5.77729 3.72064
      vertex 75.1404 -5.66717 3.61052
      vertex 75.0217 -5.77729 3.72064
    endloop
  endfacet
  facet normal 4.90274e-17 0.707107 0.707107
    outer loop
      vertex 85 -5.57936 3.52271
      vertex 75.1404 -5.66717 3.61052
      vertex 85 -5.77729 3.72064
    endloop
  endfacet
  facet normal -1.21367e-15 0.707107 0.707107
    outer loop
      vertex 75.1404 -5.66717 3.61052
      vertex 85 -5.57936 3.52271
      vertex 75.1349 -5.66284 3.60619
    endloop
  endfacet
  facet normal 0 0.707107 0.707107
    outer loop
      vertex 75.1349 -5.66284 3.60619
      vertex 85 -5.57936 3.52271
      vertex 75.0289 -5.57936 3.52271
    endloop
  endfacet
  facet normal 0 0.846728 0.532025
    outer loop
      vertex 85 -5.92621 3.95765
      vertex 75.1301 -5.84415 3.82705
      vertex 75.0086 -5.92621 3.95765
    endloop
  endfacet
  facet normal 3.207e-08 0.846729 0.532024
    outer loop
      vertex 85 -5.77729 3.72064
      vertex 75.1301 -5.84415 3.82705
      vertex 85 -5.92621 3.95765
    endloop
  endfacet
  facet normal -2.48917e-06 0.846835 0.531856
    outer loop
      vertex 75.1301 -5.84415 3.82705
      vertex 85 -5.77729 3.72064
      vertex 75.1201 -5.83797 3.81721
    endloop
  endfacet
  facet normal 0 0.84672 0.532039
    outer loop
      vertex 75.1201 -5.83797 3.81721
      vertex 85 -5.77729 3.72064
      vertex 75.0217 -5.77729 3.72064
    endloop
  endfacet
  facet normal 0.000554206 -0.943732 0.33071
    outer loop
      vertex 75.1045 -3.62545 4.0958
      vertex 75 -3.58134 4.22185
      vertex 75 -3.58257 4.21834
    endloop
  endfacet
  facet normal 0 -0.943876 0.3303
    outer loop
      vertex 75 -3.58134 4.22185
      vertex 75.1045 -3.62545 4.0958
      vertex 85 -3.58134 4.22185
    endloop
  endfacet
  facet normal 7.38785e-06 -0.944057 0.329784
    outer loop
      vertex 75.1176 -3.63084 4.08037
      vertex 85 -3.58134 4.22185
      vertex 75.1045 -3.62545 4.0958
    endloop
  endfacet
  facet normal 0 -0.943863 0.330337
    outer loop
      vertex 85 -3.67379 3.95765
      vertex 75.1176 -3.63084 4.08037
      vertex 75.0085 -3.67379 3.95765
    endloop
  endfacet
  facet normal -6.96271e-07 -0.943881 0.330287
    outer loop
      vertex 75.1176 -3.63084 4.08037
      vertex 85 -3.67379 3.95765
      vertex 85 -3.58134 4.22185
    endloop
  endfacet
  facet normal 0 -0.707139 0.707075
    outer loop
      vertex 75.1404 -3.93282 3.61052
      vertex 85 -3.82271 3.72064
      vertex 75.0217 -3.82271 3.72064
    endloop
  endfacet
  facet normal 1.36565e-05 -0.706299 0.707913
    outer loop
      vertex 85 -4.02064 3.52271
      vertex 75.1404 -3.93282 3.61052
      vertex 75.1349 -3.93716 3.60619
    endloop
  endfacet
  facet normal 0 -0.707107 0.707107
    outer loop
      vertex 85 -4.02064 3.52271
      vertex 75.1349 -3.93716 3.60619
      vertex 75.0289 -4.02064 3.52271
    endloop
  endfacet
  facet normal -7.17176e-07 -0.707107 0.707107
    outer loop
      vertex 75.1404 -3.93282 3.61052
      vertex 85 -4.02064 3.52271
      vertex 85 -3.82271 3.72064
    endloop
  endfacet
  facet normal 0 0.943884 0.330277
    outer loop
      vertex 75.1045 -5.97455 4.09579
      vertex 75 -6.01866 4.22185
      vertex 85 -6.01866 4.22185
    endloop
  endfacet
  facet normal 0.000585853 0.943732 0.33071
    outer loop
      vertex 75 -6.01866 4.22185
      vertex 75.1045 -5.97455 4.09579
      vertex 75 -6.01743 4.21834
    endloop
  endfacet
  facet normal 4.36253e-06 0.943991 0.329972
    outer loop
      vertex 85 -6.01866 4.22185
      vertex 75.1176 -5.96916 4.08037
      vertex 75.1045 -5.97455 4.09579
    endloop
  endfacet
  facet normal -6.96271e-07 0.943881 0.330287
    outer loop
      vertex 85 -5.92621 3.95765
      vertex 75.1176 -5.96916 4.08037
      vertex 85 -6.01866 4.22185
    endloop
  endfacet
  facet normal 2.47391e-06 0.943801 0.330514
    outer loop
      vertex 75.1176 -5.96916 4.08037
      vertex 85 -5.92621 3.95765
      vertex 75.1041 -5.96383 4.06515
    endloop
  endfacet
  facet normal 0 0.943872 0.330311
    outer loop
      vertex 75.1041 -5.96383 4.06515
      vertex 85 -5.92621 3.95765
      vertex 75.0086 -5.92621 3.95765
    endloop
  endfacet
  facet normal 0 0.993731 -0.111795
    outer loop
      vertex 85 -6.05 4.5
      vertex 75.0089 -6.04775 4.52
      vertex 85 -6.04775 4.52
    endloop
  endfacet
  facet normal 0 0.993731 -0.111795
    outer loop
      vertex 75 -6.05 4.5
      vertex 75.0089 -6.04775 4.52
      vertex 85 -6.05 4.5
    endloop
  endfacet
  facet normal 0.000703171 0.993696 -0.112104
    outer loop
      vertex 75.0089 -6.04775 4.52
      vertex 75 -6.05 4.5
      vertex 75 -6.04897 4.50913
    endloop
  endfacet
  facet normal -4.70945e-10 -0.330276 0.943885
    outer loop
      vertex 85 -4.25764 3.37379
      vertex 75.1385 -4.42634 3.31476
      vertex 85 -4.52185 3.28134
    endloop
  endfacet
  facet normal 1.41749e-06 -0.330349 0.943859
    outer loop
      vertex 85 -4.25764 3.37379
      vertex 75.1382 -4.42594 3.3149
      vertex 75.1385 -4.42634 3.31476
    endloop
  endfacet
  facet normal 5.14992e-06 -0.330544 0.94379
    outer loop
      vertex 85 -4.25764 3.37379
      vertex 75.1303 -4.41095 3.32015
      vertex 75.1382 -4.42594 3.3149
    endloop
  endfacet
  facet normal -3.15938e-06 -0.330068 0.943957
    outer loop
      vertex 85 -4.25764 3.37379
      vertex 75.1095 -4.37992 3.331
      vertex 75.1303 -4.41095 3.32015
    endloop
  endfacet
  facet normal 2.29184e-06 -0.330461 0.94382
    outer loop
      vertex 85 -4.25764 3.37379
      vertex 75.0993 -4.36484 3.33628
      vertex 75.1095 -4.37992 3.331
    endloop
  endfacet
  facet normal 0 -0.330272 0.943886
    outer loop
      vertex 75.0993 -4.36484 3.33628
      vertex 85 -4.25764 3.37379
      vertex 75.022 -4.25764 3.37379
    endloop
  endfacet
  facet normal 1.88863e-05 -0.328538 0.944491
    outer loop
      vertex 75.1378 -4.42703 3.31452
      vertex 85 -4.52185 3.28134
      vertex 75.1385 -4.42634 3.31476
    endloop
  endfacet
  facet normal -6.64351e-07 -0.33035 0.943859
    outer loop
      vertex 75.099 -4.47143 3.29898
      vertex 85 -4.52185 3.28134
      vertex 75.1378 -4.42703 3.31452
    endloop
  endfacet
  facet normal 0 -0.330234 0.943899
    outer loop
      vertex 85 -4.52185 3.28134
      vertex 75.099 -4.47143 3.29898
      vertex 75.0379 -4.52185 3.28134
    endloop
  endfacet
  facet normal -1.76611e-07 0.532024 0.846729
    outer loop
      vertex 85 -5.34235 3.37379
      vertex 75.1407 -5.44889 3.44073
      vertex 85 -5.57936 3.52271
    endloop
  endfacet
  facet normal -7.26056e-05 0.536821 0.843696
    outer loop
      vertex 85 -5.34235 3.37379
      vertex 75.14 -5.44823 3.44031
      vertex 75.1407 -5.44889 3.44073
    endloop
  endfacet
  facet normal 0 0.531982 0.846756
    outer loop
      vertex 75.14 -5.44823 3.44031
      vertex 85 -5.34235 3.37379
      vertex 75.022 -5.34235 3.37379
    endloop
  endfacet
  facet normal 0 0.532033 0.846723
    outer loop
      vertex 85 -5.57936 3.52271
      vertex 75.1407 -5.44889 3.44073
      vertex 75.0289 -5.57936 3.52271
    endloop
  endfacet
  facet normal -1.21544e-07 0.330287 0.943881
    outer loop
      vertex 85 -5.07815 3.28134
      vertex 75.1385 -5.17366 3.31476
      vertex 85 -5.34235 3.37379
    endloop
  endfacet
  facet normal 1.88863e-05 0.328538 0.944491
    outer loop
      vertex 85 -5.07815 3.28134
      vertex 75.1378 -5.17297 3.31452
      vertex 75.1385 -5.17366 3.31476
    endloop
  endfacet
  facet normal -6.64351e-07 0.33035 0.943859
    outer loop
      vertex 85 -5.07815 3.28134
      vertex 75.099 -5.12857 3.29898
      vertex 75.1378 -5.17297 3.31452
    endloop
  endfacet
  facet normal 0 0.330234 0.943899
    outer loop
      vertex 75.099 -5.12857 3.29898
      vertex 85 -5.07815 3.28134
      vertex 75.0379 -5.07815 3.28134
    endloop
  endfacet
  facet normal 1.08674e-06 0.33035 0.943859
    outer loop
      vertex 75.1382 -5.17406 3.3149
      vertex 85 -5.34235 3.37379
      vertex 75.1385 -5.17366 3.31476
    endloop
  endfacet
  facet normal 4.81773e-06 0.330544 0.94379
    outer loop
      vertex 75.1303 -5.18905 3.32015
      vertex 85 -5.34235 3.37379
      vertex 75.1382 -5.17406 3.3149
    endloop
  endfacet
  facet normal -3.49036e-06 0.330068 0.943957
    outer loop
      vertex 75.1095 -5.22008 3.331
      vertex 85 -5.34235 3.37379
      vertex 75.1303 -5.18905 3.32015
    endloop
  endfacet
  facet normal 1.96049e-06 0.330461 0.94382
    outer loop
      vertex 75.0993 -5.23516 3.33628
      vertex 85 -5.34235 3.37379
      vertex 75.1095 -5.22008 3.331
    endloop
  endfacet
  facet normal 0 0.330299 0.943876
    outer loop
      vertex 85 -5.34235 3.37379
      vertex 75.0993 -5.23516 3.33628
      vertex 75.022 -5.34235 3.37379
    endloop
  endfacet
  facet normal 8.43953e-06 -0.99371 0.111983
    outer loop
      vertex 75.1095 -3.56607 4.35739
      vertex 75 -3.55 4.5
      vertex 75 -3.55103 4.49086
    endloop
  endfacet
  facet normal 0 -0.993711 0.111976
    outer loop
      vertex 75 -3.55 4.5
      vertex 75.1095 -3.56607 4.35739
      vertex 85 -3.55 4.5
    endloop
  endfacet
  facet normal -0.00112282 -0.993612 0.112848
    outer loop
      vertex 75 -3.58134 4.22185
      vertex 75.1095 -3.56607 4.35739
      vertex 75 -3.58093 4.22546
    endloop
  endfacet
  facet normal 0 -0.993714 0.111952
    outer loop
      vertex 75.1095 -3.56607 4.35739
      vertex 75 -3.58134 4.22185
      vertex 85 -3.58134 4.22185
    endloop
  endfacet
  facet normal 1.7089e-07 -0.993712 0.111965
    outer loop
      vertex 75.1095 -3.56607 4.35739
      vertex 85 -3.58134 4.22185
      vertex 85 -3.55 4.5
    endloop
  endfacet
  facet normal 0 0 -1
    outer loop
      vertex 0 -9.2 0
      vertex 100 9.2 0
      vertex 100 -9.2 0
    endloop
  endfacet
  facet normal -0 0 -1
    outer loop
      vertex 100 9.2 0
      vertex 0 -9.2 0
      vertex 0 9.2 0
    endloop
  endfacet
  facet normal 0 -0.846777 -0.531948
    outer loop
      vertex 0 -10.6073 0.677719
      vertex 100 -10.8217 1.01901
      vertex 0 -10.8217 1.01901
    endloop
  endfacet
  facet normal 0 -0.846777 -0.531948
    outer loop
      vertex 100 -10.8217 1.01901
      vertex 0 -10.6073 0.677719
      vertex 100 -10.6073 0.677719
    endloop
  endfacet
  facet normal 0 0.111964 -0.993712
    outer loop
      vertex 0 9.2 0
      vertex 100 9.60054 0.0451298
      vertex 100 9.2 0
    endloop
  endfacet
  facet normal 0 0.111964 -0.993712
    outer loop
      vertex 100 9.60054 0.0451298
      vertex 0 9.2 0
      vertex 0 9.60054 0.0451298
    endloop
  endfacet
  facet normal 0 0.99372 -0.111891
    outer loop
      vertex 100 10.9549 1.39946
      vertex 0 11 1.8
      vertex 100 11 1.8
    endloop
  endfacet
  facet normal 0 0.99372 -0.111891
    outer loop
      vertex 0 11 1.8
      vertex 100 10.9549 1.39946
      vertex 0 10.9549 1.39946
    endloop
  endfacet
  facet normal 0 0.707125 -0.707088
    outer loop
      vertex 100 10.3223 0.392704
      vertex 0 10.6073 0.677719
      vertex 100 10.6073 0.677719
    endloop
  endfacet
  facet normal 0 0.707125 -0.707088
    outer loop
      vertex 0 10.6073 0.677719
      vertex 100 10.3223 0.392704
      vertex 0 10.3223 0.392704
    endloop
  endfacet
  facet normal 0 0.846777 -0.531948
    outer loop
      vertex 100 10.6073 0.677719
      vertex 0 10.8217 1.01901
      vertex 100 10.8217 1.01901
    endloop
  endfacet
  facet normal 0 0.846777 -0.531948
    outer loop
      vertex 0 10.8217 1.01901
      vertex 100 10.6073 0.677719
      vertex 0 10.6073 0.677719
    endloop
  endfacet
  facet normal 0 1 -0
    outer loop
      vertex 100 11 1.8
      vertex 0 11 4.52
      vertex 100 11 4.52
    endloop
  endfacet
  facet normal 0 1 0
    outer loop
      vertex 0 11 4.52
      vertex 100 11 1.8
      vertex 0 11 1.8
    endloop
  endfacet
  facet normal 0 0.943825 -0.330444
    outer loop
      vertex 100 10.8217 1.01901
      vertex 0 10.9549 1.39946
      vertex 100 10.9549 1.39946
    endloop
  endfacet
  facet normal 0 0.943825 -0.330444
    outer loop
      vertex 0 10.9549 1.39946
      vertex 100 10.8217 1.01901
      vertex 0 10.8217 1.01901
    endloop
  endfacet
  facet normal 0 -0.943825 -0.330444
    outer loop
      vertex 0 -10.8217 1.01901
      vertex 100 -10.9549 1.39946
      vertex 0 -10.9549 1.39946
    endloop
  endfacet
  facet normal 0 -0.943825 -0.330444
    outer loop
      vertex 100 -10.9549 1.39946
      vertex 0 -10.8217 1.01901
      vertex 100 -10.8217 1.01901
    endloop
  endfacet
  facet normal 0 -0.111964 -0.993712
    outer loop
      vertex 0 -9.60054 0.0451298
      vertex 100 -9.2 0
      vertex 100 -9.60054 0.0451298
    endloop
  endfacet
  facet normal -0 -0.111964 -0.993712
    outer loop
      vertex 100 -9.2 0
      vertex 0 -9.60054 0.0451298
      vertex 0 -9.2 0
    endloop
  endfacet
  facet normal 0 -0.707125 -0.707088
    outer loop
      vertex 0 -10.3223 0.392704
      vertex 100 -10.6073 0.677719
      vertex 0 -10.6073 0.677719
    endloop
  endfacet
  facet normal 0 -0.707125 -0.707088
    outer loop
      vertex 100 -10.6073 0.677719
      vertex 0 -10.3223 0.392704
      vertex 100 -10.3223 0.392704
    endloop
  endfacet
  facet normal 0 0.53201 -0.846738
    outer loop
      vertex 0 9.98099 0.178257
      vertex 100 10.3223 0.392704
      vertex 100 9.98099 0.178257
    endloop
  endfacet
  facet normal 0 0.53201 -0.846738
    outer loop
      vertex 100 10.3223 0.392704
      vertex 0 9.98099 0.178257
      vertex 0 10.3223 0.392704
    endloop
  endfacet
  facet normal 0 0.330283 -0.943882
    outer loop
      vertex 0 9.60054 0.0451298
      vertex 100 9.98099 0.178257
      vertex 100 9.60054 0.0451298
    endloop
  endfacet
  facet normal 0 0.330283 -0.943882
    outer loop
      vertex 100 9.98099 0.178257
      vertex 0 9.60054 0.0451298
      vertex 0 9.98099 0.178257
    endloop
  endfacet
  facet normal 0 -1 0
    outer loop
      vertex 0 -11 1.8
      vertex 100 -11 4.52
      vertex 0 -11 4.52
    endloop
  endfacet
  facet normal 0 -1 -0
    outer loop
      vertex 100 -11 4.52
      vertex 0 -11 1.8
      vertex 100 -11 1.8
    endloop
  endfacet
  facet normal 0 -0.99372 -0.111891
    outer loop
      vertex 0 -10.9549 1.39946
      vertex 100 -11 1.8
      vertex 0 -11 1.8
    endloop
  endfacet
  facet normal 0 -0.99372 -0.111891
    outer loop
      vertex 100 -11 1.8
      vertex 0 -10.9549 1.39946
      vertex 100 -10.9549 1.39946
    endloop
  endfacet
  facet normal 0 -0.330283 -0.943882
    outer loop
      vertex 0 -9.98099 0.178257
      vertex 100 -9.60054 0.0451298
      vertex 100 -9.98099 0.178257
    endloop
  endfacet
  facet normal -0 -0.330283 -0.943882
    outer loop
      vertex 100 -9.60054 0.0451298
      vertex 0 -9.98099 0.178257
      vertex 0 -9.60054 0.0451298
    endloop
  endfacet
  facet normal 0 -0.53201 -0.846738
    outer loop
      vertex 0 -10.3223 0.392704
      vertex 100 -9.98099 0.178257
      vertex 100 -10.3223 0.392704
    endloop
  endfacet
  facet normal -0 -0.53201 -0.846738
    outer loop
      vertex 100 -9.98099 0.178257
      vertex 0 -10.3223 0.392704
      vertex 0 -9.98099 0.178257
    endloop
  endfacet
  facet normal 0 0 1
    outer loop
      vertex 100 11 4.52
      vertex 95 -1.25225 4.52
      vertex 100 -1.25225 4.52
    endloop
  endfacet
  facet normal -0 0 1
    outer loop
      vertex 89.2674 1.21072 4.52
      vertex 95 -1.25225 4.52
      vertex 89.3 1.5 4.52
    endloop
  endfacet
  facet normal -0 0 1
    outer loop
      vertex 89.1713 2.06405 4.52
      vertex 95 -1.25225 4.52
      vertex 100 11 4.52
    endloop
  endfacet
  facet normal 0 0 1
    outer loop
      vertex 95 -1.25225 4.52
      vertex 89.2674 1.78928 4.52
      vertex 89.3 1.5 4.52
    endloop
  endfacet
  facet normal 0 0 1
    outer loop
      vertex 95 -1.25225 4.52
      vertex 89.1713 2.06405 4.52
      vertex 89.2674 1.78928 4.52
    endloop
  endfacet
  facet normal 0 0 1
    outer loop
      vertex 100 11 4.52
      vertex 89.0164 2.31054 4.52
      vertex 89.1713 2.06405 4.52
    endloop
  endfacet
  facet normal 0 0 1
    outer loop
      vertex 100 11 4.52
      vertex 88.8105 2.51638 4.52
      vertex 89.0164 2.31054 4.52
    endloop
  endfacet
  facet normal 0 0 1
    outer loop
      vertex 100 11 4.52
      vertex 88.564 2.67126 4.52
      vertex 88.8105 2.51638 4.52
    endloop
  endfacet
  facet normal 0 0 1
    outer loop
      vertex 100 11 4.52
      vertex 88.2893 2.76741 4.52
      vertex 88.564 2.67126 4.52
    endloop
  endfacet
  facet normal 0 0 1
    outer loop
      vertex 100 11 4.52
      vertex 88 2.8 4.52
      vertex 88.2893 2.76741 4.52
    endloop
  endfacet
  facet normal 0 0 1
    outer loop
      vertex 100 11 4.52
      vertex 87.7107 2.76741 4.52
      vertex 88 2.8 4.52
    endloop
  endfacet
  facet normal 0 0 1
    outer loop
      vertex 100 11 4.52
      vertex 87.436 2.67126 4.52
      vertex 87.7107 2.76741 4.52
    endloop
  endfacet
  facet normal 0 0 1
    outer loop
      vertex 55.3817 -0.727551 4.52
      vertex 87.436 2.67126 4.52
      vertex 100 11 4.52
    endloop
  endfacet
  facet normal 0 0 1
    outer loop
      vertex 75.0089 -3.55225 4.52
      vertex 86.7 1.5 4.52
      vertex 86.7326 1.78928 4.52
    endloop
  endfacet
  facet normal 0 0 1
    outer loop
      vertex 75.0089 -3.55225 4.52
      vertex 86.7326 1.78928 4.52
      vertex 86.8287 2.06405 4.52
    endloop
  endfacet
  facet normal 0 0 1
    outer loop
      vertex 85 -2.80225 4.52
      vertex 75.0089 -3.55225 4.52
      vertex 85 -3.55225 4.52
    endloop
  endfacet
  facet normal 0 0 1
    outer loop
      vertex 86.7 1.5 4.52
      vertex 75.0089 -3.55225 4.52
      vertex 85 -2.80225 4.52
    endloop
  endfacet
  facet normal 0 0 1
    outer loop
      vertex 86.9836 2.31054 4.52
      vertex 75.0089 -3.55225 4.52
      vertex 86.8287 2.06405 4.52
    endloop
  endfacet
  facet normal 0 0 1
    outer loop
      vertex 71.398 -3.05616 4.52
      vertex 86.9836 2.31054 4.52
      vertex 87.1895 2.51638 4.52
    endloop
  endfacet
  facet normal 0 -0 1
    outer loop
      vertex 58.7029 -1.4662 4.52
      vertex 87.436 2.67126 4.52
      vertex 55.3817 -0.727551 4.52
    endloop
  endfacet
  facet normal 0 0 1
    outer loop
      vertex 86.9836 2.31054 4.52
      vertex 71.398 -3.05616 4.52
      vertex 75.0089 -3.55225 4.52
    endloop
  endfacet
  facet normal 0 0 1
    outer loop
      vertex 87.1895 2.51638 4.52
      vertex 71 -3.01132 4.52
      vertex 71.398 -3.05616 4.52
    endloop
  endfacet
  facet normal 0 0 1
    outer loop
      vertex 87.1895 2.51638 4.52
      vertex 65.3372 -2.6795 4.52
      vertex 71 -3.01132 4.52
    endloop
  endfacet
  facet normal 0 0 1
    outer loop
      vertex 71 -3.01132 4.52
      vertex 65.3372 -2.6795 4.52
      vertex 68.0659 -3.03995 4.52
    endloop
  endfacet
  facet normal 0 0 1
    outer loop
      vertex 87.1895 2.51638 4.52
      vertex 62.0212 -2.12351 4.52
      vertex 65.3372 -2.6795 4.52
    endloop
  endfacet
  facet normal 0 0 1
    outer loop
      vertex 87.436 2.67126 4.52
      vertex 62.0212 -2.12351 4.52
      vertex 87.1895 2.51638 4.52
    endloop
  endfacet
  facet normal 0 -0 1
    outer loop
      vertex 62.0212 -2.12351 4.52
      vertex 87.436 2.67126 4.52
      vertex 58.7029 -1.4662 4.52
    endloop
  endfacet
  facet normal 0 0 1
    outer loop
      vertex 100 11 4.52
      vertex 52.0574 0.0700045 4.52
      vertex 55.3817 -0.727551 4.52
    endloop
  endfacet
  facet normal 0 0 1
    outer loop
      vertex 100 11 4.52
      vertex 48.7295 0.902229 4.52
      vertex 52.0574 0.0700045 4.52
    endloop
  endfacet
  facet normal 0 0 1
    outer loop
      vertex 100 11 4.52
      vertex 45.398 1.74384 4.52
      vertex 48.7295 0.902229 4.52
    endloop
  endfacet
  facet normal 0 0 1
    outer loop
      vertex 100 11 4.52
      vertex 42.0628 2.56925 4.52
      vertex 45.398 1.74384 4.52
    endloop
  endfacet
  facet normal 0 0 1
    outer loop
      vertex 100 11 4.52
      vertex 38.724 3.3534 4.52
      vertex 42.0628 2.56925 4.52
    endloop
  endfacet
  facet normal 0 0 1
    outer loop
      vertex 100 11 4.52
      vertex 35.3817 4.07245 4.52
      vertex 38.724 3.3534 4.52
    endloop
  endfacet
  facet normal 0 0 1
    outer loop
      vertex 100 11 4.52
      vertex 32.0362 4.70456 4.52
      vertex 35.3817 4.07245 4.52
    endloop
  endfacet
  facet normal 0 0 1
    outer loop
      vertex 100 11 4.52
      vertex 28.6879 5.23051 4.52
      vertex 32.0362 4.70456 4.52
    endloop
  endfacet
  facet normal 0 0 1
    outer loop
      vertex 100 11 4.52
      vertex 25.3372 5.63434 4.52
      vertex 28.6879 5.23051 4.52
    endloop
  endfacet
  facet normal -0 0 1
    outer loop
      vertex 0 11 4.52
      vertex 25.3372 5.63434 4.52
      vertex 100 11 4.52
    endloop
  endfacet
  facet normal 0 0 1
    outer loop
      vertex 25.3372 5.63434 4.52
      vertex 0 11 4.52
      vertex 25 5.67233 4.52
    endloop
  endfacet
  facet normal 0 0 1
    outer loop
      vertex 25 5.67233 4.52
      vertex 0 11 4.52
      vertex 21.6667 5.93959 4.52
    endloop
  endfacet
  facet normal 0 0 1
    outer loop
      vertex 21.6667 5.93959 4.52
      vertex 15 6.79775 4.52
      vertex 18.3333 6.06412 4.52
    endloop
  endfacet
  facet normal 0 0 1
    outer loop
      vertex 21.6667 5.93959 4.52
      vertex 0 11 4.52
      vertex 15 6.79775 4.52
    endloop
  endfacet
  facet normal 0 0 1
    outer loop
      vertex 15 6.79775 4.52
      vertex 0 11 4.52
      vertex 5 8.34775 4.52
    endloop
  endfacet
  facet normal 0 0 1
    outer loop
      vertex 5 8.34775 4.52
      vertex 0 11 4.52
      vertex 0 8.34775 4.52
    endloop
  endfacet
  facet normal -0 0 1
    outer loop
      vertex 89.1713 0.93595 4.52
      vertex 95 -1.25225 4.52
      vertex 89.2674 1.21072 4.52
    endloop
  endfacet
  facet normal -0 0 1
    outer loop
      vertex 89.0164 0.689463 4.52
      vertex 95 -1.25225 4.52
      vertex 89.1713 0.93595 4.52
    endloop
  endfacet
  facet normal -0 0 1
    outer loop
      vertex 88.8105 0.483619 4.52
      vertex 95 -1.25225 4.52
      vertex 89.0164 0.689463 4.52
    endloop
  endfacet
  facet normal 0 0 1
    outer loop
      vertex 95 -1.25225 4.52
      vertex 88.8105 0.483619 4.52
      vertex 95 -2.80225 4.52
    endloop
  endfacet
  facet normal -0 0 1
    outer loop
      vertex 88.564 0.32874 4.52
      vertex 95 -2.80225 4.52
      vertex 88.8105 0.483619 4.52
    endloop
  endfacet
  facet normal -0 0 1
    outer loop
      vertex 88.2893 0.232594 4.52
      vertex 95 -2.80225 4.52
      vertex 88.564 0.32874 4.52
    endloop
  endfacet
  facet normal 0 0 1
    outer loop
      vertex 85 -2.80225 4.52
      vertex 88.2893 0.232594 4.52
      vertex 88 0.2 4.52
    endloop
  endfacet
  facet normal 0 0 1
    outer loop
      vertex 85 -2.80225 4.52
      vertex 88 0.2 4.52
      vertex 87.7107 0.232594 4.52
    endloop
  endfacet
  facet normal 0 0 1
    outer loop
      vertex 85 -2.80225 4.52
      vertex 87.7107 0.232594 4.52
      vertex 87.436 0.32874 4.52
    endloop
  endfacet
  facet normal 0 0 1
    outer loop
      vertex 88.2893 0.232594 4.52
      vertex 85 -2.80225 4.52
      vertex 95 -2.80225 4.52
    endloop
  endfacet
  facet normal 0 0 1
    outer loop
      vertex 87.1895 0.483619 4.52
      vertex 85 -2.80225 4.52
      vertex 87.436 0.32874 4.52
    endloop
  endfacet
  facet normal 0 0 1
    outer loop
      vertex 86.9836 0.689463 4.52
      vertex 85 -2.80225 4.52
      vertex 87.1895 0.483619 4.52
    endloop
  endfacet
  facet normal 0 0 1
    outer loop
      vertex 86.8287 0.93595 4.52
      vertex 85 -2.80225 4.52
      vertex 86.9836 0.689463 4.52
    endloop
  endfacet
  facet normal 0 0 1
    outer loop
      vertex 86.7326 1.21072 4.52
      vertex 85 -2.80225 4.52
      vertex 86.8287 0.93595 4.52
    endloop
  endfacet
  facet normal 0 0 1
    outer loop
      vertex 85 -2.80225 4.52
      vertex 86.7326 1.21072 4.52
      vertex 86.7 1.5 4.52
    endloop
  endfacet
  facet normal 0 0 1
    outer loop
      vertex 18.3333 6.06412 4.52
      vertex 15 6.79775 4.52
      vertex 15 6.04214 4.52
    endloop
  endfacet
  facet normal 0 0 1
    outer loop
      vertex 15 6.79775 4.52
      vertex 5 8.34775 4.52
      vertex 5 6.79775 4.52
    endloop
  endfacet
  facet normal 0 0 1
    outer loop
      vertex 85 -6.04775 4.52
      vertex 75.0089 -6.04775 4.52
      vertex 85 -6.79775 4.52
    endloop
  endfacet
  facet normal 0 0 1
    outer loop
      vertex 95 -6.79775 4.52
      vertex 85 -6.79775 4.52
      vertex 95 -8.34775 4.52
    endloop
  endfacet
  facet normal -0 0 1
    outer loop
      vertex 95 -8.34775 4.52
      vertex 100 -11 4.52
      vertex 100 -8.34775 4.52
    endloop
  endfacet
  facet normal 0 0 1
    outer loop
      vertex 85 -6.79775 4.52
      vertex 100 -11 4.52
      vertex 95 -8.34775 4.52
    endloop
  endfacet
  facet normal -0 0 1
    outer loop
      vertex 71.398 -6.54384 4.52
      vertex 85 -6.79775 4.52
      vertex 75.0089 -6.04775 4.52
    endloop
  endfacet
  facet normal 0 0 1
    outer loop
      vertex 85 -6.79775 4.52
      vertex 71.398 -6.54384 4.52
      vertex 100 -11 4.52
    endloop
  endfacet
  facet normal -0 0 1
    outer loop
      vertex 71 -6.58868 4.52
      vertex 100 -11 4.52
      vertex 71.398 -6.54384 4.52
    endloop
  endfacet
  facet normal 0 0 1
    outer loop
      vertex 15 -6.79775 4.52
      vertex 71 -6.58868 4.52
      vertex 15 -6.04214 4.52
    endloop
  endfacet
  facet normal 0 0 1
    outer loop
      vertex 0 -11 4.52
      vertex 71 -6.58868 4.52
      vertex 15 -6.79775 4.52
    endloop
  endfacet
  facet normal 0 0 1
    outer loop
      vertex 5 -8.34775 4.52
      vertex 15 -6.79775 4.52
      vertex 5 -6.79775 4.52
    endloop
  endfacet
  facet normal 0 0 1
    outer loop
      vertex 0 -11 4.52
      vertex 15 -6.79775 4.52
      vertex 5 -8.34775 4.52
    endloop
  endfacet
  facet normal 0 0 1
    outer loop
      vertex 0 -11 4.52
      vertex 5 -8.34775 4.52
      vertex 0 -8.34775 4.52
    endloop
  endfacet
  facet normal 0 0 1
    outer loop
      vertex 71 -6.58868 4.52
      vertex 0 -11 4.52
      vertex 100 -11 4.52
    endloop
  endfacet
  facet normal -0 0 1
    outer loop
      vertex 0 1.25225 4.52
      vertex 5 -1.25225 4.52
      vertex 5 1.25225 4.52
    endloop
  endfacet
  facet normal 0 0 1
    outer loop
      vertex 5 -1.25225 4.52
      vertex 0 1.25225 4.52
      vertex 0 -1.25225 4.52
    endloop
  endfacet
  facet normal 0 0 1
    outer loop
      vertex 15 2.80225 4.52
      vertex 10.3 0 4.52
      vertex 15 -2.80225 4.52
    endloop
  endfacet
  facet normal 0 0 1
    outer loop
      vertex 15 2.80225 4.52
      vertex 10.2674 0.289277 4.52
      vertex 10.3 0 4.52
    endloop
  endfacet
  facet normal 0 0 1
    outer loop
      vertex 15 2.80225 4.52
      vertex 10.1713 0.564049 4.52
      vertex 10.2674 0.289277 4.52
    endloop
  endfacet
  facet normal 0 0 1
    outer loop
      vertex 15 2.80225 4.52
      vertex 10.0164 0.810536 4.52
      vertex 10.1713 0.564049 4.52
    endloop
  endfacet
  facet normal 0 0 1
    outer loop
      vertex 15 2.80225 4.52
      vertex 9.81054 1.01638 4.52
      vertex 10.0164 0.810536 4.52
    endloop
  endfacet
  facet normal 0 0 1
    outer loop
      vertex 15 2.80225 4.52
      vertex 9.56405 1.17126 4.52
      vertex 9.81054 1.01638 4.52
    endloop
  endfacet
  facet normal 0 0 1
    outer loop
      vertex 15 2.80225 4.52
      vertex 9.28928 1.26741 4.52
      vertex 9.56405 1.17126 4.52
    endloop
  endfacet
  facet normal 0 0 1
    outer loop
      vertex 15 2.80225 4.52
      vertex 9 1.3 4.52
      vertex 9.28928 1.26741 4.52
    endloop
  endfacet
  facet normal -0 0 1
    outer loop
      vertex 5 2.80225 4.52
      vertex 9 1.3 4.52
      vertex 15 2.80225 4.52
    endloop
  endfacet
  facet normal 0 0 1
    outer loop
      vertex 7.82874 0.564049 4.52
      vertex 5 1.25225 4.52
      vertex 7.73259 0.289277 4.52
    endloop
  endfacet
  facet normal 0 0 1
    outer loop
      vertex 7.98362 0.810536 4.52
      vertex 5 1.25225 4.52
      vertex 7.82874 0.564049 4.52
    endloop
  endfacet
  facet normal -0 0 1
    outer loop
      vertex 5 1.25225 4.52
      vertex 7.98362 0.810536 4.52
      vertex 5 2.80225 4.52
    endloop
  endfacet
  facet normal 0 0 1
    outer loop
      vertex 8.18946 1.01638 4.52
      vertex 5 2.80225 4.52
      vertex 7.98362 0.810536 4.52
    endloop
  endfacet
  facet normal 0 0 1
    outer loop
      vertex 8.43595 1.17126 4.52
      vertex 5 2.80225 4.52
      vertex 8.18946 1.01638 4.52
    endloop
  endfacet
  facet normal 0 0 1
    outer loop
      vertex 8.71072 1.26741 4.52
      vertex 5 2.80225 4.52
      vertex 8.43595 1.17126 4.52
    endloop
  endfacet
  facet normal 0 0 1
    outer loop
      vertex 9 1.3 4.52
      vertex 5 2.80225 4.52
      vertex 8.71072 1.26741 4.52
    endloop
  endfacet
  facet normal 0 0 1
    outer loop
      vertex 15 -3.55786 4.52
      vertex 41.2705 -0.902229 4.52
      vertex 37.9426 -0.0700045 4.52
    endloop
  endfacet
  facet normal 0 0 1
    outer loop
      vertex 15 -3.55786 4.52
      vertex 37.9426 -0.0700045 4.52
      vertex 34.6183 0.727551 4.52
    endloop
  endfacet
  facet normal 0 0 1
    outer loop
      vertex 15 -3.55786 4.52
      vertex 34.6183 0.727551 4.52
      vertex 31.2971 1.4662 4.52
    endloop
  endfacet
  facet normal 0 0 1
    outer loop
      vertex 41.2705 -0.902229 4.52
      vertex 15 -3.55786 4.52
      vertex 44.602 -1.74384 4.52
    endloop
  endfacet
  facet normal 0 0 1
    outer loop
      vertex 15 -3.55786 4.52
      vertex 31.2971 1.4662 4.52
      vertex 27.9788 2.12351 4.52
    endloop
  endfacet
  facet normal 0 0 1
    outer loop
      vertex 15 -3.55786 4.52
      vertex 27.9788 2.12351 4.52
      vertex 24.6628 2.6795 4.52
    endloop
  endfacet
  facet normal 0 0 1
    outer loop
      vertex 44.602 -1.74384 4.52
      vertex 15 -3.55786 4.52
      vertex 47.9372 -2.56925 4.52
    endloop
  endfacet
  facet normal 0 0 1
    outer loop
      vertex 15 -3.55786 4.52
      vertex 24.6628 2.6795 4.52
      vertex 21.5104 3.09592 4.52
    endloop
  endfacet
  facet normal 0 0 1
    outer loop
      vertex 15 -2.80225 4.52
      vertex 21.5104 3.09592 4.52
      vertex 18.3333 3.39003 4.52
    endloop
  endfacet
  facet normal 0 0 1
    outer loop
      vertex 15 2.80225 4.52
      vertex 18.3333 3.39003 4.52
      vertex 15 3.55786 4.52
    endloop
  endfacet
  facet normal 0 0 1
    outer loop
      vertex 15 -2.80225 4.52
      vertex 18.3333 3.39003 4.52
      vertex 15 2.80225 4.52
    endloop
  endfacet
  facet normal 0 0 1
    outer loop
      vertex 21.5104 3.09592 4.52
      vertex 15 -2.80225 4.52
      vertex 15 -3.55786 4.52
    endloop
  endfacet
  facet normal 0 0 1
    outer loop
      vertex 47.9372 -2.56925 4.52
      vertex 15 -3.55786 4.52
      vertex 50.6645 -3.20979 4.52
    endloop
  endfacet
  facet normal -0 0 1
    outer loop
      vertex 10.2674 -0.289277 4.52
      vertex 15 -2.80225 4.52
      vertex 10.3 0 4.52
    endloop
  endfacet
  facet normal -0 0 1
    outer loop
      vertex 10.1713 -0.564049 4.52
      vertex 15 -2.80225 4.52
      vertex 10.2674 -0.289277 4.52
    endloop
  endfacet
  facet normal -0 0 1
    outer loop
      vertex 10.0164 -0.810536 4.52
      vertex 15 -2.80225 4.52
      vertex 10.1713 -0.564049 4.52
    endloop
  endfacet
  facet normal -0 0 1
    outer loop
      vertex 9.81054 -1.01638 4.52
      vertex 15 -2.80225 4.52
      vertex 10.0164 -0.810536 4.52
    endloop
  endfacet
  facet normal -0 0 1
    outer loop
      vertex 9.56405 -1.17126 4.52
      vertex 15 -2.80225 4.52
      vertex 9.81054 -1.01638 4.52
    endloop
  endfacet
  facet normal -0 0 1
    outer loop
      vertex 9.28928 -1.26741 4.52
      vertex 15 -2.80225 4.52
      vertex 9.56405 -1.17126 4.52
    endloop
  endfacet
  facet normal -0 0 1
    outer loop
      vertex 9 -1.3 4.52
      vertex 15 -2.80225 4.52
      vertex 9.28928 -1.26741 4.52
    endloop
  endfacet
  facet normal 0 0 1
    outer loop
      vertex 5 -2.80225 4.52
      vertex 9 -1.3 4.52
      vertex 8.71072 -1.26741 4.52
    endloop
  endfacet
  facet normal 0 0 1
    outer loop
      vertex 7.73259 0.289277 4.52
      vertex 5 1.25225 4.52
      vertex 7.7 0 4.52
    endloop
  endfacet
  facet normal 0 0 1
    outer loop
      vertex 5 -1.25225 4.52
      vertex 7.7 0 4.52
      vertex 5 1.25225 4.52
    endloop
  endfacet
  facet normal 0 0 1
    outer loop
      vertex 7.7 0 4.52
      vertex 5 -1.25225 4.52
      vertex 7.73259 -0.289277 4.52
    endloop
  endfacet
  facet normal 0 0 1
    outer loop
      vertex 7.73259 -0.289277 4.52
      vertex 5 -1.25225 4.52
      vertex 7.82874 -0.564049 4.52
    endloop
  endfacet
  facet normal 0 0 1
    outer loop
      vertex 7.82874 -0.564049 4.52
      vertex 5 -1.25225 4.52
      vertex 7.98362 -0.810536 4.52
    endloop
  endfacet
  facet normal 0 0 1
    outer loop
      vertex 5 -2.80225 4.52
      vertex 7.98362 -0.810536 4.52
      vertex 5 -1.25225 4.52
    endloop
  endfacet
  facet normal 0 0 1
    outer loop
      vertex 7.98362 -0.810536 4.52
      vertex 5 -2.80225 4.52
      vertex 8.18946 -1.01638 4.52
    endloop
  endfacet
  facet normal 0 0 1
    outer loop
      vertex 8.18946 -1.01638 4.52
      vertex 5 -2.80225 4.52
      vertex 8.43595 -1.17126 4.52
    endloop
  endfacet
  facet normal 0 0 1
    outer loop
      vertex 8.43595 -1.17126 4.52
      vertex 5 -2.80225 4.52
      vertex 8.71072 -1.26741 4.52
    endloop
  endfacet
  facet normal 0 0 1
    outer loop
      vertex 9 -1.3 4.52
      vertex 5 -2.80225 4.52
      vertex 15 -2.80225 4.52
    endloop
  endfacet
  facet normal -0.943934 -0.330136 0
    outer loop
      vertex 10.2674 0.289277 1
      vertex 10.1713 0.564049 4.52
      vertex 10.1713 0.564049 1
    endloop
  endfacet
  facet normal -0.943934 -0.330136 0
    outer loop
      vertex 10.1713 0.564049 4.52
      vertex 10.2674 0.289277 1
      vertex 10.2674 0.289277 4.52
    endloop
  endfacet
  facet normal -0.99371 -0.111986 0
    outer loop
      vertex 10.3 0 1
      vertex 10.2674 0.289277 4.52
      vertex 10.2674 0.289277 1
    endloop
  endfacet
  facet normal -0.99371 -0.111986 0
    outer loop
      vertex 10.2674 0.289277 4.52
      vertex 10.3 0 1
      vertex 10.3 0 4.52
    endloop
  endfacet
  facet normal -0.84669 -0.532086 0
    outer loop
      vertex 10.1713 0.564049 1
      vertex 10.0164 0.810536 4.52
      vertex 10.0164 0.810536 1
    endloop
  endfacet
  facet normal -0.84669 -0.532086 0
    outer loop
      vertex 10.0164 0.810536 4.52
      vertex 10.1713 0.564049 1
      vertex 10.1713 0.564049 4.52
    endloop
  endfacet
  facet normal -0.707079 0.707134 0
    outer loop
      vertex 9.81054 -1.01638 1
      vertex 10.0164 -0.810536 4.52
      vertex 10.0164 -0.810536 1
    endloop
  endfacet
  facet normal -0.707079 0.707134 0
    outer loop
      vertex 10.0164 -0.810536 4.52
      vertex 9.81054 -1.01638 1
      vertex 9.81054 -1.01638 4.52
    endloop
  endfacet
  facet normal -0.532032 -0.846724 0
    outer loop
      vertex 9.56405 1.17126 1
      vertex 9.81054 1.01638 4.52
      vertex 9.56405 1.17126 4.52
    endloop
  endfacet
  facet normal -0.532032 -0.846724 -0
    outer loop
      vertex 9.81054 1.01638 4.52
      vertex 9.56405 1.17126 1
      vertex 9.81054 1.01638 1
    endloop
  endfacet
  facet normal 0.532032 0.846724 -0
    outer loop
      vertex 8.43595 -1.17126 1
      vertex 8.18946 -1.01638 4.52
      vertex 8.43595 -1.17126 4.52
    endloop
  endfacet
  facet normal 0.532032 0.846724 0
    outer loop
      vertex 8.18946 -1.01638 4.52
      vertex 8.43595 -1.17126 1
      vertex 8.18946 -1.01638 1
    endloop
  endfacet
  facet normal 0.707114 0.7071 0
    outer loop
      vertex 8.18946 -1.01638 4.52
      vertex 7.98362 -0.810536 1
      vertex 7.98362 -0.810536 4.52
    endloop
  endfacet
  facet normal 0.707114 0.7071 0
    outer loop
      vertex 7.98362 -0.810536 1
      vertex 8.18946 -1.01638 4.52
      vertex 8.18946 -1.01638 1
    endloop
  endfacet
  facet normal 0.111951 -0.993714 0
    outer loop
      vertex 8.71072 1.26741 1
      vertex 9 1.3 4.52
      vertex 8.71072 1.26741 4.52
    endloop
  endfacet
  facet normal 0.111951 -0.993714 0
    outer loop
      vertex 9 1.3 4.52
      vertex 8.71072 1.26741 1
      vertex 9 1.3 1
    endloop
  endfacet
  facet normal -0.330291 -0.943879 0
    outer loop
      vertex 9.28928 1.26741 1
      vertex 9.56405 1.17126 4.52
      vertex 9.28928 1.26741 4.52
    endloop
  endfacet
  facet normal -0.330291 -0.943879 -0
    outer loop
      vertex 9.56405 1.17126 4.52
      vertex 9.28928 1.26741 1
      vertex 9.56405 1.17126 1
    endloop
  endfacet
  facet normal 0.111951 0.993714 -0
    outer loop
      vertex 9 -1.3 1
      vertex 8.71072 -1.26741 4.52
      vertex 9 -1.3 4.52
    endloop
  endfacet
  facet normal 0.111951 0.993714 0
    outer loop
      vertex 8.71072 -1.26741 4.52
      vertex 9 -1.3 1
      vertex 8.71072 -1.26741 1
    endloop
  endfacet
  facet normal 0.707114 -0.7071 0
    outer loop
      vertex 7.98362 0.810536 4.52
      vertex 8.18946 1.01638 1
      vertex 8.18946 1.01638 4.52
    endloop
  endfacet
  facet normal 0.707114 -0.7071 0
    outer loop
      vertex 8.18946 1.01638 1
      vertex 7.98362 0.810536 4.52
      vertex 7.98362 0.810536 1
    endloop
  endfacet
  facet normal -0.99371 0.111986 0
    outer loop
      vertex 10.2674 -0.289277 1
      vertex 10.3 0 4.52
      vertex 10.3 0 1
    endloop
  endfacet
  facet normal -0.99371 0.111986 0
    outer loop
      vertex 10.3 0 4.52
      vertex 10.2674 -0.289277 1
      vertex 10.2674 -0.289277 4.52
    endloop
  endfacet
  facet normal 0.330291 0.943879 -0
    outer loop
      vertex 8.71072 -1.26741 1
      vertex 8.43595 -1.17126 4.52
      vertex 8.71072 -1.26741 4.52
    endloop
  endfacet
  facet normal 0.330291 0.943879 0
    outer loop
      vertex 8.43595 -1.17126 4.52
      vertex 8.71072 -1.26741 1
      vertex 8.43595 -1.17126 1
    endloop
  endfacet
  facet normal 0.846721 -0.532037 0
    outer loop
      vertex 7.82874 0.564049 4.52
      vertex 7.98362 0.810536 1
      vertex 7.98362 0.810536 4.52
    endloop
  endfacet
  facet normal 0.846721 -0.532037 0
    outer loop
      vertex 7.98362 0.810536 1
      vertex 7.82874 0.564049 4.52
      vertex 7.82874 0.564049 1
    endloop
  endfacet
  facet normal 0.330291 -0.943879 0
    outer loop
      vertex 8.43595 1.17126 1
      vertex 8.71072 1.26741 4.52
      vertex 8.43595 1.17126 4.52
    endloop
  endfacet
  facet normal 0.330291 -0.943879 0
    outer loop
      vertex 8.71072 1.26741 4.52
      vertex 8.43595 1.17126 1
      vertex 8.71072 1.26741 1
    endloop
  endfacet
  facet normal 0.94388 0.330289 0
    outer loop
      vertex 7.82874 -0.564049 4.52
      vertex 7.73259 -0.289277 1
      vertex 7.73259 -0.289277 4.52
    endloop
  endfacet
  facet normal 0.94388 0.330289 0
    outer loop
      vertex 7.73259 -0.289277 1
      vertex 7.82874 -0.564049 4.52
      vertex 7.82874 -0.564049 1
    endloop
  endfacet
  facet normal -0.84669 0.532086 0
    outer loop
      vertex 10.0164 -0.810536 1
      vertex 10.1713 -0.564049 4.52
      vertex 10.1713 -0.564049 1
    endloop
  endfacet
  facet normal -0.84669 0.532086 0
    outer loop
      vertex 10.1713 -0.564049 4.52
      vertex 10.0164 -0.810536 1
      vertex 10.0164 -0.810536 4.52
    endloop
  endfacet
  facet normal -0.707079 -0.707134 0
    outer loop
      vertex 10.0164 0.810536 1
      vertex 9.81054 1.01638 4.52
      vertex 9.81054 1.01638 1
    endloop
  endfacet
  facet normal -0.707079 -0.707134 0
    outer loop
      vertex 9.81054 1.01638 4.52
      vertex 10.0164 0.810536 1
      vertex 10.0164 0.810536 4.52
    endloop
  endfacet
  facet normal 0 0 1
    outer loop
      vertex 10.2674 0.289277 1
      vertex 10.2674 -0.289277 1
      vertex 10.3 0 1
    endloop
  endfacet
  facet normal 0 0 1
    outer loop
      vertex 10.1713 0.564049 1
      vertex 10.2674 -0.289277 1
      vertex 10.2674 0.289277 1
    endloop
  endfacet
  facet normal 0 0 1
    outer loop
      vertex 10.1713 0.564049 1
      vertex 10.1713 -0.564049 1
      vertex 10.2674 -0.289277 1
    endloop
  endfacet
  facet normal 0 0 1
    outer loop
      vertex 10.0164 0.810536 1
      vertex 10.1713 -0.564049 1
      vertex 10.1713 0.564049 1
    endloop
  endfacet
  facet normal 0 0 1
    outer loop
      vertex 10.0164 0.810536 1
      vertex 10.0164 -0.810536 1
      vertex 10.1713 -0.564049 1
    endloop
  endfacet
  facet normal 0 0 1
    outer loop
      vertex 9.81054 1.01638 1
      vertex 10.0164 -0.810536 1
      vertex 10.0164 0.810536 1
    endloop
  endfacet
  facet normal 0 0 1
    outer loop
      vertex 9.81054 1.01638 1
      vertex 9.81054 -1.01638 1
      vertex 10.0164 -0.810536 1
    endloop
  endfacet
  facet normal 0 0 1
    outer loop
      vertex 9.56405 1.17126 1
      vertex 9.81054 -1.01638 1
      vertex 9.81054 1.01638 1
    endloop
  endfacet
  facet normal 0 0 1
    outer loop
      vertex 9.56405 1.17126 1
      vertex 9.56405 -1.17126 1
      vertex 9.81054 -1.01638 1
    endloop
  endfacet
  facet normal 0 0 1
    outer loop
      vertex 9.28928 1.26741 1
      vertex 9.56405 -1.17126 1
      vertex 9.56405 1.17126 1
    endloop
  endfacet
  facet normal 0 0 1
    outer loop
      vertex 9.28928 1.26741 1
      vertex 9.28928 -1.26741 1
      vertex 9.56405 -1.17126 1
    endloop
  endfacet
  facet normal 0 0 1
    outer loop
      vertex 9 1.3 1
      vertex 9.28928 -1.26741 1
      vertex 9.28928 1.26741 1
    endloop
  endfacet
  facet normal 0 0 1
    outer loop
      vertex 9 1.3 1
      vertex 9 -1.3 1
      vertex 9.28928 -1.26741 1
    endloop
  endfacet
  facet normal -0 0 1
    outer loop
      vertex 8.71072 1.26741 1
      vertex 9 -1.3 1
      vertex 9 1.3 1
    endloop
  endfacet
  facet normal 0 0 1
    outer loop
      vertex 8.71072 1.26741 1
      vertex 8.71072 -1.26741 1
      vertex 9 -1.3 1
    endloop
  endfacet
  facet normal -0 0 1
    outer loop
      vertex 8.43595 1.17126 1
      vertex 8.71072 -1.26741 1
      vertex 8.71072 1.26741 1
    endloop
  endfacet
  facet normal 0 0 1
    outer loop
      vertex 8.43595 1.17126 1
      vertex 8.43595 -1.17126 1
      vertex 8.71072 -1.26741 1
    endloop
  endfacet
  facet normal -0 0 1
    outer loop
      vertex 8.18946 1.01638 1
      vertex 8.43595 -1.17126 1
      vertex 8.43595 1.17126 1
    endloop
  endfacet
  facet normal 0 0 1
    outer loop
      vertex 8.18946 1.01638 1
      vertex 8.18946 -1.01638 1
      vertex 8.43595 -1.17126 1
    endloop
  endfacet
  facet normal -0 0 1
    outer loop
      vertex 7.98362 0.810536 1
      vertex 8.18946 -1.01638 1
      vertex 8.18946 1.01638 1
    endloop
  endfacet
  facet normal 0 0 1
    outer loop
      vertex 7.98362 0.810536 1
      vertex 7.98362 -0.810536 1
      vertex 8.18946 -1.01638 1
    endloop
  endfacet
  facet normal -0 0 1
    outer loop
      vertex 7.82874 0.564049 1
      vertex 7.98362 -0.810536 1
      vertex 7.98362 0.810536 1
    endloop
  endfacet
  facet normal 0 0 1
    outer loop
      vertex 7.82874 0.564049 1
      vertex 7.82874 -0.564049 1
      vertex 7.98362 -0.810536 1
    endloop
  endfacet
  facet normal -0 0 1
    outer loop
      vertex 7.73259 0.289277 1
      vertex 7.82874 -0.564049 1
      vertex 7.82874 0.564049 1
    endloop
  endfacet
  facet normal 0 0 1
    outer loop
      vertex 7.73259 0.289277 1
      vertex 7.73259 -0.289277 1
      vertex 7.82874 -0.564049 1
    endloop
  endfacet
  facet normal 0 -0 1
    outer loop
      vertex 7.73259 -0.289277 1
      vertex 7.73259 0.289277 1
      vertex 7.7 0 1
    endloop
  endfacet
  facet normal 0.94388 -0.330289 0
    outer loop
      vertex 7.73259 0.289277 4.52
      vertex 7.82874 0.564049 1
      vertex 7.82874 0.564049 4.52
    endloop
  endfacet
  facet normal 0.94388 -0.330289 0
    outer loop
      vertex 7.82874 0.564049 1
      vertex 7.73259 0.289277 4.52
      vertex 7.73259 0.289277 1
    endloop
  endfacet
  facet normal -0.330291 0.943879 0
    outer loop
      vertex 9.56405 -1.17126 1
      vertex 9.28928 -1.26741 4.52
      vertex 9.56405 -1.17126 4.52
    endloop
  endfacet
  facet normal -0.330291 0.943879 0
    outer loop
      vertex 9.28928 -1.26741 4.52
      vertex 9.56405 -1.17126 1
      vertex 9.28928 -1.26741 1
    endloop
  endfacet
  facet normal -0.111951 0.993714 0
    outer loop
      vertex 9.28928 -1.26741 1
      vertex 9 -1.3 4.52
      vertex 9.28928 -1.26741 4.52
    endloop
  endfacet
  facet normal -0.111951 0.993714 0
    outer loop
      vertex 9 -1.3 4.52
      vertex 9.28928 -1.26741 1
      vertex 9 -1.3 1
    endloop
  endfacet
  facet normal -0.111951 -0.993714 0
    outer loop
      vertex 9 1.3 1
      vertex 9.28928 1.26741 4.52
      vertex 9 1.3 4.52
    endloop
  endfacet
  facet normal -0.111951 -0.993714 -0
    outer loop
      vertex 9.28928 1.26741 4.52
      vertex 9 1.3 1
      vertex 9.28928 1.26741 1
    endloop
  endfacet
  facet normal 0.993714 -0.111952 0
    outer loop
      vertex 7.7 0 4.52
      vertex 7.73259 0.289277 1
      vertex 7.73259 0.289277 4.52
    endloop
  endfacet
  facet normal 0.993714 -0.111952 0
    outer loop
      vertex 7.73259 0.289277 1
      vertex 7.7 0 4.52
      vertex 7.7 0 1
    endloop
  endfacet
  facet normal -0.532032 0.846724 0
    outer loop
      vertex 9.81054 -1.01638 1
      vertex 9.56405 -1.17126 4.52
      vertex 9.81054 -1.01638 4.52
    endloop
  endfacet
  facet normal -0.532032 0.846724 0
    outer loop
      vertex 9.56405 -1.17126 4.52
      vertex 9.81054 -1.01638 1
      vertex 9.56405 -1.17126 1
    endloop
  endfacet
  facet normal 0.846721 0.532037 0
    outer loop
      vertex 7.98362 -0.810536 4.52
      vertex 7.82874 -0.564049 1
      vertex 7.82874 -0.564049 4.52
    endloop
  endfacet
  facet normal 0.846721 0.532037 0
    outer loop
      vertex 7.82874 -0.564049 1
      vertex 7.98362 -0.810536 4.52
      vertex 7.98362 -0.810536 1
    endloop
  endfacet
  facet normal 0.532032 -0.846724 0
    outer loop
      vertex 8.18946 1.01638 1
      vertex 8.43595 1.17126 4.52
      vertex 8.18946 1.01638 4.52
    endloop
  endfacet
  facet normal 0.532032 -0.846724 0
    outer loop
      vertex 8.43595 1.17126 4.52
      vertex 8.18946 1.01638 1
      vertex 8.43595 1.17126 1
    endloop
  endfacet
  facet normal -0.943934 0.330136 0
    outer loop
      vertex 10.1713 -0.564049 1
      vertex 10.2674 -0.289277 4.52
      vertex 10.2674 -0.289277 1
    endloop
  endfacet
  facet normal -0.943934 0.330136 0
    outer loop
      vertex 10.2674 -0.289277 4.52
      vertex 10.1713 -0.564049 1
      vertex 10.1713 -0.564049 4.52
    endloop
  endfacet
  facet normal 0.993714 0.111952 0
    outer loop
      vertex 7.73259 -0.289277 4.52
      vertex 7.7 0 1
      vertex 7.7 0 4.52
    endloop
  endfacet
  facet normal 0.993714 0.111952 0
    outer loop
      vertex 7.7 0 1
      vertex 7.73259 -0.289277 4.52
      vertex 7.73259 -0.289277 1
    endloop
  endfacet
  facet normal -0.330353 0.943857 0
    outer loop
      vertex 88.564 0.32874 1
      vertex 88.2893 0.232594 4.52
      vertex 88.564 0.32874 4.52
    endloop
  endfacet
  facet normal -0.330353 0.943857 0
    outer loop
      vertex 88.2893 0.232594 4.52
      vertex 88.564 0.32874 1
      vertex 88.2893 0.232594 1
    endloop
  endfacet
  facet normal -0.943933 -0.330138 0
    outer loop
      vertex 89.2674 1.78928 1
      vertex 89.1713 2.06405 4.52
      vertex 89.1713 2.06405 1
    endloop
  endfacet
  facet normal -0.943933 -0.330138 0
    outer loop
      vertex 89.1713 2.06405 4.52
      vertex 89.2674 1.78928 1
      vertex 89.2674 1.78928 4.52
    endloop
  endfacet
  facet normal -0.99371 -0.111985 0
    outer loop
      vertex 89.3 1.5 1
      vertex 89.2674 1.78928 4.52
      vertex 89.2674 1.78928 1
    endloop
  endfacet
  facet normal -0.99371 -0.111985 0
    outer loop
      vertex 89.2674 1.78928 4.52
      vertex 89.3 1.5 1
      vertex 89.3 1.5 4.52
    endloop
  endfacet
  facet normal -0.846693 -0.532081 0
    outer loop
      vertex 89.1713 2.06405 1
      vertex 89.0164 2.31054 4.52
      vertex 89.0164 2.31054 1
    endloop
  endfacet
  facet normal -0.846693 -0.532081 0
    outer loop
      vertex 89.0164 2.31054 4.52
      vertex 89.1713 2.06405 1
      vertex 89.1713 2.06405 4.52
    endloop
  endfacet
  facet normal 0.532014 0.846735 -0
    outer loop
      vertex 87.436 0.32874 1
      vertex 87.1895 0.483619 4.52
      vertex 87.436 0.32874 4.52
    endloop
  endfacet
  facet normal 0.532014 0.846735 0
    outer loop
      vertex 87.1895 0.483619 4.52
      vertex 87.436 0.32874 1
      vertex 87.1895 0.483619 1
    endloop
  endfacet
  facet normal -0.111957 0.993713 0
    outer loop
      vertex 88.2893 0.232594 1
      vertex 88 0.2 4.52
      vertex 88.2893 0.232594 4.52
    endloop
  endfacet
  facet normal -0.111957 0.993713 0
    outer loop
      vertex 88 0.2 4.52
      vertex 88.2893 0.232594 1
      vertex 88 0.2 1
    endloop
  endfacet
  facet normal -0.707004 -0.70721 0
    outer loop
      vertex 89.0164 2.31054 1
      vertex 88.8105 2.51638 4.52
      vertex 88.8105 2.51638 1
    endloop
  endfacet
  facet normal -0.707004 -0.70721 0
    outer loop
      vertex 88.8105 2.51638 4.52
      vertex 89.0164 2.31054 1
      vertex 89.0164 2.31054 4.52
    endloop
  endfacet
  facet normal -0.943933 0.330138 0
    outer loop
      vertex 89.1713 0.93595 1
      vertex 89.2674 1.21072 4.52
      vertex 89.2674 1.21072 1
    endloop
  endfacet
  facet normal -0.943933 0.330138 0
    outer loop
      vertex 89.2674 1.21072 4.52
      vertex 89.1713 0.93595 1
      vertex 89.1713 0.93595 4.52
    endloop
  endfacet
  facet normal 0.707011 0.707203 0
    outer loop
      vertex 87.1895 0.483619 4.52
      vertex 86.9836 0.689463 1
      vertex 86.9836 0.689463 4.52
    endloop
  endfacet
  facet normal 0.707011 0.707203 0
    outer loop
      vertex 86.9836 0.689463 1
      vertex 87.1895 0.483619 4.52
      vertex 87.1895 0.483619 1
    endloop
  endfacet
  facet normal -0.532014 0.846735 0
    outer loop
      vertex 88.8105 0.483619 1
      vertex 88.564 0.32874 4.52
      vertex 88.8105 0.483619 4.52
    endloop
  endfacet
  facet normal -0.532014 0.846735 0
    outer loop
      vertex 88.564 0.32874 4.52
      vertex 88.8105 0.483619 1
      vertex 88.564 0.32874 1
    endloop
  endfacet
  facet normal -0.707011 0.707203 0
    outer loop
      vertex 88.8105 0.483619 1
      vertex 89.0164 0.689463 4.52
      vertex 89.0164 0.689463 1
    endloop
  endfacet
  facet normal -0.707011 0.707203 0
    outer loop
      vertex 89.0164 0.689463 4.52
      vertex 88.8105 0.483619 1
      vertex 88.8105 0.483619 4.52
    endloop
  endfacet
  facet normal -0.330366 -0.943853 0
    outer loop
      vertex 88.2893 2.76741 1
      vertex 88.564 2.67126 4.52
      vertex 88.2893 2.76741 4.52
    endloop
  endfacet
  facet normal -0.330366 -0.943853 -0
    outer loop
      vertex 88.564 2.67126 4.52
      vertex 88.2893 2.76741 1
      vertex 88.564 2.67126 1
    endloop
  endfacet
  facet normal -0.532017 -0.846734 0
    outer loop
      vertex 88.564 2.67126 1
      vertex 88.8105 2.51638 4.52
      vertex 88.564 2.67126 4.52
    endloop
  endfacet
  facet normal -0.532017 -0.846734 -0
    outer loop
      vertex 88.8105 2.51638 4.52
      vertex 88.564 2.67126 1
      vertex 88.8105 2.51638 1
    endloop
  endfacet
  facet normal 0.943933 0.330138 0
    outer loop
      vertex 86.8287 0.93595 4.52
      vertex 86.7326 1.21072 1
      vertex 86.7326 1.21072 4.52
    endloop
  endfacet
  facet normal 0.943933 0.330138 0
    outer loop
      vertex 86.7326 1.21072 1
      vertex 86.8287 0.93595 4.52
      vertex 86.8287 0.93595 1
    endloop
  endfacet
  facet normal 0.99371 0.111985 0
    outer loop
      vertex 86.7326 1.21072 4.52
      vertex 86.7 1.5 1
      vertex 86.7 1.5 4.52
    endloop
  endfacet
  facet normal 0.99371 0.111985 0
    outer loop
      vertex 86.7 1.5 1
      vertex 86.7326 1.21072 4.52
      vertex 86.7326 1.21072 1
    endloop
  endfacet
  facet normal -0.99371 0.111985 0
    outer loop
      vertex 89.2674 1.21072 1
      vertex 89.3 1.5 4.52
      vertex 89.3 1.5 1
    endloop
  endfacet
  facet normal -0.99371 0.111985 0
    outer loop
      vertex 89.3 1.5 4.52
      vertex 89.2674 1.21072 1
      vertex 89.2674 1.21072 4.52
    endloop
  endfacet
  facet normal 0 0 1
    outer loop
      vertex 89.2674 1.78928 1
      vertex 89.2674 1.21072 1
      vertex 89.3 1.5 1
    endloop
  endfacet
  facet normal 0 0 1
    outer loop
      vertex 89.1713 2.06405 1
      vertex 89.2674 1.21072 1
      vertex 89.2674 1.78928 1
    endloop
  endfacet
  facet normal 0 0 1
    outer loop
      vertex 89.1713 2.06405 1
      vertex 89.1713 0.93595 1
      vertex 89.2674 1.21072 1
    endloop
  endfacet
  facet normal 0 0 1
    outer loop
      vertex 89.0164 2.31054 1
      vertex 89.1713 0.93595 1
      vertex 89.1713 2.06405 1
    endloop
  endfacet
  facet normal 0 0 1
    outer loop
      vertex 89.0164 2.31054 1
      vertex 89.0164 0.689463 1
      vertex 89.1713 0.93595 1
    endloop
  endfacet
  facet normal 0 0 1
    outer loop
      vertex 88.8105 2.51638 1
      vertex 89.0164 0.689463 1
      vertex 89.0164 2.31054 1
    endloop
  endfacet
  facet normal 0 0 1
    outer loop
      vertex 88.8105 2.51638 1
      vertex 88.8105 0.483619 1
      vertex 89.0164 0.689463 1
    endloop
  endfacet
  facet normal 0 0 1
    outer loop
      vertex 88.564 2.67126 1
      vertex 88.8105 0.483619 1
      vertex 88.8105 2.51638 1
    endloop
  endfacet
  facet normal 0 0 1
    outer loop
      vertex 88.564 2.67126 1
      vertex 88.564 0.32874 1
      vertex 88.8105 0.483619 1
    endloop
  endfacet
  facet normal 0 0 1
    outer loop
      vertex 88.2893 2.76741 1
      vertex 88.564 0.32874 1
      vertex 88.564 2.67126 1
    endloop
  endfacet
  facet normal 0 0 1
    outer loop
      vertex 88.2893 2.76741 1
      vertex 88.2893 0.232594 1
      vertex 88.564 0.32874 1
    endloop
  endfacet
  facet normal 0 0 1
    outer loop
      vertex 88 2.8 1
      vertex 88.2893 0.232594 1
      vertex 88.2893 2.76741 1
    endloop
  endfacet
  facet normal 0 0 1
    outer loop
      vertex 88 2.8 1
      vertex 88 0.2 1
      vertex 88.2893 0.232594 1
    endloop
  endfacet
  facet normal -0 0 1
    outer loop
      vertex 87.7107 2.76741 1
      vertex 88 0.2 1
      vertex 88 2.8 1
    endloop
  endfacet
  facet normal 0 0 1
    outer loop
      vertex 87.7107 2.76741 1
      vertex 87.7107 0.232594 1
      vertex 88 0.2 1
    endloop
  endfacet
  facet normal -0 0 1
    outer loop
      vertex 87.436 2.67126 1
      vertex 87.7107 0.232594 1
      vertex 87.7107 2.76741 1
    endloop
  endfacet
  facet normal 0 0 1
    outer loop
      vertex 87.436 2.67126 1
      vertex 87.436 0.32874 1
      vertex 87.7107 0.232594 1
    endloop
  endfacet
  facet normal -0 0 1
    outer loop
      vertex 87.1895 2.51638 1
      vertex 87.436 0.32874 1
      vertex 87.436 2.67126 1
    endloop
  endfacet
  facet normal 0 0 1
    outer loop
      vertex 87.1895 2.51638 1
      vertex 87.1895 0.483619 1
      vertex 87.436 0.32874 1
    endloop
  endfacet
  facet normal -0 0 1
    outer loop
      vertex 86.9836 2.31054 1
      vertex 87.1895 0.483619 1
      vertex 87.1895 2.51638 1
    endloop
  endfacet
  facet normal 0 0 1
    outer loop
      vertex 86.9836 2.31054 1
      vertex 86.9836 0.689463 1
      vertex 87.1895 0.483619 1
    endloop
  endfacet
  facet normal -0 0 1
    outer loop
      vertex 86.8287 2.06405 1
      vertex 86.9836 0.689463 1
      vertex 86.9836 2.31054 1
    endloop
  endfacet
  facet normal 0 0 1
    outer loop
      vertex 86.8287 2.06405 1
      vertex 86.8287 0.93595 1
      vertex 86.9836 0.689463 1
    endloop
  endfacet
  facet normal -0 0 1
    outer loop
      vertex 86.7326 1.78928 1
      vertex 86.8287 0.93595 1
      vertex 86.8287 2.06405 1
    endloop
  endfacet
  facet normal 0 0 1
    outer loop
      vertex 86.7326 1.78928 1
      vertex 86.7326 1.21072 1
      vertex 86.8287 0.93595 1
    endloop
  endfacet
  facet normal 0 -0 1
    outer loop
      vertex 86.7326 1.21072 1
      vertex 86.7326 1.78928 1
      vertex 86.7 1.5 1
    endloop
  endfacet
  facet normal 0.111943 -0.993715 0
    outer loop
      vertex 87.7107 2.76741 1
      vertex 88 2.8 4.52
      vertex 87.7107 2.76741 4.52
    endloop
  endfacet
  facet normal 0.111943 -0.993715 0
    outer loop
      vertex 88 2.8 4.52
      vertex 87.7107 2.76741 1
      vertex 88 2.8 1
    endloop
  endfacet
  facet normal 0.707004 -0.70721 0
    outer loop
      vertex 86.9836 2.31054 4.52
      vertex 87.1895 2.51638 1
      vertex 87.1895 2.51638 4.52
    endloop
  endfacet
  facet normal 0.707004 -0.70721 0
    outer loop
      vertex 87.1895 2.51638 1
      vertex 86.9836 2.31054 4.52
      vertex 86.9836 2.31054 1
    endloop
  endfacet
  facet normal 0.943933 -0.330138 0
    outer loop
      vertex 86.7326 1.78928 4.52
      vertex 86.8287 2.06405 1
      vertex 86.8287 2.06405 4.52
    endloop
  endfacet
  facet normal 0.943933 -0.330138 0
    outer loop
      vertex 86.8287 2.06405 1
      vertex 86.7326 1.78928 4.52
      vertex 86.7326 1.78928 1
    endloop
  endfacet
  facet normal -0.84669 0.532086 0
    outer loop
      vertex 89.0164 0.689463 1
      vertex 89.1713 0.93595 4.52
      vertex 89.1713 0.93595 1
    endloop
  endfacet
  facet normal -0.84669 0.532086 0
    outer loop
      vertex 89.1713 0.93595 4.52
      vertex 89.0164 0.689463 1
      vertex 89.0164 0.689463 4.52
    endloop
  endfacet
  facet normal 0.846693 -0.532081 0
    outer loop
      vertex 86.8287 2.06405 4.52
      vertex 86.9836 2.31054 1
      vertex 86.9836 2.31054 4.52
    endloop
  endfacet
  facet normal 0.846693 -0.532081 0
    outer loop
      vertex 86.9836 2.31054 1
      vertex 86.8287 2.06405 4.52
      vertex 86.8287 2.06405 1
    endloop
  endfacet
  facet normal 0.532017 -0.846734 0
    outer loop
      vertex 87.1895 2.51638 1
      vertex 87.436 2.67126 4.52
      vertex 87.1895 2.51638 4.52
    endloop
  endfacet
  facet normal 0.532017 -0.846734 0
    outer loop
      vertex 87.436 2.67126 4.52
      vertex 87.1895 2.51638 1
      vertex 87.436 2.67126 1
    endloop
  endfacet
  facet normal 0.99371 -0.111985 0
    outer loop
      vertex 86.7 1.5 4.52
      vertex 86.7326 1.78928 1
      vertex 86.7326 1.78928 4.52
    endloop
  endfacet
  facet normal 0.99371 -0.111985 0
    outer loop
      vertex 86.7326 1.78928 1
      vertex 86.7 1.5 4.52
      vertex 86.7 1.5 1
    endloop
  endfacet
  facet normal 0.84669 0.532086 0
    outer loop
      vertex 86.9836 0.689463 4.52
      vertex 86.8287 0.93595 1
      vertex 86.8287 0.93595 4.52
    endloop
  endfacet
  facet normal 0.84669 0.532086 0
    outer loop
      vertex 86.8287 0.93595 1
      vertex 86.9836 0.689463 4.52
      vertex 86.9836 0.689463 1
    endloop
  endfacet
  facet normal -0.111943 -0.993715 0
    outer loop
      vertex 88 2.8 1
      vertex 88.2893 2.76741 4.52
      vertex 88 2.8 4.52
    endloop
  endfacet
  facet normal -0.111943 -0.993715 -0
    outer loop
      vertex 88.2893 2.76741 4.52
      vertex 88 2.8 1
      vertex 88.2893 2.76741 1
    endloop
  endfacet
  facet normal 0.330366 -0.943853 0
    outer loop
      vertex 87.436 2.67126 1
      vertex 87.7107 2.76741 4.52
      vertex 87.436 2.67126 4.52
    endloop
  endfacet
  facet normal 0.330366 -0.943853 0
    outer loop
      vertex 87.7107 2.76741 4.52
      vertex 87.436 2.67126 1
      vertex 87.7107 2.76741 1
    endloop
  endfacet
  facet normal 0.330353 0.943857 -0
    outer loop
      vertex 87.7107 0.232594 1
      vertex 87.436 0.32874 4.52
      vertex 87.7107 0.232594 4.52
    endloop
  endfacet
  facet normal 0.330353 0.943857 0
    outer loop
      vertex 87.436 0.32874 4.52
      vertex 87.7107 0.232594 1
      vertex 87.436 0.32874 1
    endloop
  endfacet
  facet normal 0.111957 0.993713 -0
    outer loop
      vertex 88 0.2 1
      vertex 87.7107 0.232594 4.52
      vertex 88 0.2 4.52
    endloop
  endfacet
  facet normal 0.111957 0.993713 0
    outer loop
      vertex 87.7107 0.232594 4.52
      vertex 88 0.2 1
      vertex 87.7107 0.232594 1
    endloop
  endfacet
endsolid OpenSCAD_Model
